TX,RY,Intensity,sigma_x,sigma_y,astigmatism
-4.0,-0.1,11991.000000000007,0.019837866198741,0.0223897524065634,-335.16800659657804
-4.0,-0.0975,12373.000000000004,0.0198714550454904,0.0225825000946039,-344.6093588950732
-4.0,-0.095,12754.000000000004,0.0199079500710921,0.0228345717250458,-377.6540919398063
-4.0,-0.0925,13155.00000000001,0.0198788783229496,0.0230921823401408,-379.8392084106369
-4.0,-0.09,13537.00000000001,0.0198851332052302,0.0232922980753705,-391.81612038754895
-4.0,-0.0875,13882.000000000004,0.0198877026967821,0.0235420106639512,-405.50401978973406
-4.0,-0.085,14270.000000000013,0.0199248823131461,0.0237666615521252,-436.30179344465057
-4.0,-0.0825,14642.000000000007,0.0199477738275572,0.0239533057742347,-436.3017934446505
-4.0,-0.08,15026.000000000004,0.0199662359193825,0.0241558715851025,-441.43475572047
-4.0,-0.0775,15410.000000000013,0.0199974408474983,0.0243880596940005,-440.8575551432695
-4.0,-0.075,15821.000000000007,0.0200648238953012,0.0246369788350673,-446.8150896722326
-4.0,-0.0725,16169.000000000004,0.0201002316692568,0.0248673445853781,-470.6452277880849
-4.0,-0.07,16534.00000000001,0.0201301841619811,0.0250903974220844,-494.47536590393736
-4.0,-0.0675,16926.000000000007,0.0201411291690823,0.0253029063904096,-500.4329004329005
-4.0,-0.065,17325.00000000001,0.0201504551806998,0.0255493745941188,-512.3479694908267
-4.0,-0.0625,17695.000000000007,0.0201842223495203,0.0257952947854422,-522.3252937538653
-4.0,-0.06,18057.000000000007,0.0202026275669201,0.0259853880009495,-535.0649350649351
-4.0,-0.0575,18386.00000000001,0.0202088178955544,0.0262454351941787,-535.0649350649351
-4.0,-0.055,18765.000000000007,0.0202510535634969,0.0264908115973384,-547.8045763760049
-4.0,-0.0525,19018.00000000001,0.0203260324932109,0.0267082781876519,-556.1327561327562
-4.0,-0.05,19022.00000000001,0.0203596513094817,0.0269467828431539,-569.6969696969697
-4.0,-0.0475,19032.000000000007,0.0203824946771814,0.0271892818732692,-576.4790764790765
-4.0,-0.045,19039.00000000001,0.0204135180012884,0.0274266078595261,-582.7458256029685
-4.0,-0.0425,19053.000000000007,0.0204482855993782,0.0276602123976949,-604.3290043290044
-4.0,-0.04,19054.00000000001,0.0204789655854215,0.0279008893673715,-604.3290043290044
-4.0,-0.0375,19054.00000000001,0.0205114348655988,0.0281386603373063,-611.523397237683
-4.0,-0.035,19048.000000000007,0.0205419205920828,0.0283711713058961,-618.7177901463616
-4.0,-0.0325,19045.00000000001,0.0205804432608477,0.0286132158266026,-625.9121830550403
-4.0,-0.03,19053.000000000007,0.020620333077432,0.0288572861245104,-640.3009688723974
-4.0,-0.0275,19059.00000000001,0.0206512223102806,0.0290918711122879,-646.5677179962895
-4.0,-0.025,19069.000000000007,0.0206868734729805,0.0293292776232168,-654.1743970315399
-4.0,-0.0225,19077.00000000001,0.0207230862574887,0.0295665359810431,-665.5741084312513
-4.0,-0.02,19079.000000000007,0.0207534046657874,0.0298097729573142,-673.5930735930735
-4.0,-0.0175,19076.00000000001,0.0207988903271906,0.0300431672997501,-681.6120387548958
-4.0,-0.015,19085.000000000007,0.0208383302808982,0.0302889187782223,-681.6120387548958
-4.0,-0.0124999999999999,19086.00000000001,0.0208744204980786,0.0305297132752993,-713.6878994021852
-4.0,-0.01,19109.00000000001,0.0209209886707442,0.0307694415985981,-713.6878994021852
-4.0,-0.0075,19102.00000000001,0.0209628483664247,0.0310029237857279,-729.7258297258297
-4.0,-0.005,19120.00000000001,0.0209966731900557,0.0312482691274425,-733.5188620902904
-4.0,-0.0025,19115.00000000001,0.0210385755228414,0.0314823779381886,-733.5188620902904
-4.0,0.0,19120.000000000007,0.0210789897093305,0.0317342495181421,-733.5188620902904
-4.0,0.0025,19134.00000000001,0.0211327481329166,0.0319752121343359,-751.7006802721087
-4.0,0.0049999999999999,19138.00000000001,0.0211744175628171,0.0322165682319421,-742.8571428571427
-4.0,0.0074999999999999,19145.00000000001,0.021217776810724,0.0324612543351235,-769.3877551020407
-4.0,0.0099999999999999,19134.000000000007,0.0212627020854196,0.0326966781540892,-778.2312925170066
-4.0,0.0124999999999999,19147.00000000001,0.0213095686906695,0.0329399908835959,-787.0748299319725
-4.0,0.015,19149.000000000007,0.021359248659683,0.0331861539361394,-795.9183673469386
-4.0,0.0175,19160.00000000001,0.0214073295914133,0.0334377133336854,-804.7619047619046
-4.0,0.0199999999999999,19164.000000000007,0.021458068275154,0.0336878866783801,-814.5124716553288
-4.0,0.0224999999999999,19166.00000000001,0.0215027378229927,0.0339317176956769,-821.7893217893218
-4.0,0.0249999999999999,19167.000000000007,0.0215505835060481,0.0341762507538969,-831.4574314574314
-4.0,0.0274999999999999,19161.00000000001,0.0216009260736686,0.034408037558787,-831.4574314574314
-4.0,0.03,19159.000000000007,0.021652980813858,0.0346477614053099,-850.7936507936508
-4.0,0.0325,19169.00000000001,0.0217053904558069,0.0348928636938763,-850.7936507936508
-4.0,0.035,19179.000000000007,0.0217602793813711,0.0351412938385699,-860.4617604617605
-4.0,0.0375,19201.00000000001,0.0218151273252608,0.0353948362504855,-870.1298701298701
-4.0,0.04,19200.00000000001,0.0218655911872966,0.0356465010023217,-879.7979797979798
-4.0,0.0425,19204.000000000007,0.0219141668651192,0.0358880550221291,-889.4660894660896
-4.0,0.0449999999999999,19221.00000000001,0.021970772068435,0.0361397373389296,-902.370645227788
-4.0,0.0474999999999999,19218.000000000007,0.0220294869946345,0.0363852770039784,-902.370645227788
-4.0,0.0499999999999999,19233.00000000001,0.0220896091004555,0.0366370565901975,-902.370645227788
-4.0,0.0524999999999999,19233.00000000001,0.0221439923627908,0.0368815501341154,-923.3560090702948
-4.0,0.0549999999999999,19235.000000000007,0.0222045111336846,0.0371280471186991,-933.8486909915482
-4.0,0.0574999999999999,19239.00000000001,0.0222634289199361,0.0373744531159444,-944.3413729128016
-4.0,0.06,19242.000000000007,0.0223205263722959,0.0376229796828598,-954.8340548340548
-4.0,0.0625,19247.00000000001,0.0223739024252218,0.0378631423047669,-954.8340548340548
-4.0,0.065,19257.00000000001,0.0224397358949134,0.0381121526129272,-975.8194186765616
-4.0,0.0675,19257.000000000007,0.0225019345497371,0.0383606761453019,-981.4471243042672
-4.0,0.07,19248.00000000001,0.0225622338525701,0.0386031493558314,-981.4471243042672
-4.0,0.0725,19253.000000000007,0.0226204565771881,0.0388557430553791,-995.9183673469388
-4.0,0.075,19255.000000000007,0.0226785732930043,0.0391016826052348,-995.9183673469388
-4.0,0.0774999999999999,19266.00000000001,0.0227452770233444,0.0393413509901761,-1007.2356215213358
-4.0,0.0799999999999999,19275.000000000007,0.0228107190801546,0.0395932786262068,-1029.87012987013
-4.0,0.0824999999999999,19275.00000000001,0.0228788151805387,0.0398440001439246,-1018.5528756957328
-4.0,0.0849999999999999,19293.00000000001,0.0229450698501029,0.0400917051682196,-1029.87012987013
-4.0,0.0875,19291.000000000007,0.0230082814437337,0.0403354255511251,-1052.504638218924
-4.0,0.09,19291.00000000001,0.0230729432671953,0.0405800454489846,-1043.9290867862296
-4.0,0.0925,19286.00000000001,0.0231383235481648,0.0408204701639475,-1067.3881673881674
-4.0,0.095,19307.000000000007,0.0232114297932737,0.0410699315500464,-1068.4807256235829
-4.0,0.0975,19317.00000000001,0.0232790757981601,0.0413125151777305,-1080.6225520511234
-4.0,0.1,19335.00000000001,0.0233544526062967,0.0415595959465407,-1092.7643784786642
-3.9,-0.1,14587.000000000013,0.0198769807876454,0.0218349753937196,-336.05442176870747
-3.9,-0.0975,14971.000000000007,0.0199018956292769,0.0220286826220284,-344.671201814059
-3.9,-0.095,15344.000000000004,0.0199188207314098,0.0222593574829827,-363.4920634920636
-3.9,-0.0925,15763.000000000013,0.0199683152132175,0.0225083903222091,-374.7062461348175
-3.9,-0.09,16129.000000000007,0.0200034495762921,0.0227411078489936,-400.3710575139146
-3.9,-0.0875,16493.000000000007,0.0200008140212555,0.0229582258790768,-405.504019789734
-3.9,-0.085,16862.00000000001,0.0200139997363881,0.0231772641534064,-420.9029066171922
-3.9,-0.0825,17285.000000000007,0.0200054214761064,0.0234033334712399,-431.1688311688312
-3.9,-0.08,17658.000000000004,0.0200219446474988,0.0236503958445623,-441.43475572047
-3.9,-0.0775,18014.00000000001,0.0200310461909342,0.0238342321178612,-438.0746237889095
-3.9,-0.075,18335.000000000007,0.0200246281275498,0.0240825256227013,-438.0746237889095
-3.9,-0.0725,18698.000000000007,0.0200463728846291,0.024308157874782,-471.3461142032571
-3.9,-0.07,19096.00000000001,0.0200755383618377,0.0245505396308454,-476.602762317048
-3.9,-0.0675,19426.000000000007,0.0201131840645672,0.0247164855712016,-488.5178313749743
-3.9,-0.065,19816.00000000001,0.0201524762723136,0.0249578957594927,-494.4753659039374
-3.9,-0.0625,20156.00000000001,0.0201849650169942,0.0251716866217811,-503.2158317872604
-3.9,-0.06,20226.000000000007,0.0202553415176928,0.0254011422787871,-509.58565244279526
-3.9,-0.0575,20230.00000000001,0.0202797719480406,0.0256356788559248,-522.3252937538653
-3.9,-0.055,20255.000000000007,0.0203112697962058,0.0258664747342909,-541.43475572047
-3.9,-0.0525,20260.00000000002,0.0203389870629376,0.0261094008986049,-535.0649350649351
-3.9,-0.05,20271.00000000001,0.0203694442393724,0.0263430223134637,-547.8045763760049
-3.9,-0.0475,20276.000000000007,0.0204079362780297,0.0265775333377644,-556.1327561327562
-3.9,-0.045,20278.00000000001,0.0204308551884963,0.0268132932886581,-569.6969696969697
-3.9,-0.0425,20282.000000000007,0.0204644624490189,0.0270565888821188,-583.2611832611833
-3.9,-0.04,20275.00000000001,0.0204966571259687,0.0272926547345914,-582.7458256029685
-3.9,-0.0375,20293.00000000001,0.0205400811541347,0.0275274904285452,-589.9402185116471
-3.9,-0.035,20295.000000000007,0.0205754762170405,0.027762500040261,-597.1346114203257
-3.9,-0.0325,20294.00000000001,0.0206086158980691,0.0280027438188063,-611.523397237683
-3.9,-0.03,20302.000000000007,0.0206448734726352,0.0282442283849693,-618.7177901463616
-3.9,-0.0275,20306.00000000001,0.0206801963447153,0.028480093398308,-625.9121830550403
-3.9,-0.025,20313.000000000007,0.0207249292614881,0.0287220080596634,-633.1065759637189
-3.9,-0.0225,20324.00000000001,0.0207627488320095,0.0289660907750103,-646.5677179962895
-3.9,-0.02,20332.000000000007,0.0208005411366757,0.0292045484204852,-654.1743970315399
-3.9,-0.0175,20330.00000000001,0.0208404238272902,0.0294397318210179,-665.5741084312513
-3.9,-0.015,20325.000000000007,0.0208809148514307,0.0296775847603164,-665.5741084312513
-3.9,-0.0124999999999999,20323.00000000001,0.0209217982992751,0.0299252095460472,-673.5930735930735
-3.9,-0.01,20345.00000000001,0.0209673519035817,0.0301645207787534,-697.6499690785404
-3.9,-0.0075,20354.00000000001,0.021011609325821,0.0304049315592724,-697.6499690785405
-3.9,-0.005,20358.00000000001,0.0210545110863816,0.0306459029815977,-713.6878994021852
-3.9,-0.0025,20358.00000000001,0.0211012095840825,0.0308793841762825,-729.7258297258297
-3.9,0.0,20379.00000000001,0.0211449739262004,0.0311255941402473,-733.5188620902904
-3.9,0.0025,20372.00000000001,0.0211933455507424,0.0313579304432454,-725.0876108018963
-3.9,0.0049999999999999,20384.00000000001,0.0212417149021366,0.0316017132835037,-750.3813646670787
-3.9,0.0074999999999999,20393.00000000002,0.0212870080895424,0.0318472615110861,-751.7006802721087
-3.9,0.0099999999999999,20396.00000000001,0.0213380145375431,0.0320902579481848,-769.3877551020406
-3.9,0.0124999999999999,20399.00000000002,0.0213896795093238,0.0323274890342532,-760.5442176870747
-3.9,0.015,20412.00000000001,0.0214380456329097,0.0325732490147267,-787.0748299319727
-3.9,0.0175,20410.00000000001,0.0214893319284342,0.032814525513063,-778.2312925170066
-3.9,0.0199999999999999,20410.00000000001,0.0215383880328257,0.0330631422092648,-804.7619047619046
-3.9,0.0224999999999999,20420.00000000001,0.021592041858118,0.0333086587694083,-795.9183673469386
-3.9,0.0249999999999999,20432.000000000007,0.021651207070808,0.0335521214419752,-805.256648113791
-3.9,0.0274999999999999,20440.00000000001,0.0216997295390352,0.033801097216137,-812.1212121212121
-3.9,0.03,20425.000000000007,0.0217542787464408,0.034041960797252,-831.4574314574314
-3.9,0.0325,20433.00000000001,0.0218106535143778,0.0342752040257084,-831.4574314574314
-3.9,0.035,20439.000000000007,0.0218668728168807,0.0345095226977775,-860.4617604617605
-3.9,0.0375,20449.00000000001,0.0219277454446766,0.0347560607467081,-850.7936507936508
-3.9,0.04,20448.00000000001,0.0219889048379727,0.0349937907416741,-870.1298701298701
-3.9,0.0425,20450.000000000007,0.0220502653738425,0.035240966277512,-870.1298701298701
-3.9,0.0449999999999999,20472.00000000001,0.0221109121789738,0.0354953772146471,-879.7979797979798
-3.9,0.0474999999999999,20470.000000000007,0.0221661966920902,0.0357394115782968,-889.4660894660896
-3.9,0.0499999999999999,20468.00000000001,0.0222257855877253,0.0359893277772431,-891.8779633065349
-3.9,0.0524999999999999,20464.00000000001,0.0222912819426737,0.0362378142248503,-902.370645227788
-3.9,0.0549999999999999,20476.000000000007,0.0223488775359882,0.0364861816207656,-912.8633271490414
-3.9,0.0574999999999999,20495.00000000001,0.0224154116888368,0.036729225680958,-923.3560090702948
-3.9,0.06,20502.000000000007,0.0224803310749912,0.0369697597376479,-933.8486909915482
-3.9,0.0625,20502.00000000001,0.0225477771775089,0.0372117415117786,-933.8486909915482
-3.9,0.065,20507.00000000001,0.0226119796823443,0.0374553600668894,-944.3413729128016
-3.9,0.0675,20508.000000000007,0.0226705367512153,0.0377026051488073,-944.3413729128016
-3.9,0.07,20508.00000000001,0.0227364966748626,0.0379487698719902,-965.3267367553082
-3.9,0.0725,20523.000000000007,0.0228098815549404,0.0381927655481122,-965.3267367553082
-3.9,0.075,20527.00000000001,0.0228782951379854,0.038443053306668,-984.6011131725418
-3.9,0.0774999999999999,20532.00000000001,0.0229462211282886,0.0386940249376132,-984.6011131725418
-3.9,0.0799999999999999,20537.000000000007,0.0230144684672506,0.0389471269441968,-1007.2356215213358
-3.9,0.0824999999999999,20543.000000000007,0.0230809107935976,0.0391852179827198,-1018.5528756957328
-3.9,0.0849999999999999,20555.00000000001,0.0231597310864209,0.0394251872193281,-1018.5528756957328
-3.9,0.0875,20546.000000000007,0.0232339607416721,0.0396745246289062,-1018.5528756957328
-3.9,0.09,20554.00000000001,0.023301682932312,0.0399249123097899,-1029.87012987013
-3.9,0.0925,20545.00000000001,0.0233806979996285,0.040169631929118,-1052.504638218924
-3.9,0.095,20559.000000000007,0.0234488609363977,0.0404170610427857,-1043.9290867862296
-3.9,0.0975,20561.000000000007,0.0235223909789686,0.0406654574834417,-1056.3388991960423
-3.9,0.1,20578.00000000001,0.0236036494669893,0.0409134556704688,-1080.6225520511234
-3.8,-0.1,17228.00000000001,0.019919814293326,0.0213107233065069,-348.9795918367347
-3.8,-0.0975,17594.000000000007,0.0199228497825092,0.0215400684468164,-368.21273964131103
-3.8,-0.095,17938.000000000007,0.0199024258274555,0.0217387394029406,-363.4920634920634
-3.8,-0.0925,18268.00000000001,0.0198956209949454,0.0219609415194537,-372.93341579055857
-3.8,-0.09,18629.00000000001,0.0198939815529083,0.022189405047204,-382.37476808905376
-3.8,-0.0875,19036.000000000007,0.0199267912562742,0.0224252110279476,-395.2380952380952
-3.8,-0.085,19373.00000000001,0.0199345645885272,0.0225958531090922,-405.504019789734
-3.8,-0.0825,19757.00000000001,0.0199729945292858,0.0228179994054914,-415.7699443413728
-3.8,-0.08,20127.000000000007,0.0200057368914631,0.0230385546151424,-426.0358688930117
-3.8,-0.0775,20482.00000000001,0.0200289786440269,0.0232646464758682,-426.984126984127
-3.8,-0.075,20867.000000000007,0.0200884248220705,0.0234541917891617,-438.0746237889096
-3.8,-0.0725,21264.000000000007,0.0201237734217364,0.0236336667542616,-449.165120593692
-3.8,-0.07,21510.00000000001,0.0201636005835851,0.0238534360712897,-460.25561739847456
-3.8,-0.0675,21522.00000000001,0.0201938312895863,0.0240813372463356,-465.8008658008658
-3.8,-0.065,21525.00000000002,0.0202228486732106,0.0243088737719579,-494.47536590393736
-3.8,-0.0625,21533.00000000001,0.0202543064662678,0.0245415205913443,-482.5602968460112
-3.8,-0.06,21542.000000000007,0.0202822939979476,0.0247724730162211,-515.9554730983302
-3.8,-0.0575,21548.00000000001,0.0203113618309743,0.0250044657582687,-496.8460111317255
-3.8,-0.055,21560.000000000007,0.0203448283605791,0.0252384369731369,-509.58565244279526
-3.8,-0.0525,21568.00000000002,0.0203761234935043,0.025470425948593,-528.6951144094002
-3.8,-0.05,21587.00000000001,0.0204039508963736,0.0257040716108616,-522.3252937538653
-3.8,-0.0475,21589.000000000007,0.0204396797370963,0.0259366893739053,-535.0649350649351
-3.8,-0.045,21597.00000000002,0.0204696582263638,0.026172638698192,-547.8045763760049
-3.8,-0.0425,21613.000000000007,0.0205087070356776,0.0264102473711003,-556.1327561327562
-3.8,-0.04,21622.00000000002,0.0205454579600916,0.0266466473092756,-569.6969696969697
-3.8,-0.0375,21633.00000000001,0.0205792215798998,0.0268815838958843,-569.6969696969697
-3.8,-0.035,21649.000000000007,0.0206118884946333,0.0271222048521502,-589.9402185116471
-3.8,-0.0325,21642.00000000001,0.0206515326280327,0.0273519631537096,-589.9402185116471
-3.8,-0.03,21652.000000000007,0.0206908891497479,0.027586127005208,-597.1346114203257
-3.8,-0.0275,21654.00000000001,0.0207296069922332,0.027824716953728,-604.3290043290044
-3.8,-0.025,21663.000000000007,0.0207753164034048,0.0280600527090066,-611.523397237683
-3.8,-0.0225,21667.00000000001,0.0208128512817517,0.028290891719157,-633.1065759637188
-3.8,-0.02,21673.000000000007,0.0208592732468743,0.0285253656068228,-633.1065759637189
-3.8,-0.0175,21685.00000000002,0.0209092830982078,0.0287659357851676,-638.9610389610391
-3.8,-0.015,21696.000000000007,0.0209527121132886,0.0290065753155696,-654.1743970315399
-3.8,-0.0124999999999999,21696.00000000002,0.0210033115287138,0.0292425260965207,-673.5930735930735
-3.8,-0.01,21705.00000000001,0.021041444254838,0.0294817011727351,-673.5930735930735
-3.8,-0.0075,21695.00000000002,0.0210893025778522,0.0297163496970797,-689.6310039167181
-3.8,-0.005,21703.00000000001,0.0211367923029462,0.0299573925377458,-697.6499690785404
-3.8,-0.0025,21710.00000000002,0.0211865063855546,0.0301981804047026,-705.6689342403628
-3.8,0.0,21718.00000000001,0.0212426122150152,0.0304360268505422,-713.6878994021852
-3.8,0.0025,21719.00000000002,0.0212894273069083,0.0306744291288868,-729.7258297258297
-3.8,0.0049999999999999,21735.00000000001,0.0213349981862431,0.0309166027919184,-721.7068645640074
-3.8,0.0074999999999999,21737.00000000002,0.0213941576926891,0.0311491306435164,-733.5188620902904
-3.8,0.0099999999999999,21745.00000000001,0.0214470205546798,0.0313941399836631,-734.0136054421766
-3.8,0.0124999999999999,21745.00000000002,0.0214997469055255,0.0316409785663464,-742.8571428571427
-3.8,0.015,21758.00000000001,0.0215588631607894,0.0318843961465536,-760.5442176870747
-3.8,0.0175,21751.00000000001,0.0216094529398449,0.0321281467254893,-769.3877551020406
-3.8,0.0199999999999999,21762.00000000001,0.0216605838214247,0.0323663701981551,-778.2312925170066
-3.8,0.0224999999999999,21758.00000000002,0.0217146073439422,0.0326094717865722,-778.2312925170066
-3.8,0.0249999999999999,21768.000000000007,0.0217725453971349,0.0328516428760072,-795.9183673469386
-3.8,0.0274999999999999,21781.00000000001,0.021832896309493,0.0331069715888604,-795.9183673469386
-3.8,0.03,21777.000000000007,0.0219029498197957,0.0333536031633315,-814.5124716553288
-3.8,0.0325,21780.00000000001,0.0219631464643829,0.0335964381157523,-812.1212121212121
-3.8,0.035,21786.000000000007,0.0220223373842039,0.0338408234601292,-841.1255411255412
-3.8,0.0375,21785.00000000001,0.0220882275885369,0.0340802083422426,-831.4574314574314
-3.8,0.04,21777.00000000001,0.0221453485428863,0.0343141317582325,-841.1255411255412
-3.8,0.0425,21793.00000000001,0.0222087316430914,0.0345536612767782,-860.4617604617605
-3.8,0.0449999999999999,21806.00000000001,0.0222793124582563,0.0348025723595258,-860.4617604617605
-3.8,0.0474999999999999,21820.000000000007,0.0223413118218501,0.0350438616477775,-879.7979797979798
-3.8,0.0499999999999999,21826.00000000001,0.0224102208126074,0.0353008571522119,-870.1298701298701
-3.8,0.0524999999999999,21819.00000000002,0.0224725924269499,0.0355437568010201,-889.4660894660896
-3.8,0.0549999999999999,21811.00000000001,0.0225338154393797,0.0357926807222133,-891.8779633065349
-3.8,0.0574999999999999,21805.00000000001,0.0226026599541842,0.0360347510072876,-902.370645227788
-3.8,0.06,21828.000000000007,0.0226749603379449,0.0362835861139874,-912.8633271490414
-3.8,0.0625,21841.00000000001,0.0227540784098467,0.0365272880736568,-923.3560090702948
-3.8,0.065,21849.00000000001,0.0228236874391911,0.0367685282053896,-933.8486909915482
-3.8,0.0675,21845.00000000001,0.0228994647015943,0.0370126930937952,-933.8486909915482
-3.8,0.07,21856.00000000001,0.0229755782229454,0.0372602448516637,-944.3413729128016
-3.8,0.0725,21866.000000000007,0.0230478404677739,0.0375082258365042,-954.8340548340548
-3.8,0.075,21881.00000000001,0.023120161716314,0.0377512796776069,-965.3267367553082
-3.8,0.0774999999999999,21893.00000000001,0.023201054890157,0.0379941006869902,-975.8194186765616
-3.8,0.0799999999999999,21891.000000000007,0.023274598658154,0.0382409048339505,-984.6011131725418
-3.8,0.0824999999999999,21895.00000000001,0.0233497542533534,0.0384909597046951,-984.6011131725418
-3.8,0.0849999999999999,21898.00000000001,0.0234263063820599,0.0387458773883701,-1007.2356215213358
-3.8,0.0875,21894.000000000007,0.0234980972604292,0.0389936205058233,-1018.5528756957328
-3.8,0.09,21900.00000000001,0.023582169658124,0.0392323370374878,-1018.5528756957328
-3.8,0.0925,21902.00000000001,0.0236659613617762,0.039478526792254,-1029.87012987013
-3.8,0.095,21905.000000000007,0.0237504660413713,0.0397288164310213,-1041.1873840445269
-3.8,0.0975,21912.00000000001,0.0238331159984988,0.0399715177841005,-1052.504638218924
-3.8,0.1,21922.00000000001,0.0239106329522116,0.0402216249993978,-1055.6586270871985
-3.7,-0.1,19706.00000000001,0.0198700827284373,0.0207408578238776,-336.05442176870747
-3.7,-0.0975,20077.00000000001,0.0198883221767038,0.0209474708361884,-344.671201814059
-3.7,-0.095,20429.000000000007,0.0198951935830665,0.0211785485123506,-354.05071119356825
-3.7,-0.0925,20813.00000000001,0.0199429103189224,0.0213618876446899,-368.21273964131103
-3.7,-0.09,21209.00000000001,0.0199655960896084,0.0215400242088199,-368.212739641311
-3.7,-0.0875,21574.000000000007,0.0199724782232777,0.0217602500307861,-387.0954442383013
-3.7,-0.085,21936.00000000002,0.0199982110563166,0.0219936849716263,-396.5367965367965
-3.7,-0.0825,22284.00000000001,0.0200023473465695,0.0221984089826632,-390.1051329622758
-3.7,-0.08,22608.000000000007,0.0200356918892906,0.022417066315949,-405.504019789734
-3.7,-0.0775,22678.00000000002,0.0200924227492281,0.0226358085784218,-410.3483817769532
-3.7,-0.075,22684.00000000001,0.0201148022883067,0.0228586913187434,-421.43887858173576
-3.7,-0.0725,22697.000000000007,0.0201419307277706,0.0230894301832099,-426.984126984127
-3.7,-0.07,22694.00000000001,0.0201639690066137,0.0233233627936924,-438.0746237889096
-3.7,-0.0675,22703.000000000007,0.0201872373314472,0.0235520635756677,-449.165120593692
-3.7,-0.065,22727.00000000002,0.0202174416224864,0.0237818889317808,-449.165120593692
-3.7,-0.0625,22729.00000000001,0.0202386782297519,0.0240149368393993,-460.25561739847456
-3.7,-0.06,22736.00000000001,0.0202721853139151,0.0242396072289582,-471.3461142032571
-3.7,-0.0575,22742.00000000002,0.0203032036008655,0.0244693668111097,-476.602762317048
-3.7,-0.055,22741.00000000001,0.0203282211988472,0.0247056759612731,-488.5178313749743
-3.7,-0.0525,22766.00000000002,0.0203592245449906,0.0249385568627593,-496.8460111317255
-3.7,-0.05,22780.00000000001,0.0203914504575255,0.0251660555153621,-509.58565244279526
-3.7,-0.0475,22790.000000000007,0.0204334616235836,0.0253984876887769,-515.9554730983302
-3.7,-0.045,22794.00000000001,0.0204649910901361,0.025637640755688,-522.3252937538653
-3.7,-0.0425,22786.00000000001,0.0204989122166428,0.0258708687474138,-535.0649350649351
-3.7,-0.04,22797.00000000002,0.0205367979994932,0.0261099448602775,-541.4347557204701
-3.7,-0.0375,22807.00000000001,0.0205765231735616,0.0263458963489988,-547.8045763760049
-3.7,-0.035,22824.000000000007,0.020619003306614,0.0265766950449774,-556.1327561327562
-3.7,-0.0325,22828.00000000001,0.0206534838470295,0.0268194164637298,-569.6969696969697
-3.7,-0.03,22850.000000000007,0.020692862296119,0.0270542130403124,-575.5514326942899
-3.7,-0.0275,22849.00000000002,0.0207351617743796,0.0272940983490337,-589.9402185116471
-3.7,-0.025,22853.000000000007,0.0207858956777056,0.0275257328006231,-604.3290043290044
-3.7,-0.0225,22862.00000000002,0.0208235487328456,0.0277569611434641,-604.3290043290044
-3.7,-0.02,22872.00000000001,0.0208706784554203,0.0279976914223479,-611.523397237683
-3.7,-0.0175,22860.00000000002,0.0209104654862318,0.0282356743823294,-618.7177901463616
-3.7,-0.015,22852.00000000001,0.0209625061059662,0.0284692096940226,-625.9121830550403
-3.7,-0.0124999999999999,22861.00000000002,0.0210089385790038,0.0287096863833537,-647.4953617810761
-3.7,-0.01,22878.00000000001,0.021059435045179,0.0289504346117658,-654.1743970315399
-3.7,-0.0075,22885.00000000002,0.021108323270499,0.0291919533408151,-665.5741084312513
-3.7,-0.005,22891.00000000001,0.0211622241077303,0.029428673070501,-673.5930735930735
-3.7,-0.0025,22887.00000000002,0.0212116476957698,0.0296700108903256,-673.5930735930735
-3.7,0.0,22899.00000000001,0.0212660523271217,0.029908554194197,-697.6499690785404
-3.7,0.0025,22904.00000000002,0.0213199407409751,0.0301528686623701,-697.6499690785404
-3.7,0.0049999999999999,22909.00000000001,0.0213720641857612,0.0303948754365171,-705.6689342403628
-3.7,0.0074999999999999,22908.00000000002,0.0214269315594465,0.0306328897201925,-713.687899402185
-3.7,0.0099999999999999,22924.00000000001,0.0214861369339072,0.0308747651075985,-729.7258297258297
-3.7,0.0124999999999999,22926.00000000002,0.0215421130783059,0.031121137197785,-725.0876108018963
-3.7,0.015,22941.00000000001,0.0215981091017222,0.0313600703943205,-734.0136054421766
-3.7,0.0175,22958.00000000002,0.0216588622958821,0.0316073098487559,-742.8571428571427
-3.7,0.0199999999999999,22974.00000000001,0.0217222977602898,0.0318546285322295,-751.7006802721087
-3.7,0.0224999999999999,22986.00000000002,0.0217836025038433,0.0320946841861975,-760.5442176870747
-3.7,0.0249999999999999,22981.00000000001,0.0218410086790907,0.0323384853486556,-769.3877551020407
-3.7,0.0274999999999999,22986.00000000002,0.0219036688563494,0.0325740002167913,-778.2312925170066
-3.7,0.03,22996.00000000001,0.0219669269493478,0.032818901890451,-778.2312925170066
-3.7,0.0325,22999.00000000001,0.0220264902990819,0.0330685644309401,-795.9183673469386
-3.7,0.035,22994.000000000007,0.0220931742296045,0.0333151086391937,-795.9183673469386
-3.7,0.0375,22993.00000000001,0.0221613631732657,0.0335580860446584,-814.5124716553288
-3.7,0.04,23011.00000000002,0.0222257853681209,0.0338043317254912,-821.7893217893218
-3.7,0.0425,23018.00000000001,0.0222991979234898,0.0340419622469933,-831.4574314574314
-3.7,0.0449999999999999,23024.00000000002,0.022369834446751,0.0342793730571973,-831.4574314574314
-3.7,0.0474999999999999,23023.000000000007,0.022433447045948,0.0345182155410715,-850.7936507936508
-3.7,0.0499999999999999,23029.00000000002,0.0225060871377373,0.0347585977866982,-850.7936507936508
-3.7,0.0524999999999999,23042.00000000002,0.0225820919678564,0.035002672806498,-870.1298701298701
-3.7,0.0549999999999999,23056.00000000001,0.0226571646439763,0.0352523591356038,-870.1298701298701
-3.7,0.0574999999999999,23061.00000000002,0.0227285147410481,0.035499954702651,-879.7979797979798
-3.7,0.06,23058.000000000007,0.0227960518275192,0.0357442330267521,-889.4660894660896
-3.7,0.0625,23050.00000000001,0.0228722607445858,0.0359923638569222,-902.370645227788
-3.7,0.065,23064.00000000002,0.0229504891454963,0.0362463615201557,-912.8633271490414
-3.7,0.0675,23080.00000000001,0.0230258356722473,0.036497085554235,-912.8633271490414
-3.7,0.07,23090.00000000002,0.0231028368872778,0.0367451111606778,-923.3560090702948
-3.7,0.0725,23085.000000000007,0.0231791185840823,0.0369837201505599,-933.8486909915482
-3.7,0.075,23101.00000000001,0.0232603336311425,0.0372236155672853,-944.3413729128016
-3.7,0.0774999999999999,23101.00000000002,0.0233380409419341,0.0374736586286707,-954.8340548340548
-3.7,0.0799999999999999,23109.000000000007,0.0234178260754506,0.0377197428250955,-954.8340548340548
-3.7,0.0824999999999999,23121.00000000001,0.0234958834489733,0.0379660484427671,-975.8194186765616
-3.7,0.0849999999999999,23112.00000000002,0.0235856527909059,0.0382163780966214,-984.6011131725418
-3.7,0.0875,23115.000000000007,0.0236676210810336,0.0384610623080238,-984.6011131725418
-3.7,0.09,23115.00000000001,0.0237514334880619,0.0387031253274779,-995.9183673469388
-3.7,0.0925,23135.00000000002,0.0238360057202062,0.0389492370375658,-1018.5528756957328
-3.7,0.095,23141.000000000007,0.0239200329993026,0.0391940137535715,-1007.2356215213358
-3.7,0.0975,23153.00000000001,0.0240146895272971,0.0394365553734296,-1029.87012987013
-3.7,0.1,23153.00000000001,0.0241031099612545,0.0396814053264155,-1041.1873840445269
-3.6,-0.1,22236.00000000002,0.0199033473268532,0.0201458956619448,-314.51247165532885
-3.6,-0.0975,22567.00000000001,0.0199157689958602,0.0203580573234409,-323.1292517006803
-3.6,-0.095,22937.000000000007,0.0199698897240611,0.0205670518302522,-331.74603174603175
-3.6,-0.0925,23323.00000000002,0.0199796187288486,0.0207999286783213,-339.8886827458255
-3.6,-0.09,23687.00000000001,0.0200082521230467,0.0210106086426893,-358.77138734281584
-3.6,-0.0875,23895.000000000007,0.0200466692112537,0.0212234017401541,-368.21273964131103
-3.6,-0.085,23903.00000000002,0.0200662069077291,0.0214450416892726,-372.93341579055857
-3.6,-0.0825,23915.00000000001,0.0200783700865352,0.0216703133816055,-382.3747680890537
-3.6,-0.08,23916.000000000007,0.0200976831545509,0.0218927888550423,-391.8161203875489
-3.6,-0.0775,23926.00000000002,0.0201139510221055,0.0221154068346127,-405.504019789734
-3.6,-0.075,23939.00000000001,0.0201403560827277,0.0223421779462537,-405.504019789734
-3.6,-0.0725,23948.000000000007,0.0201614398169879,0.022564777571641,-426.984126984127
-3.6,-0.07,23963.00000000002,0.0201889200555641,0.022786569704689,-438.0746237889096
-3.6,-0.0675,23979.00000000001,0.020213828451287,0.0230083894087647,-426.984126984127
-3.6,-0.065,23984.00000000002,0.0202365040195739,0.0232400496326703,-432.5293753865183
-3.6,-0.0625,23994.00000000001,0.0202657866154644,0.0234682900141289,-438.0746237889096
-3.6,-0.06,24005.00000000001,0.0202952074881197,0.023695265960556,-454.7103689960833
-3.6,-0.0575,24000.00000000002,0.0203204881101308,0.0239295103669477,-482.4366110080396
-3.6,-0.055,23996.00000000001,0.0203499125937652,0.0241525483722789,-482.4366110080396
-3.6,-0.0525,23994.00000000002,0.0203799383883528,0.0243814093615937,-500.4329004329005
-3.6,-0.05,24014.00000000001,0.0204161717466851,0.024612204616828,-506.3904349618636
-3.6,-0.0475,24025.000000000007,0.0204534968360924,0.0248450095318259,-496.8460111317255
-3.6,-0.045,24035.00000000002,0.0204886215044975,0.0250743041974303,-528.6951144094
-3.6,-0.0425,24033.00000000001,0.0205260818057371,0.025311299278054,-528.6951144094
-3.6,-0.04,24032.00000000002,0.0205634827511824,0.0255432084967524,-522.3252937538653
-3.6,-0.0375,24043.00000000001,0.0205962680699001,0.0257757389202299,-554.1743970315399
-3.6,-0.035,24065.000000000007,0.0206381730936297,0.0260137101658708,-554.1743970315399
-3.6,-0.0325,24064.00000000001,0.020678773687044,0.02624994372787,-560.5442176870749
-3.6,-0.03,24064.00000000001,0.0207233417488895,0.0264790436905171,-569.6969696969697
-3.6,-0.0275,24081.00000000002,0.0207644020654253,0.0267148942000151,-582.7458256029685
-3.6,-0.025,24087.00000000001,0.0208074045579539,0.0269520735524769,-597.1346114203258
-3.6,-0.0225,24099.00000000002,0.0208517121471632,0.0271914590038991,-582.7458256029685
-3.6,-0.02,24100.00000000001,0.0209033320718397,0.0274234037019672,-604.3290043290044
-3.6,-0.0175,24110.00000000002,0.0209495946875683,0.0276553043882643,-597.1346114203257
-3.6,-0.015,24123.00000000001,0.0209961474953658,0.0278948902748069,-625.9121830550403
-3.6,-0.0124999999999999,24118.00000000002,0.0210482281715197,0.028131470815194,-633.1065759637188
-3.6,-0.01,24125.00000000001,0.0211006673551304,0.0283615969822392,-633.1065759637188
-3.6,-0.0075,24114.00000000002,0.021157956919609,0.0285989990619459,-647.4953617810761
-3.6,-0.005,24131.00000000001,0.0212070594140071,0.0288439578850379,-657.555143269429
-3.6,-0.0025,24141.00000000002,0.0212584045828906,0.0290903700284105,-657.555143269429
-3.6,0.0,24157.00000000001,0.0213106827215635,0.0293226544764174,-665.5741084312513
-3.6,0.0025,24131.00000000002,0.0213674424110276,0.0295552007624601,-673.5930735930735
-3.6,0.0049999999999999,24151.00000000001,0.0214299709480983,0.029795184936718,-689.6310039167181
-3.6,0.0074999999999999,24150.00000000002,0.0214832745101875,0.0300419333906677,-697.6499690785404
-3.6,0.0099999999999999,24161.00000000001,0.021547101384738,0.0302787177712012,-705.6689342403628
-3.6,0.0124999999999999,24177.00000000002,0.0216078691228427,0.0305244116610803,-721.7068645640074
-3.6,0.015,24176.00000000001,0.0216707404971421,0.0307632665705741,-713.687899402185
-3.6,0.0175,24179.00000000002,0.0217314622870232,0.0310055040925038,-729.7258297258297
-3.6,0.0199999999999999,24196.00000000001,0.0217997544540495,0.0312364911556016,-734.0136054421766
-3.6,0.0224999999999999,24195.00000000002,0.0218655821581974,0.0314826266296646,-751.7006802721087
-3.6,0.0249999999999999,24220.00000000001,0.0219296698233627,0.0317300213810127,-742.8571428571427
-3.6,0.0274999999999999,24224.00000000002,0.0219985560644001,0.0319715329576825,-769.3877551020406
-3.6,0.03,24230.00000000001,0.0220655171439224,0.0322087951509173,-760.5442176870747
-3.6,0.0325,24239.00000000001,0.0221309683798015,0.0324532328351637,-795.9183673469387
-3.6,0.035,24248.000000000007,0.022198691815006,0.0326989466099607,-778.2312925170066
-3.6,0.0375,24264.00000000001,0.0222714957839867,0.0329405802297327,-804.7619047619046
-3.6,0.04,24263.00000000002,0.0223419059188306,0.0331989061574958,-795.9183673469386
-3.6,0.0425,24268.00000000001,0.0224180385220083,0.0334443396412358,-812.1212121212121
-3.6,0.0449999999999999,24264.00000000002,0.0224918597124209,0.0336836041765638,-812.1212121212121
-3.6,0.0474999999999999,24273.00000000001,0.0225649845621024,0.033926001590122,-850.7936507936508
-3.6,0.0499999999999999,24278.00000000001,0.0226473854459742,0.0341660689319022,-850.7936507936508
-3.6,0.0524999999999999,24281.00000000002,0.022719626790128,0.0343984215566013,-870.1298701298701
-3.6,0.0549999999999999,24285.00000000001,0.0227990782829455,0.0346407703806967,-870.1298701298701
-3.6,0.0574999999999999,24299.00000000002,0.0228792737417737,0.0348845302306612,-870.1298701298701
-3.6,0.06,24298.000000000007,0.0229587740477925,0.0351254235278003,-870.1298701298701
-3.6,0.0625,24303.00000000001,0.0230423745217074,0.0353807946971225,-889.4660894660894
-3.6,0.065,24305.00000000002,0.0231145318970793,0.0356222626705514,-887.0748299319728
-3.6,0.0675,24317.00000000001,0.0232001348393647,0.0358630667424417,-912.8633271490414
-3.6,0.07,24309.00000000001,0.0232809346010403,0.0361107369951698,-923.3560090702948
-3.6,0.0725,24336.000000000007,0.0233603081679108,0.0363633434723328,-923.3560090702948
-3.6,0.075,24335.00000000001,0.0234529980048524,0.0366065867301212,-933.8486909915482
-3.6,0.0774999999999999,24356.00000000002,0.0235423823322714,0.0368538126710763,-954.8340548340548
-3.6,0.0799999999999999,24364.00000000001,0.0236321735915582,0.0370954716848367,-944.3413729128016
-3.6,0.0824999999999999,24375.00000000001,0.0237250302231628,0.0373444106985971,-954.8340548340548
-3.6,0.0849999999999999,24387.00000000002,0.0238090778471849,0.0375940073001274,-965.3267367553084
-3.6,0.0875,24397.000000000007,0.0239057137417071,0.0378392729963633,-992.3520923520924
-3.6,0.09,24403.00000000001,0.0240026773399458,0.038086782496781,-970.542156256442
-3.6,0.0925,24396.00000000002,0.0240927431349101,0.0383294892898163,-995.9183673469388
-3.6,0.095,24399.000000000007,0.0241877783110241,0.0385779871910473,-995.9183673469388
-3.6,0.0975,24399.00000000001,0.0242803063135861,0.038826454428844,-1018.5528756957328
-3.6,0.1,24413.00000000002,0.0243705425635099,0.0390726194091953,-1018.5528756957328
-3.5,-0.1,24792.00000000002,0.0199531470642718,0.0196545178156614,-300.00000000000006
-3.5,-0.0975,25187.00000000001,0.0199399860430713,0.0198699999703297,-311.6883116883118
-3.5,-0.095,25244.00000000001,0.0199715742682712,0.0200717153826812,-327.437641723356
-3.5,-0.0925,25238.00000000002,0.0199827772945424,0.0202850842104321,-325.7266542980828
-3.5,-0.09,25254.00000000001,0.0199961349794305,0.0205014801979129,-335.168006596578
-3.5,-0.0875,25256.00000000001,0.0200158287323873,0.0207212793946994,-344.6093588950731
-3.5,-0.085,25270.00000000002,0.0200328596221318,0.0209405996193347,-354.05071119356825
-3.5,-0.0825,25272.00000000001,0.0200529674240281,0.0211652907913781,-363.4920634920634
-3.5,-0.08,25268.000000000007,0.0200698930345526,0.0213841928539792,-372.93341579055857
-3.5,-0.0775,25270.00000000002,0.0200874049530089,0.0216119323009678,-382.3747680890537
-3.5,-0.075,25286.00000000001,0.0201089741252054,0.0218320789654888,-387.0954442383013
-3.5,-0.0725,25291.000000000007,0.0201258659166375,0.0220577905872756,-401.2574726860441
-3.5,-0.07,25304.00000000002,0.0201538422876974,0.0222805260795501,-405.504019789734
-3.5,-0.0675,25329.00000000001,0.0201818358223673,0.0225078327565788,-426.984126984127
-3.5,-0.065,25331.00000000002,0.020207429162511,0.0227346850869153,-432.5293753865183
-3.5,-0.0625,25329.00000000001,0.0202382333954418,0.0229560865057261,-438.0746237889096
-3.5,-0.06,25338.00000000001,0.0202711379316725,0.0231832318890134,-449.16512059369205
-3.5,-0.0575,25333.00000000002,0.0202965215123809,0.0234158712921667,-460.25561739847456
-3.5,-0.055,25347.00000000001,0.0203284512533244,0.0236458804584948,-471.34611420325706
-3.5,-0.0525,25361.00000000002,0.0203595474090498,0.0238772598200944,-476.89136260564834
-3.5,-0.05,25365.00000000001,0.0203919901598028,0.0241039087358006,-476.89136260564834
-3.5,-0.0475,25360.000000000007,0.0204312118404339,0.0243324484213405,-494.47536590393736
-3.5,-0.045,25378.00000000002,0.0204652542504754,0.0245630702143856,-503.2158317872604
-3.5,-0.0425,25374.00000000001,0.0205048556315893,0.0247981790344553,-515.9554730983302
-3.5,-0.04,25378.00000000002,0.0205426338589841,0.0250277223948075,-515.9554730983302
-3.5,-0.0375,25386.00000000001,0.0205823433975098,0.0252585554781133,-522.3252937538653
-3.5,-0.035,25400.000000000007,0.0206275674632309,0.0254924054074066,-528.6951144094002
-3.5,-0.0325,25407.00000000002,0.0206713453996886,0.0257252882054234,-547.804576376005
-3.5,-0.03,25419.00000000001,0.0207169553465071,0.0259599569117749,-547.804576376005
-3.5,-0.0275,25433.00000000002,0.020762638573021,0.0261987058477975,-566.9140383426097
-3.5,-0.025,25437.00000000001,0.0208108453803534,0.0264331654942629,-560.5442176870749
-3.5,-0.0225,25453.00000000002,0.0208603818346383,0.026666179271086,-575.5514326942898
-3.5,-0.02,25455.00000000001,0.020901913094609,0.0269038131138683,-589.9402185116471
-3.5,-0.0175,25456.00000000002,0.0209490299211115,0.0271444693239283,-597.1346114203258
-3.5,-0.015,25458.00000000001,0.021005674006986,0.0273779137572391,-604.3290043290044
-3.5,-0.0124999999999999,25464.00000000002,0.0210545530287558,0.0276161600601478,-604.3290043290044
-3.5,-0.01,25462.00000000001,0.0211063424132359,0.0278513436767531,-618.7177901463617
-3.5,-0.0075,25468.00000000002,0.0211595896225284,0.0280891108829817,-625.9121830550403
-3.5,-0.005,25462.00000000001,0.0212165749460347,0.0283299435580089,-647.4953617810761
-3.5,-0.0025,25477.00000000002,0.0212705740815556,0.0285673900432133,-633.1065759637188
-3.5,0.0,25478.00000000001,0.0213295962763764,0.0288082199429517,-657.555143269429
-3.5,0.0025,25479.00000000002,0.0213923199759948,0.0290482730431071,-665.5741084312513
-3.5,0.0049999999999999,25487.00000000001,0.0214535371912154,0.0292884739118507,-657.555143269429
-3.5,0.0074999999999999,25486.00000000002,0.0215167349316649,0.029522519033922,-681.6120387548958
-3.5,0.0099999999999999,25511.00000000001,0.0215746155941578,0.0297694361578458,-689.6310039167181
-3.5,0.0124999999999999,25504.00000000002,0.0216407024576318,0.0300057346210344,-697.6499690785404
-3.5,0.015,25530.00000000001,0.0217113084360633,0.0302474970248545,-713.6878994021852
-3.5,0.0175,25533.00000000002,0.021776342642054,0.0304885459102027,-721.7068645640074
-3.5,0.0199999999999999,25538.00000000001,0.0218456344391818,0.030725035811803,-721.7068645640074
-3.5,0.0224999999999999,25557.00000000002,0.021916234485096,0.0309675086939263,-733.5188620902907
-3.5,0.0249999999999999,25563.00000000001,0.0219847344753808,0.031211605473547,-734.0136054421766
-3.5,0.0274999999999999,25568.00000000002,0.0220543897992094,0.0314478547280635,-751.7006802721087
-3.5,0.03,25573.00000000001,0.0221246357442813,0.0316933980487167,-751.7006802721087
-3.5,0.0325,25592.00000000001,0.0221971032940466,0.0319364920465491,-769.3877551020406
-3.5,0.035,25597.000000000007,0.0222725183796157,0.0321744418277049,-769.3877551020406
-3.5,0.0375,25590.00000000001,0.0223443707266741,0.0324176846429482,-787.0748299319727
-3.5,0.04,25610.00000000002,0.0224216269391601,0.0326555186559465,-795.9183673469387
-3.5,0.0425,25614.00000000001,0.0225004008676017,0.0328996046875064,-804.7619047619046
-3.5,0.0449999999999999,25630.00000000002,0.022579400764746,0.0331498671898671,-805.2566481137909
-3.5,0.0474999999999999,25628.00000000001,0.0226621576764908,0.033394188420704,-823.7682951968667
-3.5,0.0499999999999999,25641.00000000001,0.0227393040559559,0.0336407824436393,-831.4574314574315
-3.5,0.0524999999999999,25648.00000000002,0.0228206402817835,0.0338901853480843,-841.1255411255412
-3.5,0.0549999999999999,25656.00000000001,0.0229065773621758,0.0341284635094262,-850.7936507936508
-3.5,0.0574999999999999,25651.00000000002,0.0229859592404518,0.0343601017745416,-850.7936507936508
-3.5,0.06,25660.00000000001,0.0230756475573791,0.034603111609288,-860.4617604617605
-3.5,0.0625,25673.00000000002,0.0231638892547335,0.0348464777635456,-870.1298701298701
-3.5,0.065,25667.000000000025,0.0232503495450671,0.0350915222905316,-879.7979797979798
-3.5,0.0675,25677.00000000001,0.0233483427928816,0.0353409593825439,-887.0748299319728
-3.5,0.07,25681.00000000002,0.0234337818055054,0.0355920973045111,-897.1552257266543
-3.5,0.0725,25698.00000000001,0.0235210262826964,0.0358337260857953,-902.370645227788
-3.5,0.075,25684.00000000001,0.023619001904859,0.0360776496500444,-912.8633271490414
-3.5,0.0774999999999999,25697.00000000002,0.0237107501098254,0.0363222240561699,-933.848690991548
-3.5,0.0799999999999999,25722.00000000001,0.0238089719997087,0.0365702592573638,-933.8486909915482
-3.5,0.0824999999999999,25731.00000000001,0.0239045477749843,0.0368169798787233,-954.8340548340548
-3.5,0.0849999999999999,25730.00000000002,0.0239976427130422,0.0370613251133752,-944.3413729128016
-3.5,0.0875,25725.00000000001,0.0240985608222053,0.0373003818429324,-965.3267367553084
-3.5,0.09,25740.00000000001,0.0241964667680042,0.037547049075007,-965.3267367553084
-3.5,0.0925,25754.00000000002,0.0242907935496649,0.037799335348656,-992.3520923520924
-3.5,0.095,25763.00000000001,0.0243913666826384,0.0380443121233399,-981.4471243042672
-3.5,0.0975,25766.00000000001,0.0244925215240918,0.0382878867339954,-1007.2356215213358
-3.5,0.1,25776.00000000002,0.0245954455653679,0.0385310679170078,-995.9183673469388
-3.4,-0.1,26407.00000000002,0.0199380551712186,0.0191283451048175,-280.5194805194806
-3.4,-0.0975,26423.00000000001,0.0199484573705095,0.0193384911640781,-288.3116883116884
-3.4,-0.095,26413.00000000001,0.0199602237651697,0.0195491908885406,-311.6883116883118
-3.4,-0.0925,26449.00000000002,0.0199751524737241,0.0197631105419778,-311.6883116883118
-3.4,-0.09,26464.00000000002,0.0199851355972341,0.0199810139562854,-327.27272727272737
-3.4,-0.0875,26461.00000000001,0.019997284129467,0.0201926071048481,-325.7266542980828
-3.4,-0.085,26468.00000000002,0.0200115371166426,0.0204037130646703,-335.168006596578
-3.4,-0.0825,26479.00000000001,0.0200338536199831,0.0206228145372691,-344.6093588950731
-3.4,-0.08,26480.00000000001,0.0200488764970633,0.020838268749277,-349.3300350443207
-3.4,-0.0775,26512.00000000002,0.0200714942324679,0.0210604680884819,-363.4920634920634
-3.4,-0.075,26506.00000000001,0.0200881065741327,0.0212775321421673,-368.21273964131103
-3.4,-0.0725,26509.000000000007,0.0201060826027892,0.0215012573926269,-377.6540919398061
-3.4,-0.07,26503.00000000002,0.0201299137908332,0.0217258507244788,-387.0954442383013
-3.4,-0.0675,26509.00000000001,0.0201565933694674,0.0219491899042485,-396.5367965367965
-3.4,-0.065,26511.00000000002,0.0201823569561322,0.0221711085948683,-405.504019789734
-3.4,-0.0625,26527.00000000002,0.0202116057813034,0.0223974661759552,-421.43887858173576
-3.4,-0.06,26529.00000000001,0.0202404450403269,0.0226242023597324,-426.984126984127
-3.4,-0.0575,26541.00000000002,0.0202737160589376,0.0228421083021032,-438.0746237889096
-3.4,-0.055,26532.00000000002,0.0203083514944895,0.0230670500128428,-443.6198721913008
-3.4,-0.0525,26556.00000000002,0.0203438577188689,0.0233006996795343,-443.6198721913008
-3.4,-0.05,26569.00000000002,0.0203780555590357,0.0235341644579033,-465.8008658008658
-3.4,-0.0475,26584.00000000001,0.0204102132293723,0.0237620996921956,-471.34611420325706
-3.4,-0.045,26598.00000000002,0.0204452283503119,0.0239891050075905,-482.4366110080396
-3.4,-0.0425,26593.00000000001,0.0204904223702023,0.0242170811090989,-493.5271078128221
-3.4,-0.04,26591.00000000002,0.0205278924644131,0.0244452642548877,-503.2158317872604
-3.4,-0.0375,26597.00000000002,0.020570553152306,0.0246770440987321,-509.5856524427954
-3.4,-0.035,26605.00000000001,0.0206144018621405,0.0249081727679016,-515.9554730983302
-3.4,-0.0325,26613.00000000002,0.0206541472352918,0.0251321895862692,-528.6951144094
-3.4,-0.03,26630.00000000001,0.0206954003225056,0.0253661590037373,-535.0649350649351
-3.4,-0.0275,26645.00000000002,0.0207409356690108,0.0256000329787147,-541.4347557204701
-3.4,-0.025,26658.00000000001,0.0207893181910256,0.0258302367640964,-554.1743970315399
-3.4,-0.0225,26671.00000000002,0.0208391265349437,0.0260651365614836,-566.9140383426097
-3.4,-0.02,26663.00000000001,0.0208857501478223,0.0263005255365377,-566.9140383426097
-3.4,-0.0175,26663.00000000002,0.0209420853590378,0.026532758821223,-582.7458256029685
-3.4,-0.015,26672.00000000001,0.0209969176923732,0.0267735886918189,-582.7458256029685
-3.4,-0.0124999999999999,26685.00000000002,0.0210486547657562,0.0270110515667203,-604.3290043290044
-3.4,-0.01,26685.00000000002,0.021107330805366,0.0272454384415061,-604.3290043290044
-3.4,-0.0075,26710.00000000002,0.021172481844454,0.0274772699268455,-611.523397237683
-3.4,-0.005,26687.00000000002,0.0212268085978977,0.0277109622103063,-618.7177901463615
-3.4,-0.0025,26673.000000000025,0.021288854289972,0.0279497801253459,-618.7177901463617
-3.4,0.0,26708.00000000002,0.0213492407168442,0.0281919691567993,-633.1065759637188
-3.4,0.0025,26692.00000000002,0.021409380531328,0.0284278672609021,-640.3009688723974
-3.4,0.0049999999999999,26686.00000000001,0.0214719830654424,0.0286656542046921,-661.7810760667902
-3.4,0.0074999999999999,26698.00000000002,0.0215372988274484,0.0289112870021714,-657.555143269429
-3.4,0.0099999999999999,26704.00000000001,0.0216069713982101,0.0291562749418626,-673.5930735930735
-3.4,0.0124999999999999,26708.000000000025,0.0216755715318903,0.0293883723057261,-681.6120387548958
-3.4,0.015,26712.00000000001,0.021738074495006,0.0296277492164768,-689.6310039167181
-3.4,0.0175,26729.00000000002,0.0218080730024215,0.0298651357389949,-705.6689342403629
-3.4,0.0199999999999999,26738.00000000001,0.0218784058822658,0.0301084606486635,-697.6499690785404
-3.4,0.0224999999999999,26760.000000000025,0.0219497390274618,0.0303507779697697,-721.7068645640074
-3.4,0.0249999999999999,26755.00000000001,0.0220264127614474,0.0305924711414817,-721.7068645640074
-3.4,0.0274999999999999,26761.00000000002,0.0221020669673646,0.0308374416170976,-733.5188620902907
-3.4,0.03,26765.00000000001,0.0221800996393328,0.0310814268563363,-734.0136054421766
-3.4,0.0325,26769.00000000002,0.0222534661387003,0.0313166298811973,-751.7006802721087
-3.4,0.035,26777.00000000001,0.0223279587225911,0.0315616357729272,-751.7006802721087
-3.4,0.0375,26796.00000000002,0.0224104492943854,0.0318124398367474,-778.2312925170066
-3.4,0.04,26805.000000000025,0.0224910910864797,0.0320507932265038,-769.3877551020406
-3.4,0.0425,26832.00000000001,0.0225702779116881,0.032291580538682,-795.9183673469387
-3.4,0.0449999999999999,26836.00000000002,0.022654576056871,0.0325267777517499,-795.9183673469387
-3.4,0.0474999999999999,26848.00000000001,0.0227415720746014,0.0327712060894289,-804.7619047619046
-3.4,0.0499999999999999,26857.00000000002,0.0228253640089789,0.033011363318198,-813.6054421768705
-3.4,0.0524999999999999,26852.000000000025,0.0229122582736509,0.0332567370583164,-823.7682951968667
-3.4,0.0549999999999999,26853.00000000001,0.022997628929868,0.0335019020515113,-821.7893217893218
-3.4,0.0574999999999999,26861.000000000025,0.0230900934946349,0.0337509046337008,-831.4574314574315
-3.4,0.06,26875.00000000001,0.0231826304694068,0.0339919316850757,-850.7936507936508
-3.4,0.0625,26881.00000000002,0.023274178542814,0.0342309053388186,-860.4617604617605
-3.4,0.065,26886.000000000025,0.0233678886260731,0.0344693291136785,-870.1298701298701
-3.4,0.0675,26884.00000000001,0.0234615392737275,0.0347123238894721,-879.7979797979798
-3.4,0.07,26886.000000000025,0.0235529133977773,0.0349574732876285,-889.4660894660894
-3.4,0.0725,26902.00000000001,0.0236493093221792,0.0351988733162128,-887.0748299319728
-3.4,0.075,26903.00000000001,0.0237458381075649,0.0354496271795116,-907.2356215213358
-3.4,0.0774999999999999,26909.000000000025,0.0238448591266693,0.0356914300754274,-907.2356215213358
-3.4,0.0799999999999999,26919.00000000001,0.0239506672566075,0.0359326368497736,-912.8633271490414
-3.4,0.0824999999999999,26935.00000000001,0.024051633026201,0.0361788218933492,-933.848690991548
-3.4,0.0849999999999999,26937.000000000025,0.0241543129025995,0.036428590377427,-944.3413729128016
-3.4,0.0875,26950.00000000001,0.0242622299035287,0.0366676552784976,-944.3413729128016
-3.4,0.09,26962.00000000001,0.0243632608412802,0.0369105545773157,-944.3413729128016
-3.4,0.0925,26955.000000000025,0.0244677325400675,0.0371526490118681,-954.8340548340548
-3.4,0.095,26972.00000000001,0.0245765271217476,0.0373980518343431,-965.3267367553084
-3.4,0.0975,26988.00000000001,0.0246791543531093,0.0376426887188679,-981.4471243042672
-3.4,0.1,26997.000000000025,0.0247888586801636,0.0378938284711633,-992.3520923520924
-3.3,-0.1,27617.00000000002,0.0198960356784361,0.0186297671843045,-264.935064935065
-3.3,-0.0975,27642.00000000002,0.0199066815718249,0.0188315031590595,-276.62337662337666
-3.3,-0.095,27655.00000000001,0.0199139588178906,0.0190430038857232,-284.4155844155845
-3.3,-0.0925,27647.000000000025,0.0199248740485801,0.0192536448592523,-296.10389610389615
-3.3,-0.09,27665.00000000001,0.0199356408819957,0.0194654058636099,-300.00000000000006
-3.3,-0.0875,27671.00000000001,0.0199540877593777,0.0196772433289443,-303.896103896104
-3.3,-0.085,27701.000000000025,0.0199647787592239,0.0198964448177539,-315.5844155844157
-3.3,-0.0825,27696.00000000001,0.0199815434271828,0.0201035187363522,-325.72665429808285
-3.3,-0.08,27694.00000000001,0.0199986391863765,0.0203146098055879,-335.1680065965779
-3.3,-0.0775,27715.000000000025,0.0200176680346913,0.0205289234616909,-344.6093588950731
-3.3,-0.075,27717.00000000001,0.0200397504567949,0.0207489672310171,-358.77138734281584
-3.3,-0.0725,27728.00000000001,0.0200623106639895,0.0209681758423899,-358.77138734281584
-3.3,-0.07,27724.00000000002,0.0200824689125911,0.0211892085389078,-368.21273964131103
-3.3,-0.0675,27734.00000000001,0.0201088552929079,0.0214080668721901,-387.0954442383013
-3.3,-0.065,27738.000000000025,0.0201270629980271,0.021636038563496,-391.8161203875489
-3.3,-0.0625,27747.00000000002,0.0201611320560217,0.0218536511734458,-401.257472686044
-3.3,-0.06,27752.00000000001,0.0201869924059396,0.0220764681680244,-410.6369820655535
-3.3,-0.0575,27769.00000000002,0.0202225278301658,0.0222996914845446,-415.8936301793445
-3.3,-0.055,27764.00000000002,0.0202447758229528,0.0225265118834323,-426.984126984127
-3.3,-0.0525,27770.000000000025,0.0202884418286671,0.0227433695588978,-438.0746237889096
-3.3,-0.05,27770.00000000002,0.020319254330534,0.0229701554572722,-443.6198721913008
-3.3,-0.0475,27790.00000000001,0.0203567778172662,0.0231994764432749,-454.7103689960833
-3.3,-0.045,27784.000000000025,0.020395450733599,0.0234291973193786,-460.25561739847456
-3.3,-0.0425,27808.00000000001,0.020435215438991,0.0236552010427931,-471.34611420325706
-3.3,-0.04,27830.000000000025,0.0204737547053838,0.0238905055810054,-476.8913626056483
-3.3,-0.0375,27832.00000000001,0.0205160124542399,0.0241185480215667,-487.9818594104309
-3.3,-0.035,27839.00000000001,0.0205600040979566,0.024349169026637,-490.4761904761905
-3.3,-0.0325,27838.00000000002,0.0206007292546781,0.0245785948024863,-503.2158317872604
-3.3,-0.03,27859.00000000001,0.0206492859498655,0.0248078692681346,-515.9554730983302
-3.3,-0.0275,27867.000000000025,0.0206983704670547,0.0250365814273595,-522.3252937538653
-3.3,-0.025,27875.00000000001,0.0207439401066496,0.0252648878498233,-528.6951144094
-3.3,-0.0225,27878.000000000025,0.020796402426114,0.0255019127053704,-541.4347557204701
-3.3,-0.02,27884.00000000002,0.0208449760373845,0.025733060258373,-554.1743970315399
-3.3,-0.0175,27899.000000000025,0.0209006425983102,0.0259705514432378,-554.1743970315399
-3.3,-0.015,27902.00000000001,0.0209563597943341,0.0262080551125669,-566.9140383426097
-3.3,-0.0124999999999999,27921.000000000025,0.0210193351118089,0.026442758930405,-582.7458256029685
-3.3,-0.01,27904.00000000002,0.0210744860474653,0.0266775803774363,-589.9402185116471
-3.3,-0.0075,27913.000000000025,0.0211331007275111,0.0269118946121221,-597.1346114203258
-3.3,-0.005,27929.00000000002,0.0212001991177852,0.0271483937417235,-597.1346114203258
-3.3,-0.0025,27935.000000000025,0.0212599900567928,0.0273836582746284,-618.7177901463615
-3.3,0.0,27931.00000000002,0.0213227800879619,0.027617473376545,-625.9121830550403
-3.3,0.0025,27925.000000000025,0.0213853100762911,0.0278530937101643,-625.9121830550403
-3.3,0.0049999999999999,27961.00000000002,0.0214575258255146,0.0280860927303297,-647.4953617810761
-3.3,0.0074999999999999,27957.000000000025,0.0215193234525041,0.028322963393507,-654.6897546897547
-3.3,0.0099999999999999,27970.00000000002,0.0215917218993908,0.0285595616307963,-654.1743970315398
-3.3,0.0124999999999999,27980.000000000025,0.0216646657201583,0.0287976815353243,-665.5741084312513
-3.3,0.015,27989.00000000001,0.0217355936600051,0.0290467842240439,-673.5930735930735
-3.3,0.0175,27995.000000000025,0.0218112944827122,0.029281699243489,-681.6120387548958
-3.3,0.0199999999999999,28004.00000000002,0.0218830111003391,0.0295192197636982,-689.6310039167181
-3.3,0.0224999999999999,28003.000000000025,0.0219598791198394,0.0297507493238059,-697.6499690785404
-3.3,0.0249999999999999,28004.00000000001,0.0220370287991786,0.0299899974335229,-705.6689342403629
-3.3,0.0274999999999999,28008.00000000002,0.0221169628064027,0.0302329782224213,-721.7068645640074
-3.3,0.03,28011.00000000001,0.022196594404671,0.0304768768017224,-721.7068645640074
-3.3,0.0325,28017.00000000002,0.0222841281046274,0.0307161905771487,-733.5188620902907
-3.3,0.035,28029.00000000001,0.02236973448579,0.0309586741282001,-741.9501133786848
-3.3,0.0375,28039.00000000002,0.022452915272201,0.0311934099915346,-751.7006802721087
-3.3,0.04,28034.000000000025,0.0225314568604536,0.0314373062364556,-760.5442176870747
-3.3,0.0425,28054.00000000002,0.0226238006786004,0.0316747172680942,-778.2312925170066
-3.3,0.0449999999999999,28056.00000000002,0.0227096212873631,0.0319161240177277,-778.2312925170066
-3.3,0.0474999999999999,28063.00000000001,0.0227989494410678,0.0321569242926099,-778.2312925170066
-3.3,0.0499999999999999,28073.00000000002,0.0228891371263122,0.0323966900573195,-795.9183673469387
-3.3,0.0524999999999999,28086.000000000025,0.0229856469925159,0.0326341202998758,-795.9183673469387
-3.3,0.0549999999999999,28102.00000000001,0.0230746364489669,0.0328736423491758,-814.5124716553288
-3.3,0.0574999999999999,28102.000000000025,0.0231718316415133,0.0331258665434773,-823.7682951968667
-3.3,0.06,28101.00000000001,0.0232611299290745,0.0333719564166182,-831.4574314574315
-3.3,0.0625,28106.00000000002,0.023362074879741,0.0336151829415279,-841.1255411255412
-3.3,0.065,28124.000000000025,0.023465719533465,0.0338605364586978,-850.7936507936508
-3.3,0.0675,28122.00000000001,0.0235677714810537,0.0340953094813856,-860.4617604617605
-3.3,0.07,28124.000000000025,0.0236672702111924,0.034333575291329,-870.1298701298701
-3.3,0.0725,28124.00000000001,0.0237704052268235,0.034573768460598,-870.1298701298701
-3.3,0.075,28138.00000000001,0.0238767428130115,0.0348225175805088,-879.7979797979798
-3.3,0.0774999999999999,28145.000000000025,0.0239846643688763,0.0350630997355149,-887.0748299319728
-3.3,0.0799999999999999,28146.00000000001,0.0240811434389995,0.0353137811899219,-907.2356215213358
-3.3,0.0824999999999999,28165.00000000001,0.0241936287883532,0.0355573031843001,-907.2356215213358
-3.3,0.0849999999999999,28176.000000000025,0.0243056257350145,0.0357990125260571,-912.8633271490417
-3.3,0.0875,28180.00000000001,0.0244148118196368,0.0360384706179402,-923.3560090702948
-3.3,0.09,28194.00000000002,0.0245170288844858,0.0362905101618159,-933.848690991548
-3.3,0.0925,28192.000000000025,0.0246363965767568,0.0365331839644921,-944.3413729128016
-3.3,0.095,28193.00000000001,0.0247461873433798,0.0367763232815785,-954.8340548340548
-3.3,0.0975,28200.00000000001,0.024861826879321,0.0370216401327495,-954.8340548340548
-3.3,0.1,28213.00000000002,0.0249819714840412,0.0372609115809236,-970.542156256442
-3.2,-0.1,28900.000000000025,0.0198775094557959,0.0181526954691791,-249.3506493506494
-3.2,-0.0975,28893.00000000001,0.0198820534531587,0.018360372581131,-261.0389610389611
-3.2,-0.095,28892.00000000001,0.0198848826531737,0.0185684511418016,-268.8311688311689
-3.2,-0.0925,28904.000000000025,0.0198951730968096,0.0187701793270312,-276.62337662337666
-3.2,-0.09,28924.00000000001,0.0199001320986989,0.0189842234885703,-288.3116883116884
-3.2,-0.0875,28931.00000000001,0.0199130639325167,0.0191969573847444,-303.896103896104
-3.2,-0.085,28945.000000000025,0.0199180204237597,0.0194105299960112,-300.00000000000006
-3.2,-0.0825,28954.00000000001,0.0199411906626623,0.0196198677641839,-307.7922077922079
-3.2,-0.08,28976.00000000001,0.0199537609293781,0.0198371321226271,-319.48051948051955
-3.2,-0.0775,28977.000000000025,0.0199700462128474,0.0200515234777622,-327.437641723356
-3.2,-0.075,28983.00000000001,0.0199860270585211,0.0202659035552886,-339.8886827458255
-3.2,-0.0725,29007.00000000001,0.0200043807765991,0.0204788783918294,-349.3300350443207
-3.2,-0.07,29018.000000000025,0.0200289320384723,0.0206987670787465,-358.77138734281584
-3.2,-0.0675,29015.00000000001,0.0200483568781653,0.0209160423236235,-363.4920634920634
-3.2,-0.065,29026.000000000025,0.020075712754362,0.0211425955909806,-372.93341579055857
-3.2,-0.0625,29030.00000000002,0.0200986451540505,0.0213587628416014,-382.37476808905376
-3.2,-0.06,29025.00000000001,0.0201213126387508,0.0215885170176255,-391.8161203875489
-3.2,-0.0575,29020.000000000025,0.0201517478924606,0.0218081418872583,-396.5367965367965
-3.2,-0.055,29031.00000000001,0.0201790533212198,0.0220326693480571,-405.9781488352916
-3.2,-0.0525,29065.000000000025,0.0202149686141408,0.0222575253796139,-415.8936301793445
-3.2,-0.05,29062.00000000002,0.0202503575387814,0.0224853134970068,-426.984126984127
-3.2,-0.0475,29064.00000000001,0.0202865356794768,0.0227094927112473,-432.5293753865183
-3.2,-0.045,29051.000000000025,0.0203218493368112,0.0229344171749134,-443.6198721913008
-3.2,-0.0425,29071.00000000001,0.0203612170932167,0.0231614769144064,-454.7103689960833
-3.2,-0.04,29072.000000000025,0.0204034900629877,0.0233920566087954,-460.25561739847456
-3.2,-0.0375,29088.00000000001,0.0204465736659074,0.0236208425012586,-471.34611420325706
-3.2,-0.035,29098.00000000001,0.0204879854439975,0.0238525234671572,-476.89136260564834
-3.2,-0.0325,29119.000000000025,0.0205313067670934,0.024081858768617,-487.9818594104309
-3.2,-0.03,29106.00000000001,0.0205824135527075,0.0243114789029593,-496.8460111317254
-3.2,-0.0275,29111.000000000025,0.0206302153068931,0.0245422457183753,-503.2158317872604
-3.2,-0.025,29134.00000000001,0.020682701940682,0.0247726166065327,-515.9554730983302
-3.2,-0.0225,29127.000000000025,0.0207372804691059,0.0249995935856225,-522.3252937538653
-3.2,-0.02,29143.00000000001,0.0207844529013058,0.025232813000352,-528.6951144094
-3.2,-0.0175,29152.000000000025,0.0208404415722008,0.0254661656077348,-541.4347557204701
-3.2,-0.015,29161.00000000001,0.0208952538656002,0.0256984321083164,-547.804576376005
-3.2,-0.0124999999999999,29174.000000000025,0.0209561026682137,0.0259273593937026,-560.5442176870748
-3.2,-0.01,29186.00000000002,0.0210149538551339,0.0261636915162684,-566.9140383426097
-3.2,-0.0075,29204.000000000025,0.0210796498163103,0.0264019228630378,-576.4790764790766
-3.2,-0.005,29192.00000000002,0.0211430959742718,0.0266361906659225,-589.9402185116471
-3.2,-0.0025,29190.000000000025,0.0212063298502392,0.0268744983073104,-589.9402185116471
-3.2,0.0,29194.00000000002,0.0212697437334016,0.0271128873181064,-597.1346114203258
-3.2,0.0025,29212.000000000025,0.0213401567912064,0.0273480898005241,-604.3290043290044
-3.2,0.0049999999999999,29230.00000000002,0.0214120157007861,0.0275829421063312,-618.7177901463615
-3.2,0.0074999999999999,29213.000000000025,0.0214871144788058,0.0278124960412024,-640.3009688723976
-3.2,0.0099999999999999,29227.00000000002,0.0215595673745449,0.0280506648726071,-640.3009688723974
-3.2,0.0124999999999999,29246.000000000025,0.0216362560249635,0.0282905503887009,-640.3009688723974
-3.2,0.015,29257.00000000002,0.0217039197083011,0.0285289811292929,-654.1743970315398
-3.2,0.0175,29273.000000000025,0.0217859937412281,0.0287624833869075,-657.555143269429
-3.2,0.0199999999999999,29278.00000000001,0.0218615374824061,0.0290049781045802,-665.5741084312513
-3.2,0.0224999999999999,29271.000000000025,0.0219410735001727,0.0292506475355795,-681.6120387548958
-3.2,0.0249999999999999,29271.00000000001,0.0220260017022027,0.0294849702802883,-689.6310039167181
-3.2,0.0274999999999999,29282.000000000025,0.0221058774372776,0.0297235578612152,-705.6689342403629
-3.2,0.03,29277.00000000001,0.0221900841172304,0.0299598004970579,-705.6689342403629
-3.2,0.0325,29282.000000000025,0.0222767648107225,0.0302059895251303,-713.6878994021852
-3.2,0.035,29288.00000000001,0.0223659845288906,0.0304460955655222,-721.7068645640074
-3.2,0.0375,29305.00000000001,0.0224560552417155,0.0306892773364414,-733.5188620902907
-3.2,0.04,29300.000000000025,0.0225465850529102,0.0309324416140869,-733.5188620902907
-3.2,0.0425,29303.00000000001,0.0226363027076446,0.0311768244385971,-742.8571428571427
-3.2,0.0449999999999999,29330.000000000025,0.0227264246567674,0.0314120412315836,-760.5442176870747
-3.2,0.0474999999999999,29336.00000000001,0.0228224569710452,0.0316545685914923,-769.3877551020407
-3.2,0.0499999999999999,29346.00000000002,0.0229189293583518,0.0318954031390299,-778.2312925170066
-3.2,0.0524999999999999,29349.000000000025,0.0230157921519251,0.0321387451022315,-787.0748299319727
-3.2,0.0549999999999999,29349.00000000001,0.0231108581735618,0.0323785951110097,-795.9183673469387
-3.2,0.0574999999999999,29357.000000000025,0.0232115654556279,0.0326179397830602,-795.9183673469387
-3.2,0.06,29378.00000000001,0.0233131293206209,0.0328609829555432,-813.6054421768705
-3.2,0.0625,29393.00000000001,0.0234144099381041,0.033107207387172,-814.5124716553288
-3.2,0.065,29391.000000000025,0.023519350897903,0.0333463928799649,-831.4574314574315
-3.2,0.0675,29399.00000000001,0.0236227856354127,0.0335938744207025,-831.4574314574315
-3.2,0.07,29412.000000000025,0.0237333037004014,0.0338392775181346,-850.7936507936508
-3.2,0.0725,29428.00000000001,0.0238440288588591,0.034078978379519,-850.7936507936508
-3.2,0.075,29429.00000000001,0.0239508748251263,0.0343163127872125,-870.1298701298701
-3.2,0.0774999999999999,29441.000000000025,0.0240603423458458,0.0345566641680826,-870.1298701298701
-3.2,0.0799999999999999,29430.00000000001,0.0241765645893748,0.0347989506679209,-879.7979797979798
-3.2,0.0824999999999999,29440.00000000001,0.0242917546524216,0.035043270343151,-887.0748299319728
-3.2,0.0849999999999999,29451.000000000025,0.0243997470250728,0.0352931209263101,-897.1552257266543
-3.2,0.0875,29468.00000000001,0.0245181115355967,0.0355414740018246,-907.2356215213358
-3.2,0.09,29496.00000000002,0.0246386820106301,0.0357815545291215,-923.3560090702948
-3.2,0.0925,29497.000000000025,0.024761436519325,0.0360238215189435,-923.3560090702948
-3.2,0.095,29506.00000000001,0.0248752834837724,0.0362739102045287,-933.848690991548
-3.2,0.0975,29510.00000000001,0.0249978315860302,0.0365236708391423,-944.3413729128016
-3.2,0.1,29518.000000000025,0.025122921506303,0.0367646227280539,-954.8340548340548
-3.1,-0.1,30171.000000000025,0.0198811925460173,0.0176663222953838,-227.29334157905583
-3.1,-0.0975,30190.00000000001,0.0198850895664472,0.0178671312938486,-251.86559472273757
-3.1,-0.095,30208.00000000001,0.0198837853828952,0.0180699376155418,-253.2467532467533
-3.1,-0.0925,30197.000000000025,0.0198902732879764,0.0182744102503969,-253.2467532467533
-3.1,-0.09,30192.00000000001,0.0198972676030205,0.0184837714685083,-264.935064935065
-3.1,-0.0875,30214.00000000001,0.0198993059723451,0.0186911281507032,-272.7272727272728
-3.1,-0.085,30235.000000000025,0.0199128379386833,0.018899323441058,-292.2077922077923
-3.1,-0.0825,30248.00000000002,0.0199212445600459,0.0191083615963796,-300.0000000000001
-3.1,-0.08,30260.00000000001,0.0199350073119977,0.0193193215693986,-307.7922077922078
-3.1,-0.0775,30261.000000000025,0.019952304269119,0.0195270219446852,-307.7922077922079
-3.1,-0.075,30283.00000000002,0.0199705051580083,0.0197403955401444,-327.27272727272737
-3.1,-0.0725,30293.00000000001,0.019985849820054,0.0199588759084127,-325.72665429808285
-3.1,-0.07,30297.000000000025,0.020003439853207,0.0201694050386211,-339.8886827458255
-3.1,-0.0675,30320.00000000001,0.0200250765623558,0.0203848815476798,-339.8886827458255
-3.1,-0.065,30332.000000000025,0.0200549881023303,0.0206020248711318,-358.77138734281584
-3.1,-0.0625,30365.00000000002,0.0200809423951907,0.0208209085641934,-368.212739641311
-3.1,-0.06,30356.00000000001,0.0201062928547666,0.0210426877715404,-372.93341579055857
-3.1,-0.0575,30353.000000000025,0.0201377363528697,0.0212597690766064,-382.37476808905376
-3.1,-0.055,30354.00000000001,0.0201689658165195,0.0214845415624573,-391.8161203875489
-3.1,-0.0525,30353.000000000025,0.0201969208393875,0.0217062013179789,-405.9781488352916
-3.1,-0.05,30371.00000000002,0.0202306446703473,0.0219287384727309,-405.504019789734
-3.1,-0.0475,30368.00000000001,0.020266687015939,0.0221515254152621,-421.4388785817357
-3.1,-0.045,30369.000000000025,0.0203077450597746,0.0223801949736774,-421.4388785817357
-3.1,-0.0425,30395.00000000001,0.020347434547717,0.0226078467725325,-438.0746237889096
-3.1,-0.04,30387.000000000025,0.0203958197507043,0.0228255327280271,-443.6198721913008
-3.1,-0.0375,30390.00000000001,0.0204341048051201,0.0230522308046761,-449.16512059369205
-3.1,-0.035,30406.00000000001,0.0204827019335193,0.0232850136978301,-465.8008658008658
-3.1,-0.0325,30418.000000000025,0.0205279271231168,0.0235189223529213,-471.34611420325706
-3.1,-0.03,30415.00000000001,0.0205756073375338,0.0237481872371899,-482.4366110080396
-3.1,-0.0275,30436.000000000025,0.0206229314534503,0.023978488895246,-482.4366110080396
-3.1,-0.025,30450.00000000001,0.0206780925589058,0.0242063366747118,-496.8460111317255
-3.1,-0.0225,30429.000000000025,0.0207273515112749,0.0244326584066682,-503.2158317872604
-3.1,-0.02,30458.00000000001,0.0207828610547812,0.0246662409283907,-515.9554730983302
-3.1,-0.0175,30455.000000000025,0.0208429983996527,0.0248983877660834,-522.3252937538653
-3.1,-0.015,30456.00000000001,0.0208990332462631,0.025125991493921,-528.6951144094
-3.1,-0.0124999999999999,30474.000000000025,0.0209603085147874,0.0253593205497616,-541.4347557204701
-3.1,-0.01,30478.00000000002,0.0210219392708145,0.0255955212392157,-547.804576376005
-3.1,-0.0075,30494.000000000025,0.0210845107322669,0.0258296902422205,-554.1743970315399
-3.1,-0.005,30518.00000000002,0.021154207943699,0.0260629516840573,-569.6969696969699
-3.1,-0.0025,30517.000000000025,0.0212181597869824,0.0263032520967066,-583.2611832611834
-3.1,0.0,30532.00000000002,0.0212860427479305,0.0265359576347332,-589.9402185116471
-3.1,0.0025,30524.000000000025,0.0213568491034534,0.0267713840660101,-589.9402185116471
-3.1,0.0049999999999999,30555.00000000002,0.0214306904859713,0.0270116812319297,-604.3290043290044
-3.1,0.0074999999999999,30549.00000000003,0.0215071177585232,0.0272482045199597,-611.523397237683
-3.1,0.0099999999999999,30556.00000000002,0.0215789507238429,0.0274834213231979,-625.9121830550403
-3.1,0.0124999999999999,30569.000000000025,0.0216563535674102,0.0277206688681731,-633.1065759637188
-3.1,0.015,30588.00000000001,0.0217324701375367,0.0279559785760504,-633.1065759637188
-3.1,0.0175,30604.000000000025,0.0218171374295334,0.0281923618602182,-647.4953617810761
-3.1,0.0199999999999999,30607.00000000002,0.0218945881396342,0.0284325714063777,-654.1743970315398
-3.1,0.0224999999999999,30598.000000000025,0.021977074082628,0.0286662718190078,-657.555143269429
-3.1,0.0249999999999999,30619.00000000001,0.0220579713274034,0.0289119160856008,-665.5741084312513
-3.1,0.0274999999999999,30630.000000000025,0.0221475843148498,0.029154419679333,-673.5930735930735
-3.1,0.03,30637.00000000001,0.0222351583559706,0.0293907225132347,-689.6310039167181
-3.1,0.0325,30627.000000000025,0.0223219186588255,0.0296303207090417,-689.6310039167181
-3.1,0.035,30658.00000000001,0.0224155518550789,0.0298661549780682,-705.6689342403629
-3.1,0.0375,30652.00000000002,0.0225068727679853,0.0301091032258668,-721.7068645640074
-3.1,0.04,30652.000000000025,0.0226038983102041,0.0303437443910152,-721.7068645640074
-3.1,0.0425,30649.00000000001,0.0226969486151578,0.0305884174181689,-733.5188620902907
-3.1,0.0449999999999999,30659.000000000025,0.0227949847055953,0.0308282619347141,-741.9501133786848
-3.1,0.0474999999999999,30685.00000000001,0.0228917561291255,0.0310745779963711,-742.8571428571427
-3.1,0.0499999999999999,30688.000000000025,0.0229871687327073,0.03130781537612,-760.5442176870747
-3.1,0.0524999999999999,30700.000000000025,0.0230857639804383,0.0315579701484864,-769.3877551020407
-3.1,0.0549999999999999,30718.00000000001,0.0231911764577833,0.0318007161667211,-778.2312925170066
-3.1,0.0574999999999999,30729.000000000025,0.0232986854997926,0.0320430511224696,-778.2312925170066
-3.1,0.06,30721.00000000001,0.0234018525487976,0.0322840125052395,-795.9183673469387
-3.1,0.0625,30715.00000000002,0.0235094885224729,0.032525915733582,-804.7619047619046
-3.1,0.065,30734.000000000025,0.0236241159339041,0.0327686440424836,-814.5124716553288
-3.1,0.0675,30740.00000000001,0.0237306510462423,0.0330126947317047,-814.5124716553288
-3.1,0.07,30760.000000000025,0.0238408747612632,0.0332604950600838,-833.0241187384045
-3.1,0.0725,30765.00000000001,0.0239518478805038,0.0335056139538129,-831.4574314574315
-3.1,0.075,30784.00000000001,0.0240687876927407,0.0337490633514189,-850.7936507936508
-3.1,0.0774999999999999,30811.000000000025,0.0241877799655763,0.0339916963377392,-850.7936507936508
-3.1,0.0799999999999999,30811.00000000001,0.0243063450831256,0.0342294385909845,-860.4617604617605
-3.1,0.0824999999999999,30824.00000000002,0.0244220396530298,0.034466006692791,-870.1298701298701
-3.1,0.0849999999999999,30808.000000000025,0.0245424243302339,0.034708559153247,-879.7979797979798
-3.1,0.0875,30821.00000000001,0.0246628513429834,0.0349544056481446,-887.0748299319728
-3.1,0.09,30839.00000000002,0.0247862345108718,0.0351978086263306,-897.1552257266543
-3.1,0.0925,30855.000000000025,0.0249016789418007,0.0354494104118599,-907.2356215213358
-3.1,0.095,30854.00000000001,0.0250315140816751,0.0356938156196785,-912.8633271490417
-3.1,0.0975,30889.00000000002,0.0251638584329115,0.0359379593155858,-923.3560090702948
-3.1,0.1,30901.000000000025,0.0252869257505764,0.0361797602917028,-933.848690991548
-3.0,-0.1,31476.000000000025,0.0198904522450103,0.0171910172355761,-218.0787466501752
-3.0,-0.0975,31501.00000000002,0.0198861209236203,0.0173907729620571,-224.22180993609564
-3.0,-0.095,31489.00000000001,0.0198845884247078,0.0175911064115026,-230.3648732220161
-3.0,-0.0925,31489.000000000025,0.0198827490676633,0.0177878210721372,-242.65099979385693
-3.0,-0.09,31507.00000000002,0.019888771187819,0.0179901568146175,-253.2467532467533
-3.0,-0.0875,31516.00000000001,0.0198908563793461,0.0181936815975025,-261.03896103896113
-3.0,-0.085,31513.000000000025,0.0199006440750016,0.018402692319109,-272.72727272727275
-3.0,-0.0825,31515.00000000002,0.0199028027689309,0.0186141765883012,-276.62337662337666
-3.0,-0.08,31542.00000000001,0.019919346785619,0.0188154393310304,-284.4155844155845
-3.0,-0.0775,31567.000000000025,0.0199284519831946,0.0190290848533139,-288.3116883116884
-3.0,-0.075,31560.00000000002,0.0199413057021527,0.0192389315536748,-307.7922077922079
-3.0,-0.0725,31580.00000000001,0.0199565847309102,0.0194523706299715,-315.58441558441564
-3.0,-0.07,31593.000000000025,0.019981184175607,0.0196604206524624,-327.27272727272737
-3.0,-0.0675,31609.00000000002,0.019994909086526,0.0198843820550755,-336.0544217687075
-3.0,-0.065,31632.000000000025,0.020015953002948,0.0200895565512996,-339.8886827458255
-3.0,-0.0625,31650.00000000002,0.0200392143838704,0.0203051899214844,-344.6093588950731
-3.0,-0.06,31649.00000000001,0.0200641412201726,0.0205193202854727,-354.05071119356825
-3.0,-0.0575,31655.000000000025,0.020097418536201,0.0207383990450184,-368.212739641311
-3.0,-0.055,31659.00000000001,0.0201223719605276,0.0209575875777169,-368.212739641311
-3.0,-0.0525,31662.000000000025,0.0201559645511826,0.0211778165116373,-387.09544423830135
-3.0,-0.05,31655.00000000002,0.020188444472632,0.021398891949113,-387.0954442383013
-3.0,-0.0475,31664.00000000001,0.0202177177272075,0.0216281765883415,-405.9781488352916
-3.0,-0.045,31673.000000000025,0.0202575836043448,0.0218481076147473,-410.6369820655534
-3.0,-0.0425,31672.00000000001,0.0202944360529392,0.0220715733840801,-415.8936301793445
-3.0,-0.04,31683.000000000025,0.020338672324171,0.0222945647637386,-421.43887858173576
-3.0,-0.0375,31671.00000000002,0.0203763410056626,0.0225219373484283,-432.5293753865183
-3.0,-0.035,31677.00000000001,0.0204272103093659,0.0227427713601772,-438.0746237889096
-3.0,-0.0325,31697.000000000025,0.0204746133339527,0.0229663002143495,-454.7103689960833
-3.0,-0.03,31711.00000000001,0.0205215297346687,0.0231954731615657,-454.7103689960833
-3.0,-0.0275,31734.000000000025,0.0205772267547265,0.0234251684710478,-465.8008658008658
-3.0,-0.025,31740.00000000001,0.0206280484272904,0.0236556287806721,-471.34611420325706
-3.0,-0.0225,31775.000000000025,0.0206812660421539,0.0238873944786693,-482.4366110080396
-3.0,-0.02,31769.00000000001,0.0207376923896191,0.0241119910675536,-490.4761904761905
-3.0,-0.0175,31777.000000000025,0.0207951207340489,0.0243434855243228,-509.5856524427953
-3.0,-0.015,31780.00000000002,0.0208531599785619,0.0245773340956504,-515.9554730983302
-3.0,-0.0124999999999999,31790.000000000025,0.0209101863336409,0.0248076515526961,-522.3252937538653
-3.0,-0.01,31806.00000000002,0.0209748273574416,0.0250375832269867,-528.6951144094
-3.0,-0.0075,31802.000000000025,0.0210400886458954,0.025268577476074,-535.0649350649351
-3.0,-0.005,31799.00000000002,0.0211027895069192,0.0255032927161718,-547.804576376005
-3.0,-0.0025,31801.000000000025,0.021169527951971,0.0257348592132026,-554.1743970315399
-3.0,0.0,31798.000000000025,0.0212426996804776,0.0259688469225212,-569.6969696969699
-3.0,0.0025,31813.000000000025,0.0213176147590924,0.026205616345258,-583.2611832611834
-3.0,0.0049999999999999,31842.00000000002,0.0213896350156367,0.0264436674857996,-589.9402185116471
-3.0,0.0074999999999999,31822.00000000003,0.0214639927998688,0.0266816615608349,-597.1346114203258
-3.0,0.0099999999999999,31845.00000000002,0.0215439846472985,0.026913395971643,-604.3290043290044
-3.0,0.0124999999999999,31852.00000000003,0.0216172657110084,0.0271559896323509,-611.523397237683
-3.0,0.015,31836.00000000002,0.0216955899056589,0.0273892557627293,-611.523397237683
-3.0,0.0175,31863.000000000025,0.0217818851422828,0.0276252332305797,-625.9121830550403
-3.0,0.0199999999999999,31883.00000000001,0.021868020257524,0.0278556652206647,-625.9121830550403
-3.0,0.0224999999999999,31898.000000000025,0.0219581693864632,0.0280954572113997,-640.3009688723974
-3.0,0.0249999999999999,31895.00000000001,0.0220471460141743,0.0283350151111931,-654.1743970315398
-3.0,0.0274999999999999,31893.000000000025,0.0221292198753344,0.0285744192918319,-661.7810760667902
-3.0,0.03,31907.00000000001,0.0222275737098673,0.0288120085169216,-673.5930735930735
-3.0,0.0325,31926.000000000025,0.0223134411276927,0.0290542424921099,-673.5930735930735
-3.0,0.035,31919.00000000001,0.0224158649537078,0.0292915685977628,-689.6310039167181
-3.0,0.0375,31921.00000000002,0.0225094604686101,0.0295274979023663,-689.6310039167181
-3.0,0.04,31945.000000000025,0.0226075051749468,0.0297583861424955,-705.6689342403629
-3.0,0.0425,31944.00000000001,0.0227101892288456,0.0299978161217536,-705.6689342403629
-3.0,0.0449999999999999,31946.000000000025,0.0228146996927067,0.0302410868349808,-721.7068645640074
-3.0,0.0474999999999999,31959.00000000001,0.0229163233160313,0.0304804186986994,-733.5188620902907
-3.0,0.0499999999999999,31968.000000000025,0.0230246789136719,0.030723642947823,-733.5188620902907
-3.0,0.0524999999999999,31977.000000000025,0.0231313255764278,0.0309675814397089,-742.8571428571427
-3.0,0.0549999999999999,31976.00000000002,0.023238074778732,0.031204681703122,-760.5442176870747
-3.0,0.0574999999999999,32000.000000000025,0.0233420365626133,0.031446743364367,-760.5442176870747
-3.0,0.06,32007.00000000001,0.0234591366511945,0.0316877038096062,-778.2312925170066
-3.0,0.0625,32027.000000000025,0.0235730361199096,0.0319289419251379,-778.2312925170066
-3.0,0.065,32040.000000000025,0.023686308836882,0.0321692712297664,-804.7619047619046
-3.0,0.0675,32072.00000000001,0.0238037127726539,0.03241506212634,-796.0008245722531
-3.0,0.07,32090.000000000025,0.0239231584002238,0.0326565074522554,-814.5124716553288
-3.0,0.0725,32083.00000000001,0.0240399133442819,0.0328960813892896,-814.5124716553288
-3.0,0.075,32099.00000000002,0.0241608972749878,0.0331410599555601,-833.0241187384045
-3.0,0.0774999999999999,32117.000000000025,0.0242816517880646,0.0333826722922323,-831.4574314574315
-3.0,0.0799999999999999,32131.00000000001,0.0244035336042672,0.033630036516251,-841.1255411255412
-3.0,0.0824999999999999,32129.00000000002,0.0245322102609876,0.0338740538079295,-850.7936507936508
-3.0,0.0849999999999999,32142.000000000025,0.0246646002740009,0.0341124766578814,-860.4617604617605
-3.0,0.0875,32151.00000000001,0.0247887802143131,0.0343449674094532,-870.1298701298701
-3.0,0.09,32154.00000000002,0.0249163319385831,0.0345837584049206,-876.9944341372914
-3.0,0.0925,32175.000000000025,0.025047477078171,0.034826061417927,-897.1552257266543
-3.0,0.095,32184.00000000001,0.0251830986867232,0.0350635004607981,-897.1552257266543
-3.0,0.0975,32196.00000000002,0.0253110908142605,0.0353140711937024,-907.2356215213358
-3.0,0.1,32223.000000000025,0.0254486366519631,0.0355609202434427,-917.3160173160172
-2.9,-0.1,32703.000000000025,0.0199250264348963,0.0167209816783809,-193.50649350649348
-2.9,-0.0975,32700.00000000002,0.0199118464398552,0.0169101772913562,-208.8641517212946
-2.9,-0.095,32709.00000000001,0.0199070489682538,0.0171067923308874,-211.9356833642548
-2.9,-0.0925,32725.000000000025,0.0199041118091584,0.017300857779179,-227.29334157905583
-2.9,-0.09,32731.00000000002,0.0199038248469459,0.0174992191211191,-230.3648732220161
-2.9,-0.0875,32738.00000000001,0.0199018777644571,0.0176995781961808,-236.5079365079365
-2.9,-0.085,32738.000000000025,0.0199088437638657,0.0179009619366705,-250.834879406308
-2.9,-0.0825,32766.000000000025,0.019908641708163,0.0181033865487766,-253.2467532467533
-2.9,-0.08,32764.00000000001,0.0199206687299821,0.0183091746035512,-264.93506493506504
-2.9,-0.0775,32768.00000000002,0.0199294400900816,0.0185176618347237,-276.62337662337666
-2.9,-0.075,32774.00000000002,0.019938066388632,0.0187203713738019,-288.3116883116884
-2.9,-0.0725,32784.000000000015,0.0199497651124037,0.0189311288925779,-296.1038961038962
-2.9,-0.07,32815.00000000002,0.0199664013909425,0.019144594931101,-300.0000000000001
-2.9,-0.0675,32829.000000000015,0.0199812524763091,0.0193565180526522,-307.7922077922078
-2.9,-0.065,32829.00000000002,0.019998463451812,0.0195658615267108,-319.48051948051955
-2.9,-0.0625,32862.00000000002,0.0200197062536871,0.0197830739560844,-331.74603174603175
-2.9,-0.06,32870.000000000015,0.0200399925503742,0.0199980912358328,-339.8886827458255
-2.9,-0.0575,32893.00000000002,0.0200622245145327,0.0202101236358475,-349.3300350443207
-2.9,-0.055,32893.000000000015,0.0200903786992384,0.0204234186500694,-349.3300350443207
-2.9,-0.0525,32900.00000000002,0.0201207524586072,0.0206430960709313,-368.212739641311
-2.9,-0.05,32925.00000000002,0.0201511022950825,0.0208607094944523,-368.212739641311
-2.9,-0.0475,32916.000000000015,0.0201824088644931,0.0210826964443711,-372.93341579055857
-2.9,-0.045,32904.00000000002,0.0202142370686862,0.0212998928669934,-387.0954442383013
-2.9,-0.0425,32922.000000000015,0.02025142182128,0.0215267856946753,-396.5367965367964
-2.9,-0.04,32932.00000000002,0.0202914286570921,0.0217485501595688,-410.6369820655534
-2.9,-0.0375,32921.00000000002,0.0203288673219564,0.0219768938879254,-410.3483817769532
-2.9,-0.035,32928.000000000015,0.020373911933988,0.0221976163230329,-415.8936301793445
-2.9,-0.0325,32943.00000000002,0.0204193021271832,0.02242199981541,-432.5293753865183
-2.9,-0.03,32964.000000000015,0.0204652545061934,0.0226493886098338,-443.6198721913008
-2.9,-0.0275,32952.00000000002,0.0205149794716748,0.0228737777013451,-449.16512059369205
-2.9,-0.025,32954.000000000015,0.0205659304111619,0.0230981122949553,-454.7103689960833
-2.9,-0.0225,32970.00000000002,0.0206214853668172,0.0233305811929445,-460.25561739847456
-2.9,-0.02,32993.00000000002,0.0206767922982632,0.0235593991681145,-471.34611420325706
-2.9,-0.0175,33021.00000000002,0.0207340702378194,0.0237911779768927,-482.4366110080396
-2.9,-0.015,33021.00000000002,0.0207925046861212,0.0240171998052684,-488.5178313749742
-2.9,-0.0124999999999999,33035.00000000003,0.0208580637282726,0.0242434201122707,-503.2158317872604
-2.9,-0.01,33045.00000000002,0.0209177411336172,0.0244724929659637,-509.5856524427953
-2.9,-0.0075,33067.00000000002,0.020983552932065,0.0247069715449941,-522.3252937538653
-2.9,-0.005,33057.00000000002,0.0210466150441351,0.0249396744087538,-535.0649350649351
-2.9,-0.0025,33064.00000000002,0.021116372091521,0.0251690605905937,-535.0649350649351
-2.9,0.0,33071.00000000002,0.0211877200297925,0.0254034383769528,-547.804576376005
-2.9,0.0025,33076.00000000003,0.0212621936459734,0.0256358576308703,-560.5442176870748
-2.9,0.0049999999999999,33060.00000000002,0.0213371570934931,0.0258651887818172,-556.1327561327563
-2.9,0.0074999999999999,33089.00000000003,0.0214147360925285,0.0260989415069368,-576.4790764790766
-2.9,0.0099999999999999,33090.00000000002,0.02149208885766,0.0263363504389575,-589.9402185116471
-2.9,0.0124999999999999,33099.00000000002,0.0215724801732683,0.0265662157708223,-589.9402185116471
-2.9,0.015,33108.00000000002,0.0216523895522908,0.0268073937078236,-604.3290043290044
-2.9,0.0175,33123.00000000003,0.0217327827620621,0.0270456251891398,-597.1346114203258
-2.9,0.0199999999999999,33137.00000000002,0.0218199485484698,0.0272822258647108,-611.523397237683
-2.9,0.0224999999999999,33141.00000000003,0.0219092354637921,0.0275159136974501,-618.7177901463615
-2.9,0.0249999999999999,33147.000000000015,0.022002224914259,0.0277466372818824,-633.1065759637188
-2.9,0.0274999999999999,33145.00000000002,0.022091251980413,0.0279829617081161,-633.1065759637188
-2.9,0.03,33156.000000000015,0.022189762335628,0.0282225581525005,-638.9610389610389
-2.9,0.0325,33156.00000000002,0.0222749130717713,0.0284610625064196,-661.7810760667902
-2.9,0.035,33171.000000000015,0.0223760849903691,0.0286962301853117,-673.5930735930735
-2.9,0.0375,33181.00000000002,0.0224739533245505,0.0289392760354809,-673.5930735930735
-2.9,0.04,33187.00000000003,0.0225776506767819,0.0291823109107813,-689.6310039167181
-2.9,0.0425,33191.000000000015,0.0226803121403581,0.0294194750261257,-689.6310039167181
-2.9,0.0449999999999999,33216.00000000002,0.0227837876175067,0.0296553864200906,-705.6689342403629
-2.9,0.0474999999999999,33230.000000000015,0.0228923559109641,0.0298892628878688,-705.6689342403629
-2.9,0.0499999999999999,33226.00000000002,0.0229996108760935,0.0301318633775179,-713.6878994021852
-2.9,0.0524999999999999,33242.00000000002,0.0231095492275294,0.0303727954951144,-733.5188620902907
-2.9,0.0549999999999999,33249.00000000002,0.0232233712611476,0.0306146131365508,-733.5188620902907
-2.9,0.0574999999999999,33262.00000000002,0.0233375262372851,0.0308550844098988,-741.9501133786848
-2.9,0.06,33271.000000000015,0.023448908541229,0.0310967255500214,-760.5442176870747
-2.9,0.0625,33271.00000000002,0.0235658953260946,0.0313326522803887,-760.5442176870747
-2.9,0.065,33292.00000000002,0.0236863219548285,0.0315771919920549,-769.3877551020407
-2.9,0.0675,33315.000000000015,0.0238060616740099,0.0318229789214073,-778.2312925170066
-2.9,0.07,33330.00000000002,0.0239279192326416,0.0320628088311469,-787.0748299319727
-2.9,0.0725,33336.000000000015,0.0240448636329222,0.0323021481707049,-795.9183673469387
-2.9,0.075,33376.000000000015,0.0241686894859452,0.0325412737238921,-805.2566481137909
-2.9,0.0774999999999999,33376.00000000002,0.0243000404917459,0.0327842697919881,-814.5124716553288
-2.9,0.0799999999999999,33394.000000000015,0.0244255132315169,0.0330251114589728,-823.7682951968667
-2.9,0.0824999999999999,33399.00000000002,0.0245572684181964,0.033269149005824,-831.4574314574315
-2.9,0.0849999999999999,33408.00000000002,0.0246891471392011,0.0335133450174762,-841.1255411255412
-2.9,0.0875,33403.000000000015,0.0248255020807067,0.0337590321503197,-850.7936507936508
-2.9,0.09,33414.00000000002,0.024964167720239,0.0339997900954517,-860.4617604617605
-2.9,0.0925,33449.00000000002,0.0250988644544717,0.0342383121657271,-860.4617604617605
-2.9,0.095,33451.000000000015,0.0252332847822187,0.0344739748325659,-879.7979797979798
-2.9,0.0975,33453.00000000002,0.0253742599479174,0.0347132816688987,-887.0748299319728
-2.9,0.1,33474.00000000002,0.0255166722438462,0.0349576088083004,-897.1552257266543
-2.8,-0.1,33908.00000000003,0.0199164559785011,0.0162549315407129,-175.07730364873223
-2.8,-0.0975,33909.000000000015,0.0198973291235808,0.0164447517917315,-178.14883529169242
-2.8,-0.095,33932.000000000015,0.0198883643597175,0.0166353832484719,-193.50649350649348
-2.8,-0.0925,33952.00000000003,0.0198746927450166,0.0168247532824466,-196.57802514945368
-2.8,-0.09,33961.00000000002,0.0198710923385942,0.0170186638199821,-208.86415172129452
-2.8,-0.0875,33963.000000000015,0.0198638579230581,0.017215228210823,-218.0787466501752
-2.8,-0.085,33951.00000000003,0.0198603400412133,0.0174111068446198,-227.29334157905583
-2.8,-0.0825,33970.00000000002,0.0198556420231776,0.0176113586475713,-236.5079365079365
-2.8,-0.08,33981.000000000015,0.0198598085758778,0.017811341301344,-240.38342609771183
-2.8,-0.0775,33990.00000000003,0.0198593056701039,0.0180180740848553,-253.2467532467533
-2.8,-0.075,34002.000000000015,0.0198631434847592,0.0182192034876657,-261.03896103896113
-2.8,-0.0725,34007.000000000015,0.0198714170017319,0.0184278934524942,-268.83116883116884
-2.8,-0.07,34008.00000000002,0.0198775553177287,0.0186366363602356,-276.62337662337666
-2.8,-0.0675,34025.000000000015,0.0198967183019405,0.0188381161334487,-288.3116883116884
-2.8,-0.065,34039.00000000003,0.0199074850781374,0.0190508965608203,-296.1038961038962
-2.8,-0.0625,34073.00000000002,0.0199249739815803,0.0192639429563205,-307.7922077922079
-2.8,-0.06,34074.000000000015,0.019947003407777,0.0194751970306334,-315.58441558441564
-2.8,-0.0575,34099.00000000003,0.0199700706823773,0.0196907201575454,-323.37662337662346
-2.8,-0.055,34114.000000000015,0.0199899431281134,0.0199097022422188,-336.0544217687075
-2.8,-0.0525,34123.00000000003,0.0200164780235596,0.0201181924973064,-339.8886827458255
-2.8,-0.05,34130.00000000002,0.0200437702213578,0.0203329356511851,-349.3300350443207
-2.8,-0.0475,34134.000000000015,0.0200785835733457,0.0205508659731389,-354.05071119356825
-2.8,-0.045,34148.00000000002,0.0201108414533368,0.0207712984181034,-368.212739641311
-2.8,-0.0425,34166.000000000015,0.0201433203889757,0.0209904153654878,-377.65409193980616
-2.8,-0.04,34176.00000000003,0.0201818424016545,0.0212121826827643,-382.37476808905376
-2.8,-0.0375,34177.00000000002,0.020220412114864,0.0214361491027697,-391.8161203875489
-2.8,-0.035,34183.000000000015,0.0202545346831962,0.0216637337833992,-401.257472686044
-2.8,-0.0325,34203.00000000002,0.0203034157274406,0.0218869549297359,-405.504019789734
-2.8,-0.03,34212.000000000015,0.0203452034325551,0.0221098927544927,-421.4388785817357
-2.8,-0.0275,34216.00000000002,0.0203985513281703,0.0223387892579641,-426.984126984127
-2.8,-0.025,34225.000000000015,0.0204434529563209,0.0225628343997708,-432.5293753865183
-2.8,-0.0225,34235.00000000002,0.020501814533408,0.0227834311598484,-438.0746237889096
-2.8,-0.02,34239.000000000015,0.0205544502018869,0.0230113802348598,-449.16512059369205
-2.8,-0.0175,34269.00000000002,0.0206119202696802,0.0232407419547385,-465.8008658008658
-2.8,-0.015,34283.000000000015,0.0206733389429591,0.0234702071989272,-471.34611420325706
-2.8,-0.0124999999999999,34288.00000000002,0.020728967632242,0.0237000456102682,-476.89136260564834
-2.8,-0.01,34333.00000000002,0.0207983309600482,0.0239314548345479,-482.5602968460111
-2.8,-0.0075,34316.00000000003,0.0208565913698699,0.0241607539006996,-496.8460111317255
-2.8,-0.005,34328.000000000015,0.0209270368496477,0.0243900192442984,-503.2158317872604
-2.8,-0.0025,34332.00000000002,0.020994469877384,0.0246230053265457,-509.5856524427953
-2.8,0.0,34357.00000000002,0.0210712103090627,0.0248541275577792,-535.0649350649351
-2.8,0.0025,34346.00000000003,0.021138071352035,0.0250830520405723,-528.6951144094
-2.8,0.0049999999999999,34362.00000000002,0.0212193093502442,0.0253139949821459,-541.4347557204701
-2.8,0.0074999999999999,34362.00000000003,0.0212966655121123,0.0255476029389907,-554.1743970315399
-2.8,0.0099999999999999,34346.00000000002,0.0213758687861695,0.0257812460740973,-560.5442176870748
-2.8,0.0124999999999999,34368.00000000003,0.0214639794019131,0.0260150246575051,-569.6969696969699
-2.8,0.015,34372.000000000015,0.0215435301455255,0.02625539196974,-583.2611832611834
-2.8,0.0175,34374.00000000003,0.0216317890927728,0.0264888743810048,-582.7458256029686
-2.8,0.0199999999999999,34388.00000000002,0.0217188497773097,0.0267272670037281,-589.9402185116471
-2.8,0.0224999999999999,34384.00000000003,0.0218070698901438,0.0269611670133138,-604.3290043290044
-2.8,0.0249999999999999,34402.000000000015,0.0219021192199285,0.0271998812057884,-604.3290043290044
-2.8,0.0274999999999999,34430.00000000002,0.0219950751003647,0.0274348149169638,-611.523397237683
-2.8,0.03,34453.000000000015,0.0220967069980892,0.027667166422284,-633.1065759637188
-2.8,0.0325,34437.00000000002,0.0221938225258507,0.0279023297448481,-640.3009688723976
-2.8,0.035,34434.000000000015,0.0222978623239765,0.0281430247333823,-646.5677179962893
-2.8,0.0375,34477.00000000002,0.0223981013460019,0.0283789143118779,-661.7810760667902
-2.8,0.04,34465.00000000003,0.0224986666273003,0.0286152423104655,-665.5741084312513
-2.8,0.0425,34476.000000000015,0.0226068624239274,0.0288529596988464,-665.5741084312513
-2.8,0.0449999999999999,34495.00000000003,0.0227168750930455,0.0290977468404743,-673.5930735930735
-2.8,0.0474999999999999,34513.000000000015,0.0228314056935526,0.0293320795790375,-681.6120387548958
-2.8,0.0499999999999999,34512.00000000002,0.0229362219320406,0.0295663375972179,-697.6499690785406
-2.8,0.0524999999999999,34531.00000000003,0.0230536214763242,0.0297997931002334,-705.6689342403629
-2.8,0.0549999999999999,34548.000000000015,0.0231703105227243,0.0300391220939095,-721.7068645640074
-2.8,0.0574999999999999,34564.00000000002,0.0232893481195412,0.0302799281792313,-729.7258297258297
-2.8,0.06,34589.000000000015,0.0234111298739617,0.0305212733470348,-733.5188620902907
-2.8,0.0625,34603.00000000002,0.0235377276356931,0.0307585028542744,-741.9501133786848
-2.8,0.065,34609.00000000003,0.0236589252771225,0.031000980194542,-742.8571428571427
-2.8,0.0675,34629.000000000015,0.0237839428780183,0.0312360348709914,-760.5442176870747
-2.8,0.07,34629.00000000002,0.0239082733955164,0.0314811897166686,-760.5442176870747
-2.8,0.0725,34652.00000000001,0.0240398068193739,0.0317194608301962,-778.2312925170066
-2.8,0.075,34682.00000000002,0.0241728780187905,0.0319558210278506,-778.2312925170066
-2.8,0.0774999999999999,34684.00000000002,0.0243038206311446,0.032197679744526,-795.9183673469387
-2.8,0.0799999999999999,34681.000000000015,0.0244367767156173,0.0324359847108241,-796.0008245722531
-2.8,0.0824999999999999,34709.00000000002,0.0245769361561859,0.0326774294887736,-814.5124716553288
-2.8,0.0849999999999999,34712.00000000002,0.0247117458177221,0.0329195845697622,-814.5124716553288
-2.8,0.0875,34731.000000000015,0.0248568734255958,0.0331630533500497,-833.0241187384045
-2.8,0.09,34755.000000000015,0.0249910904606408,0.0334056643400826,-841.1255411255412
-2.8,0.0925,34745.00000000002,0.0251314329771662,0.0336491798589149,-841.1255411255412
-2.8,0.095,34773.000000000015,0.0252760135134764,0.0338920682588586,-850.7936507936508
-2.8,0.0975,34807.000000000015,0.0254298546705,0.0341289519076023,-860.4617604617605
-2.8,0.1,34812.00000000002,0.0255702156954412,0.034363575144878,-870.1298701298701
-2.7,-0.1,35175.00000000003,0.0199604239325238,0.0158276535286604,-155.04019789734076
-2.7,-0.0975,35200.00000000002,0.0199400342624364,0.0160152656346723,-162.21397649969083
-2.7,-0.095,35226.000000000015,0.0199200489172992,0.0161982286311343,-165.86270871985155
-2.7,-0.0925,35244.00000000003,0.0199024368457504,0.0163819289230629,-178.14883529169242
-2.7,-0.09,35255.00000000002,0.0198903933164025,0.0165741327649656,-187.36343022057304
-2.7,-0.0875,35284.000000000015,0.0198793707683464,0.0167679042079051,-193.50649350649348
-2.7,-0.085,35283.00000000003,0.0198689074590499,0.016956461907676,-205.7926200783344
-2.7,-0.0825,35269.00000000002,0.0198582099451082,0.0171484731380933,-218.0787466501752
-2.7,-0.08,35270.000000000015,0.0198578296280461,0.0173434307247889,-224.22180993609564
-2.7,-0.0775,35264.00000000003,0.0198585605931873,0.0175456840782743,-230.3648732220161
-2.7,-0.075,35284.000000000015,0.0198542375097614,0.0177385900909729,-236.89960832817977
-2.7,-0.0725,35295.000000000015,0.0198626904721757,0.0179413383687016,-247.3510616367759
-2.7,-0.07,35319.00000000003,0.0198657670096258,0.0181444988922958,-261.03896103896113
-2.7,-0.0675,35314.000000000015,0.0198766989128621,0.0183529365009653,-264.93506493506504
-2.7,-0.065,35321.00000000003,0.0198810990692546,0.0185620018276263,-276.62337662337666
-2.7,-0.0625,35327.00000000002,0.0198998944188247,0.0187612431230486,-284.4155844155845
-2.7,-0.06,35341.000000000015,0.0199163761942185,0.0189736543217172,-292.2077922077923
-2.7,-0.0575,35369.00000000003,0.0199334839868991,0.0191841257004912,-300.0000000000001
-2.7,-0.055,35375.000000000015,0.019953170693857,0.019394871312471,-311.6883116883117
-2.7,-0.0525,35389.00000000003,0.0199785200330446,0.0196050166808608,-319.48051948051955
-2.7,-0.05,35409.00000000002,0.0200041942275565,0.0198212159296202,-331.74603174603175
-2.7,-0.0475,35422.000000000015,0.0200274397948625,0.0200328913081832,-339.8886827458255
-2.7,-0.045,35428.00000000003,0.0200552042640726,0.0202468268246459,-349.3300350443207
-2.7,-0.0425,35426.000000000015,0.0200882578882022,0.0204633102801371,-354.05071119356825
-2.7,-0.04,35428.00000000003,0.0201235093113807,0.020680597685134,-363.4920634920634
-2.7,-0.0375,35437.00000000002,0.0201585832940349,0.0208992625913433,-372.93341579055857
-2.7,-0.035,35438.000000000015,0.0201993637480022,0.0211194276027323,-387.09544423830135
-2.7,-0.0325,35442.00000000002,0.0202385648146391,0.0213378788800719,-396.5367965367964
-2.7,-0.03,35462.000000000015,0.0202764206595359,0.0215641493916647,-401.257472686044
-2.7,-0.0275,35479.00000000003,0.0203276759171904,0.0217880578627706,-410.6369820655534
-2.7,-0.025,35488.000000000015,0.0203723242102107,0.0220098969646028,-415.8936301793445
-2.7,-0.0225,35519.00000000003,0.0204303814630355,0.0222339925966765,-421.43887858173576
-2.7,-0.02,35530.000000000015,0.0204790005499575,0.022459033045252,-426.984126984127
-2.7,-0.0175,35541.00000000003,0.0205393128506733,0.0226798134669696,-443.6198721913008
-2.7,-0.015,35546.000000000015,0.0205981998478832,0.0229037951924343,-454.7103689960833
-2.7,-0.0124999999999999,35554.00000000003,0.0206565238056733,0.0231316564733494,-460.25561739847456
-2.7,-0.01,35579.00000000002,0.0207205979845378,0.023361066652025,-465.8008658008658
-2.7,-0.0075,35578.00000000003,0.0207872050939203,0.0235961263116746,-476.8913626056483
-2.7,-0.005,35588.00000000002,0.0208553812749212,0.0238234709833348,-494.47536590393736
-2.7,-0.0025,35600.00000000003,0.0209231683749793,0.0240505287644125,-494.47536590393736
-2.7,0.0,35616.00000000002,0.0209988386693718,0.0242805893399972,-503.2158317872604
-2.7,0.0025,35625.00000000003,0.0210756716955548,0.0245124458249328,-509.5856524427953
-2.7,0.0049999999999999,35616.00000000002,0.0211477241306593,0.0247442842671463,-522.3252937538653
-2.7,0.0074999999999999,35628.00000000003,0.0212314846235916,0.0249717994718679,-528.6951144094003
-2.7,0.0099999999999999,35642.00000000002,0.0213075315954281,0.0252060679695459,-541.4347557204701
-2.7,0.0124999999999999,35648.00000000003,0.0213913002935309,0.0254401462930811,-541.4347557204701
-2.7,0.015,35638.00000000002,0.0214707756706208,0.0256743189724046,-547.804576376005
-2.7,0.0175,35645.00000000003,0.0215609140508537,0.0259019587053327,-556.1327561327563
-2.7,0.0199999999999999,35662.000000000015,0.0216522244312976,0.0261395538644065,-576.4790764790766
-2.7,0.0224999999999999,35665.00000000003,0.0217429649693978,0.0263758452652073,-589.9402185116471
-2.7,0.0249999999999999,35688.000000000015,0.0218384260527272,0.0266087609809055,-597.1346114203258
-2.7,0.0274999999999999,35683.00000000002,0.0219341475373797,0.0268479549378196,-597.1346114203258
-2.7,0.03,35684.000000000015,0.0220344703453082,0.0270856786758949,-604.3290043290044
-2.7,0.0325,35695.00000000003,0.0221337525037725,0.0273207443259394,-611.523397237683
-2.7,0.035,35712.000000000015,0.0222381309119298,0.0275555125461464,-618.7177901463615
-2.7,0.0375,35727.00000000002,0.0223390033717684,0.0277881677367889,-625.9121830550403
-2.7,0.04,35752.00000000003,0.022452182866288,0.0280259366566383,-638.9610389610389
-2.7,0.0425,35757.000000000015,0.0225617532965369,0.0282666060294264,-646.5677179962893
-2.7,0.0449999999999999,35770.00000000003,0.0226688740076851,0.0285028537271682,-661.7810760667902
-2.7,0.0474999999999999,35774.000000000015,0.02278561368782,0.0287418613468224,-673.5930735930735
-2.7,0.0499999999999999,35807.00000000002,0.0228984085627492,0.0289800758944602,-673.5930735930735
-2.7,0.0524999999999999,35820.00000000003,0.0230240076532344,0.0292236760631695,-689.6310039167181
-2.7,0.0549999999999999,35828.000000000015,0.0231398176380487,0.0294598074011386,-689.6310039167181
-2.7,0.0574999999999999,35865.00000000003,0.0232589337279921,0.0296948069073095,-705.6689342403629
-2.7,0.06,35868.000000000015,0.0233858546454438,0.0299286265999938,-705.6689342403629
-2.7,0.0625,35887.00000000002,0.0235138705405069,0.0301732130179793,-725.0876108018965
-2.7,0.065,35925.00000000003,0.0236420886435457,0.0304116760407466,-733.5188620902907
-2.7,0.0675,35923.000000000015,0.0237722437210339,0.0306523919362042,-741.9501133786848
-2.7,0.07,35936.00000000002,0.0239075953592829,0.0308927167079758,-742.8571428571427
-2.7,0.0725,35966.000000000015,0.0240369470087016,0.031135155246205,-769.3877551020407
-2.7,0.075,35952.000000000015,0.0241707371894862,0.0313728690813304,-760.5442176870747
-2.7,0.0774999999999999,35940.00000000002,0.0243083785529046,0.0316144977393921,-787.0748299319727
-2.7,0.0799999999999999,35966.000000000015,0.0244501673456757,0.031857272275115,-778.2312925170066
-2.7,0.0824999999999999,35980.00000000002,0.0245888333164202,0.0320962220367138,-795.9183673469387
-2.7,0.0849999999999999,36001.00000000003,0.0247308905635578,0.0323364052279528,-796.0008245722531
-2.7,0.0875,36014.000000000015,0.0248716108487781,0.0325802920045916,-814.5124716553288
-2.7,0.09,36050.000000000015,0.0250235542790851,0.0328223794514041,-823.7682951968666
-2.7,0.0925,36054.00000000003,0.0251700046100451,0.0330648068942084,-833.0241187384045
-2.7,0.095,36050.000000000015,0.0253183594380417,0.0333053751372624,-831.4574314574315
-2.7,0.0975,36078.00000000002,0.025473204709956,0.0335474753553771,-841.1255411255412
-2.7,0.1,36116.00000000002,0.0256323573048526,0.0337919674595041,-850.7936507936508
-2.6,-0.1,36408.00000000003,0.0200309327013039,0.0154198058926133,-130.32364460935892
-2.6,-0.0975,36424.00000000002,0.020003145212554,0.0155930484556907,-134.81756338899197
-2.6,-0.095,36431.000000000015,0.0199772762151859,0.0157727661536978,-152.79323850752422
-2.6,-0.0925,36436.00000000003,0.0199561320905253,0.0159522501744805,-162.21397649969083
-2.6,-0.09,36469.00000000002,0.0199350845087311,0.016136733774276,-164.87322201607918
-2.6,-0.0875,36480.000000000015,0.0199149704334972,0.0163217169159387,-178.14883529169242
-2.6,-0.085,36495.00000000003,0.0199021151387791,0.0165130774953245,-184.29189857761284
-2.6,-0.0825,36511.00000000002,0.0198905554593425,0.0167080197967536,-187.36343022057304
-2.6,-0.08,36523.000000000015,0.0198758687993184,0.016895986897527,-205.7926200783344
-2.6,-0.0775,36518.00000000003,0.0198672853425627,0.0170905727246497,-205.7926200783344
-2.6,-0.075,36511.00000000002,0.0198639455675522,0.0172866033577496,-227.29334157905583
-2.6,-0.0725,36516.000000000015,0.0198626542662362,0.0174818585914772,-230.3648732220161
-2.6,-0.07,36543.00000000003,0.019862866298391,0.0176849522788062,-242.6509997938569
-2.6,-0.0675,36528.000000000015,0.0198628064954818,0.0178842972738068,-240.38342609771183
-2.6,-0.065,36571.00000000003,0.0198662448241318,0.0180871547901015,-249.3506493506494
-2.6,-0.0625,36576.00000000002,0.0198766221991528,0.0182888016857447,-268.83116883116884
-2.6,-0.06,36576.000000000015,0.0198861307504509,0.0184998099070904,-276.62337662337666
-2.6,-0.0575,36599.00000000003,0.01990036202872,0.0187062155124385,-284.4155844155845
-2.6,-0.055,36601.000000000015,0.0199161520138363,0.0189123760776989,-292.2077922077923
-2.6,-0.0525,36619.00000000003,0.0199394951629769,0.0191200212962007,-296.1038961038962
-2.6,-0.05,36623.00000000003,0.0199578036793999,0.0193338159211898,-303.896103896104
-2.6,-0.0475,36629.000000000015,0.0199800250546448,0.0195415292301234,-307.7922077922079
-2.6,-0.045,36661.00000000003,0.0200030522654719,0.0197564282184688,-327.437641723356
-2.6,-0.0425,36694.000000000015,0.0200385287278416,0.019972284223291,-330.4473304473304
-2.6,-0.04,36696.00000000003,0.0200697752579115,0.0201799220689063,-344.6093588950731
-2.6,-0.0375,36699.00000000002,0.0201047708918541,0.020395773656469,-349.3300350443207
-2.6,-0.035,36688.000000000015,0.0201361542949774,0.0206162359594272,-368.212739641311
-2.6,-0.0325,36712.00000000003,0.0201763835282859,0.0208320038784448,-368.212739641311
-2.6,-0.03,36726.000000000015,0.020214410467104,0.0210545649509492,-377.65409193980616
-2.6,-0.0275,36744.00000000003,0.0202576144019626,0.0212720062047939,-387.09544423830135
-2.6,-0.025,36736.000000000015,0.0203055203047584,0.0214949071242631,-391.8161203875489
-2.6,-0.0225,36752.00000000003,0.0203570358112984,0.0217190380864887,-405.504019789734
-2.6,-0.02,36759.00000000002,0.0204049686144206,0.0219446169478003,-415.7699443413729
-2.6,-0.0175,36781.00000000003,0.0204589558454082,0.0221669891347377,-421.4388785817357
-2.6,-0.015,36787.00000000002,0.0205140108550346,0.0223948214355088,-432.5293753865183
-2.6,-0.0124999999999999,36806.00000000003,0.0205700592343837,0.0226206311720696,-438.0746237889096
-2.6,-0.01,36814.00000000002,0.0206300267742383,0.0228401155531032,-438.0746237889096
-2.6,-0.0075,36831.00000000003,0.0206952484796312,0.0230690178785302,-449.16512059369205
-2.6,-0.005,36825.00000000002,0.0207575991265052,0.0233001559463544,-465.8008658008658
-2.6,-0.0025,36864.00000000003,0.02082722801879,0.0235297268445112,-471.34611420325706
-2.6,0.0,36863.00000000002,0.0208981770155942,0.0237611834004521,-488.5178313749743
-2.6,0.0025,36862.00000000003,0.0209745541175299,0.0239880011956376,-500.4329004329004
-2.6,0.0049999999999999,36879.00000000002,0.0210481158785557,0.0242154340277562,-503.2158317872604
-2.6,0.0074999999999999,36879.00000000003,0.0211274581428453,0.0244458105872121,-509.5856524427953
-2.6,0.0099999999999999,36876.00000000002,0.0212094429544814,0.0246767295717065,-522.3252937538653
-2.6,0.0124999999999999,36893.00000000003,0.0212923436600835,0.0249075114708832,-528.6951144094003
-2.6,0.015,36880.00000000002,0.0213754114861518,0.025138386669953,-535.0649350649351
-2.6,0.0175,36886.00000000003,0.0214641098505063,0.0253699380204039,-547.804576376005
-2.6,0.0199999999999999,36903.00000000002,0.0215569386082095,0.025607200783579,-554.1743970315399
-2.6,0.0224999999999999,36889.00000000003,0.0216531947134959,0.0258363111964857,-560.5442176870748
-2.6,0.0249999999999999,36897.000000000015,0.0217442374330677,0.02607041847404,-569.6969696969699
-2.6,0.0274999999999999,36915.00000000003,0.0218450940147118,0.0263036767501416,-583.2611832611834
-2.6,0.03,36933.000000000015,0.0219397841851804,0.026538881384824,-589.9402185116471
-2.6,0.0325,36946.00000000002,0.0220457544796518,0.0267749825188535,-604.3290043290044
-2.6,0.035,36956.000000000015,0.0221493658164741,0.0270125331442109,-604.3290043290044
-2.6,0.0375,36971.00000000002,0.0222541043478766,0.0272519864569469,-618.7177901463615
-2.6,0.04,36988.00000000003,0.0223650858996548,0.0274842738974892,-625.9121830550403
-2.6,0.0425,37006.00000000002,0.0224712369879914,0.0277224556823108,-633.1065759637188
-2.6,0.0449999999999999,37012.00000000003,0.0225836627807021,0.027956137618007,-640.3009688723976
-2.6,0.0474999999999999,37017.000000000015,0.0227021564440821,0.0281963953334993,-646.5677179962893
-2.6,0.0499999999999999,37021.00000000002,0.0228169351697578,0.0284325058625809,-661.7810760667902
-2.6,0.0524999999999999,37032.00000000003,0.0229382175387622,0.0286693064986837,-673.5930735930735
-2.6,0.0549999999999999,37050.000000000015,0.0230593788851999,0.0289083605214605,-673.5930735930735
-2.6,0.0574999999999999,37084.00000000003,0.0231880825603209,0.0291538089502794,-689.6310039167181
-2.6,0.06,37085.000000000015,0.0233116900253279,0.029386052148433,-697.6499690785406
-2.6,0.0625,37106.00000000002,0.023438043185334,0.0296189758978592,-705.6689342403629
-2.6,0.065,37097.00000000003,0.0235680710052099,0.0298544735800542,-713.6878994021852
-2.6,0.0675,37111.00000000002,0.0237011985363999,0.0300988995717666,-721.7068645640074
-2.6,0.07,37128.00000000002,0.0238369370803795,0.0303317877974827,-725.0876108018965
-2.6,0.0725,37147.000000000015,0.0239756457985364,0.0305730349333064,-741.9501133786848
-2.6,0.075,37147.00000000002,0.0241112234021104,0.0308143424016549,-741.9501133786848
-2.6,0.0774999999999999,37164.00000000002,0.0242498311191717,0.0310561569222619,-760.5442176870747
-2.6,0.0799999999999999,37194.000000000015,0.0243961047632069,0.0312915398003599,-769.3877551020407
-2.6,0.0824999999999999,37201.00000000002,0.0245395099043574,0.0315368099796182,-769.3877551020407
-2.6,0.0849999999999999,37208.00000000003,0.0246876560149652,0.0317743291119272,-778.2312925170066
-2.6,0.0875,37230.000000000015,0.0248339033453545,0.0320119914909014,-787.0748299319727
-2.6,0.09,37269.00000000002,0.0249877980575233,0.0322537667149455,-795.9183673469387
-2.6,0.0925,37279.00000000003,0.0251391338106423,0.0324928190074886,-814.5124716553288
-2.6,0.095,37295.000000000015,0.025292555883512,0.0327403112513862,-814.5124716553288
-2.6,0.0975,37316.00000000002,0.0254521165850734,0.0329757305321949,-823.7682951968666
-2.6,0.1,37331.00000000003,0.0256057058517527,0.0332202532405326,-831.4574314574315
-2.5,-0.1,37685.00000000003,0.0201588933505238,0.0150138801263414,-112.34796949082664
-2.5,-0.0975,37701.00000000002,0.0201222961580527,0.0151859815725362,-112.34796949082664
-2.5,-0.095,37677.000000000015,0.020090686414132,0.0153590172831866,-130.3236446093589
-2.5,-0.0925,37705.00000000003,0.0200580148538635,0.0155347115862005,-139.31148216862505
-2.5,-0.09,37731.00000000002,0.020028727080871,0.0157135315366991,-141.55844155844156
-2.5,-0.0875,37741.000000000015,0.0200047204786118,0.0158896414012176,-148.29931972789117
-2.5,-0.085,37756.00000000003,0.0199836382012011,0.0160745371604906,-162.21397649969083
-2.5,-0.0825,37770.00000000002,0.019963273161046,0.0162570699079269,-172.005772005772
-2.5,-0.08,37775.000000000015,0.0199431431570341,0.016443459315188,-184.29189857761284
-2.5,-0.0775,37800.00000000003,0.0199335454826854,0.016631516442329,-193.50649350649348
-2.5,-0.075,37803.00000000002,0.0199185884682934,0.0168217233979649,-193.50649350649348
-2.5,-0.0725,37815.000000000015,0.0199128850663246,0.0170154019094004,-218.0787466501752
-2.5,-0.07,37812.00000000003,0.0199058356319147,0.0172089970264668,-211.9356833642548
-2.5,-0.0675,37801.00000000002,0.0198972269977161,0.0174027163878528,-230.3648732220161
-2.5,-0.065,37821.00000000003,0.0198976843477734,0.0176013760601553,-230.3648732220161
-2.5,-0.0625,37826.00000000003,0.0198990109000851,0.0177982877744221,-243.86724386724387
-2.5,-0.06,37842.000000000015,0.0199069701600512,0.0180029613598008,-253.2467532467533
-2.5,-0.0575,37865.00000000003,0.0199160482656786,0.0182052034025585,-257.1428571428572
-2.5,-0.055,37884.00000000002,0.0199222032813962,0.0184135778765947,-264.93506493506504
-2.5,-0.0525,37905.00000000003,0.0199418757172715,0.018621246086861,-276.62337662337666
-2.5,-0.05,37895.00000000003,0.019956983497286,0.0188191939007577,-292.2077922077923
-2.5,-0.0475,37902.000000000015,0.0199734609407924,0.0190325088681261,-296.1038961038962
-2.5,-0.045,37935.00000000003,0.0199965626193667,0.0192408891437395,-303.896103896104
-2.5,-0.0425,37924.000000000015,0.0200183069222509,0.0194535617336974,-311.6883116883117
-2.5,-0.04,37948.00000000003,0.0200477143326055,0.0196670604294865,-318.8208616780045
-2.5,-0.0375,37975.00000000002,0.0200753240699323,0.0198830355423138,-340.36281179138325
-2.5,-0.035,38008.000000000015,0.0201084366882906,0.0200897994461117,-339.8886827458255
-2.5,-0.0325,37976.00000000003,0.0201393037698655,0.020305831259651,-349.3300350443207
-2.5,-0.03,37986.000000000015,0.0201744233386768,0.0205240246380481,-358.77138734281584
-2.5,-0.0275,38000.00000000003,0.020213486091144,0.0207436467904276,-363.4920634920634
-2.5,-0.025,38014.000000000015,0.0202586475594905,0.0209607900655927,-377.65409193980616
-2.5,-0.0225,38022.00000000003,0.0202985543478219,0.021182124741094,-387.09544423830135
-2.5,-0.02,38043.00000000002,0.020345831784215,0.0214068104759648,-387.09544423830135
-2.5,-0.0175,38034.00000000003,0.0203953205426873,0.0216332942803095,-396.5367965367964
-2.5,-0.015,38045.00000000002,0.0204513167336995,0.0218549151200383,-410.6369820655534
-2.5,-0.0124999999999999,38074.00000000003,0.0205094501458254,0.0220783945388238,-421.4388785817357
-2.5,-0.01,38074.00000000002,0.0205632008850014,0.0223043029616399,-426.984126984127
-2.5,-0.0075,38095.00000000003,0.0206286948461154,0.0225290676043219,-438.0746237889096
-2.5,-0.005,38110.00000000003,0.0206942569100392,0.0227522284747231,-443.6198721913008
-2.5,-0.0025,38118.00000000003,0.0207579845080121,0.0229783576723708,-460.25561739847456
-2.5,0.0,38127.00000000002,0.0208283750683973,0.0232060717897511,-460.25561739847456
-2.5,0.0025,38147.00000000003,0.020902008310576,0.0234350936635782,-465.8008658008658
-2.5,0.0049999999999999,38134.00000000002,0.0209782877646947,0.0236691852692047,-482.4366110080396
-2.5,0.0074999999999999,38145.00000000003,0.021056452467978,0.0239000943124045,-488.5178313749743
-2.5,0.0099999999999999,38162.00000000002,0.0211360736640847,0.0241263403193859,-496.8460111317255
-2.5,0.0124999999999999,38164.00000000003,0.0212183313801456,0.0243542242596023,-509.5856524427953
-2.5,0.015,38162.00000000002,0.0212977991379351,0.0245881485808776,-522.3252937538653
-2.5,0.0175,38169.00000000003,0.0213833216184674,0.0248185653655692,-522.3252937538653
-2.5,0.0199999999999999,38170.00000000002,0.0214694757096297,0.0250469501931529,-535.0649350649351
-2.5,0.0224999999999999,38185.00000000003,0.0215646669338121,0.0252791287012093,-547.804576376005
-2.5,0.0249999999999999,38177.00000000002,0.0216566291171028,0.025512177520013,-554.1743970315399
-2.5,0.0274999999999999,38195.00000000003,0.0217561337194554,0.0257483194920426,-560.5442176870748
-2.5,0.03,38192.000000000015,0.021852566305419,0.0259839854896319,-569.6969696969699
-2.5,0.0325,38200.00000000003,0.0219571474998637,0.026217593749907,-576.4790764790766
-2.5,0.035,38216.000000000015,0.0220664557393341,0.0264530514693907,-582.7458256029686
-2.5,0.0375,38240.00000000002,0.0221698212926993,0.0266914975475856,-597.1346114203258
-2.5,0.04,38261.00000000003,0.0222812779442693,0.026927865711291,-604.3290043290044
-2.5,0.0425,38278.000000000015,0.0223960047081974,0.0271667769293608,-611.523397237683
-2.5,0.0449999999999999,38291.00000000003,0.0225118668849627,0.0274008944536987,-618.7177901463615
-2.5,0.0474999999999999,38302.000000000015,0.0226229822224899,0.0276337344861448,-633.1065759637188
-2.5,0.0499999999999999,38318.00000000003,0.0227447139862887,0.0278650484014394,-640.3009688723976
-2.5,0.0524999999999999,38326.00000000003,0.0228685310710152,0.0281056675529909,-646.5677179962893
-2.5,0.0549999999999999,38344.000000000015,0.0229955359444344,0.0283476404048187,-661.7810760667902
-2.5,0.0574999999999999,38372.00000000003,0.0231162579504921,0.0285841637660571,-665.5741084312513
-2.5,0.06,38383.000000000015,0.023251440123525,0.0288188344938737,-673.5930735930735
-2.5,0.0625,38405.00000000002,0.0233816719109888,0.0290604618394066,-681.6120387548958
-2.5,0.065,38402.00000000003,0.0235138738496491,0.0293017834113396,-697.6499690785406
-2.5,0.0675,38408.000000000015,0.0236498967302538,0.0295356562943902,-697.6499690785406
-2.5,0.07,38418.00000000003,0.0237799388257187,0.0297675210739429,-713.6878994021852
-2.5,0.0725,38428.000000000015,0.023919076735755,0.0300021857790954,-721.7068645640074
-2.5,0.075,38456.00000000002,0.0240644157690121,0.0302461741131104,-725.0876108018965
-2.5,0.0774999999999999,38454.00000000003,0.0242099657137182,0.0304869486975826,-741.9501133786848
-2.5,0.0799999999999999,38468.000000000015,0.0243567214052821,0.0307243109378597,-741.9501133786848
-2.5,0.0824999999999999,38483.00000000002,0.024499574098572,0.0309673540190315,-751.7006802721087
-2.5,0.0849999999999999,38498.00000000003,0.0246568349730367,0.0312039557586477,-760.5442176870747
-2.5,0.0875,38519.000000000015,0.0248089332183353,0.0314419400334401,-769.3877551020407
-2.5,0.09,38534.00000000002,0.0249660691565358,0.0316815063128456,-778.2312925170066
-2.5,0.0925,38548.00000000003,0.025123119976057,0.0319234291755663,-787.0748299319727
-2.5,0.095,38590.000000000015,0.0252832197195664,0.0321646886805486,-795.9183673469387
-2.5,0.0975,38603.00000000002,0.0254422344500996,0.0324017015004278,-805.256648113791
-2.5,0.1,38610.00000000003,0.025606570468415,0.0326421385349915,-814.5124716553288
-2.4,-0.1,38918.00000000003,0.0203003624023989,0.0146119871143073,-85.38445681302824
-2.4,-0.0975,38940.00000000002,0.0202575854110974,0.0147777096029918,-94.37229437229436
-2.4,-0.095,38934.000000000015,0.0202131049266667,0.0149425798946911,-103.36013193156052
-2.4,-0.0925,38959.00000000003,0.0201794433867333,0.0151102619564716,-116.84188827045968
-2.4,-0.09,38958.00000000002,0.0201441587513885,0.0152819188399089,-132.57060399917543
-2.4,-0.0875,38965.000000000015,0.0201088769487076,0.0154587047992613,-137.0645227788085
-2.4,-0.085,38980.00000000003,0.020079870810013,0.0156334953289774,-150.5462791177077
-2.4,-0.0825,39005.00000000002,0.0200510700741804,0.0158108656274706,-155.04019789734076
-2.4,-0.08,39023.000000000015,0.0200275280161039,0.0159933403612611,-156.8954854669141
-2.4,-0.0775,39028.00000000003,0.020003647594109,0.0161767330467729,-168.93424036281178
-2.4,-0.075,39052.00000000002,0.0199834194502681,0.0163608344531622,-181.22036693465265
-2.4,-0.0725,39063.000000000015,0.0199678438389122,0.0165527643023084,-181.22036693465265
-2.4,-0.07,39051.00000000003,0.019953970502667,0.0167439903084392,-199.6495567924139
-2.4,-0.0675,39081.00000000002,0.019941443054154,0.0169343183886652,-202.72108843537416
-2.4,-0.065,39074.00000000003,0.0199334654558125,0.0171299506413899,-221.1502782931354
-2.4,-0.0625,39062.00000000003,0.0199296897146078,0.0173234508397406,-221.1502782931354
-2.4,-0.06,39070.000000000015,0.0199300918057056,0.0175251369838551,-233.43640486497628
-2.4,-0.0575,39102.00000000003,0.0199320830538884,0.0177237565176957,-240.3834260977118
-2.4,-0.055,39095.000000000015,0.0199354114790328,0.0179228166403999,-250.834879406308
-2.4,-0.0525,39112.00000000003,0.0199406014341867,0.0181214202075308,-257.1428571428572
-2.4,-0.05,39120.00000000003,0.0199486464711795,0.0183295766669724,-268.83116883116884
-2.4,-0.0475,39155.000000000015,0.0199612983659858,0.0185389952948831,-276.62337662337666
-2.4,-0.045,39147.00000000003,0.0199771940314788,0.0187398096228132,-284.4155844155845
-2.4,-0.0425,39163.000000000015,0.0199963373970178,0.0189495189392301,-288.3116883116884
-2.4,-0.04,39177.00000000003,0.020020224254377,0.0191601641949528,-307.7922077922078
-2.4,-0.0375,39199.00000000002,0.02003955678833,0.0193733772475526,-315.58441558441564
-2.4,-0.035,39202.000000000015,0.0200664323027861,0.0195818043021487,-318.8208616780045
-2.4,-0.0325,39198.00000000003,0.0201009293213852,0.0197989142767878,-327.437641723356
-2.4,-0.03,39250.000000000015,0.0201321302830442,0.0200113110593752,-335.168006596578
-2.4,-0.0275,39271.00000000003,0.0201650381640565,0.020226817866633,-344.6093588950731
-2.4,-0.025,39255.000000000015,0.0202069383797281,0.0204401183417571,-354.05071119356825
-2.4,-0.0225,39257.00000000003,0.0202440600426572,0.0206599255710745,-363.4920634920634
-2.4,-0.02,39289.00000000002,0.0202866610144519,0.020883333707264,-372.93341579055857
-2.4,-0.0175,39307.00000000003,0.020334945781317,0.0211047767212848,-382.37476808905376
-2.4,-0.015,39306.00000000002,0.0203861893198801,0.0213222606354466,-396.5367965367964
-2.4,-0.0124999999999999,39319.00000000003,0.0204421052791618,0.0215502076562721,-401.257472686044
-2.4,-0.01,39342.00000000002,0.0204940699865373,0.0217734277565752,-410.6369820655535
-2.4,-0.0075,39331.00000000003,0.0205465842264827,0.0219999588007409,-410.34838177695326
-2.4,-0.005,39341.00000000002,0.0206123719874664,0.0222215731416419,-432.5293753865183
-2.4,-0.0025,39369.00000000004,0.0206755212019494,0.0224482817909031,-432.5293753865183
-2.4,0.0,39358.00000000003,0.0207403613949113,0.0226731570083444,-438.0746237889096
-2.4,0.0025,39373.00000000004,0.0208096570829709,0.0228956985783036,-443.6198721913008
-2.4,0.0049999999999999,39384.00000000002,0.020879463633211,0.0231256963366805,-460.25561739847456
-2.4,0.0074999999999999,39388.00000000004,0.0209577618772576,0.0233547301537733,-465.8008658008658
-2.4,0.0099999999999999,39403.00000000002,0.0210324863036548,0.023584014560074,-482.4366110080396
-2.4,0.0124999999999999,39395.00000000004,0.0211139869961371,0.0238147678295511,-488.5178313749743
-2.4,0.015,39418.00000000002,0.0212001369099857,0.0240424079569316,-494.47536590393736
-2.4,0.0175,39419.00000000003,0.0212835467947291,0.0242667329612364,-503.2158317872604
-2.4,0.0199999999999999,39405.000000000015,0.0213751591395971,0.02449881022027,-509.5856524427953
-2.4,0.0224999999999999,39413.00000000003,0.0214634668344084,0.0247297739601288,-522.3252937538653
-2.4,0.0249999999999999,39425.00000000002,0.0215574546959538,0.024957556590911,-528.6951144094003
-2.4,0.0274999999999999,39447.00000000003,0.0216580248761976,0.0251880836481577,-541.4347557204701
-2.4,0.03,39467.000000000015,0.0217593445115637,0.0254219088809269,-547.804576376005
-2.4,0.0325,39469.00000000003,0.0218622238544885,0.0256585318736469,-554.1743970315399
-2.4,0.035,39469.000000000015,0.0219670878710087,0.0258906199919954,-569.6969696969699
-2.4,0.0375,39492.00000000002,0.0220731627463388,0.026126400997433,-576.4790764790766
-2.4,0.04,39497.00000000004,0.0221852888887656,0.0263591725971245,-582.7458256029686
-2.4,0.0425,39503.000000000015,0.0222939167255958,0.0265923351284924,-597.1346114203258
-2.4,0.0449999999999999,39544.00000000003,0.0224132664204887,0.0268312274664123,-597.1346114203258
-2.4,0.0474999999999999,39559.000000000015,0.0225254162863559,0.0270699433530424,-611.523397237683
-2.4,0.0499999999999999,39572.00000000003,0.0226477851683899,0.0273097431211621,-618.7177901463615
-2.4,0.0524999999999999,39579.00000000004,0.0227707706288149,0.0275388403783253,-625.9121830550403
-2.4,0.0549999999999999,39579.00000000002,0.0228908843619831,0.027772751713492,-640.3009688723976
-2.4,0.0574999999999999,39592.00000000003,0.0230212979234288,0.0280084946958356,-646.5677179962893
-2.4,0.06,39629.000000000015,0.0231507626229231,0.0282482527065439,-654.1743970315397
-2.4,0.0625,39651.00000000003,0.0232815879146826,0.0284877233421164,-661.7810760667902
-2.4,0.065,39641.00000000003,0.0234208736410079,0.028719907570544,-673.5930735930735
-2.4,0.0675,39665.00000000002,0.0235570214810432,0.0289591825419519,-681.6120387548958
-2.4,0.07,39680.00000000003,0.0236981160853135,0.0291985807724762,-689.6310039167181
-2.4,0.0725,39692.000000000015,0.0238441509313451,0.0294335453945691,-697.6499690785406
-2.4,0.075,39703.00000000002,0.0239841694075402,0.0296677692352901,-705.6689342403629
-2.4,0.0774999999999999,39724.00000000003,0.024132670191909,0.0299016106440917,-713.6878994021852
-2.4,0.0799999999999999,39746.000000000015,0.0242829400947765,0.0301462986995275,-725.0876108018965
-2.4,0.0824999999999999,39765.00000000002,0.0244422752831665,0.0303834539511154,-725.0876108018965
-2.4,0.0849999999999999,39777.00000000003,0.0245905615081946,0.030626245988413,-741.9501133786848
-2.4,0.0875,39794.000000000015,0.0247475494137753,0.0308638475071026,-751.7006802721087
-2.4,0.09,39811.00000000002,0.0249094689607806,0.031109490274719,-760.5442176870747
-2.4,0.0925,39830.00000000003,0.0250687901114343,0.031342193481087,-769.3877551020407
-2.4,0.095,39848.000000000015,0.025235980119612,0.0315819187212458,-778.2312925170066
-2.4,0.0975,39862.00000000002,0.0253987259568358,0.0318275403697621,-787.0748299319727
-2.4,0.1,39899.00000000003,0.0255632019122875,0.0320670820277591,-787.0748299319727
-2.3,-0.1,40153.00000000003,0.0204486244661635,0.0142281127142393,-62.585034013605465
-2.3,-0.0975,40168.00000000002,0.0203982205621109,0.0143853861875843,-73.38693052978766
-2.3,-0.095,40192.000000000015,0.0203418407830643,0.0145407140508528,-84.39497010925582
-2.3,-0.0925,40224.00000000003,0.0202959985008585,0.0147042010341918,-89.87837559266131
-2.3,-0.09,40229.00000000002,0.0202479946181813,0.0148716049891371,-98.86621315192744
-2.3,-0.0875,40195.000000000015,0.0202121219328046,0.0150352446600806,-107.8540507111936
-2.3,-0.085,40242.00000000003,0.0201738407612143,0.0152070846708326,-119.08884766027624
-2.3,-0.0825,40251.00000000002,0.0201382398399438,0.0153832326326095,-125.82972582972585
-2.3,-0.08,40254.000000000015,0.0201054443805749,0.0155558468206888,-137.06452277880848
-2.3,-0.0775,40264.00000000003,0.0200746743006498,0.0157364578747841,-143.8054009482581
-2.3,-0.075,40304.00000000002,0.0200483689016095,0.0159166447357808,-156.8954854669141
-2.3,-0.0725,40315.000000000015,0.0200202686906619,0.0161012365859055,-172.85095856524433
-2.3,-0.07,40303.00000000003,0.0200003492626162,0.0162842375449065,-175.07730364873223
-2.3,-0.0675,40335.00000000002,0.0199819968106684,0.0164747561927257,-187.36343022057304
-2.3,-0.065,40348.00000000003,0.0199692535657221,0.0166686198540422,-193.50649350649348
-2.3,-0.0625,40357.00000000003,0.019953054833374,0.0168567142623121,-205.7926200783344
-2.3,-0.06,40377.000000000015,0.0199436119929334,0.0170520912825688,-208.86415172129452
-2.3,-0.0575,40381.00000000003,0.0199389799024963,0.0172483114915182,-227.29334157905583
-2.3,-0.055,40375.00000000002,0.019933342148711,0.0174439573716061,-227.29334157905583
-2.3,-0.0525,40398.00000000003,0.0199336024840376,0.0176461036947932,-240.38342609771183
-2.3,-0.05,40400.00000000003,0.0199378177223773,0.0178441599011415,-247.3510616367759
-2.3,-0.0475,40401.000000000015,0.0199412925774799,0.0180472643542338,-253.2467532467533
-2.3,-0.045,40425.00000000003,0.0199518714335221,0.0182505470653524,-268.83116883116884
-2.3,-0.0425,40459.00000000002,0.0199654268743523,0.0184590559583037,-272.72727272727275
-2.3,-0.04,40469.00000000003,0.0199832597556852,0.0186695444923045,-276.62337662337666
-2.3,-0.0375,40475.00000000003,0.0199999348405596,0.0188741529831201,-288.3116883116884
-2.3,-0.035,40501.000000000015,0.0200219493254045,0.0190852104503147,-300.0000000000001
-2.3,-0.0325,40510.00000000003,0.0200454407308256,0.019296044424886,-307.7922077922078
-2.3,-0.03,40523.000000000015,0.0200733074737617,0.0195059608413028,-319.48051948051955
-2.3,-0.0275,40528.00000000003,0.0201052436142063,0.0197216803226015,-327.437641723356
-2.3,-0.025,40545.00000000002,0.0201408892909986,0.019937688092959,-335.168006596578
-2.3,-0.0225,40560.00000000003,0.0201775748785938,0.0201477779762431,-339.8886827458255
-2.3,-0.02,40568.00000000002,0.020219692640545,0.0203635648248834,-354.05071119356825
-2.3,-0.0175,40592.00000000003,0.0202595204784173,0.0205824042298763,-358.77138734281584
-2.3,-0.015,40611.00000000002,0.0203065624424422,0.020803244586259,-368.212739641311
-2.3,-0.0124999999999999,40616.00000000003,0.0203568202308591,0.0210211891336225,-382.37476808905376
-2.3,-0.01,40628.00000000002,0.0204127948052073,0.0212434865274679,-391.8161203875489
-2.3,-0.0075,40613.00000000003,0.020464604893759,0.0214667971136851,-396.5367965367964
-2.3,-0.005,40631.00000000003,0.0205228898495602,0.0216922955882305,-405.504019789734
-2.3,-0.0025,40622.00000000004,0.0205806655717627,0.0219153603492731,-415.7699443413728
-2.3,0.0,40650.00000000003,0.0206466002148908,0.0221392506181412,-421.4388785817357
-2.3,0.0025,40657.00000000004,0.0207146468805013,0.02237035984686,-432.5293753865183
-2.3,0.0049999999999999,40642.00000000003,0.0207824352594929,0.0225922304385203,-438.0746237889096
-2.3,0.0074999999999999,40661.00000000004,0.020855363281256,0.022813727816729,-443.6198721913008
-2.3,0.0099999999999999,40670.00000000003,0.0209303984038778,0.0230414937310572,-460.25561739847456
-2.3,0.0124999999999999,40705.00000000004,0.0210113445356001,0.0232735555134725,-471.34611420325706
-2.3,0.015,40683.00000000002,0.0210922404269333,0.0235011986992974,-476.8913626056483
-2.3,0.0175,40700.00000000004,0.0211798660601945,0.0237321320134206,-482.5602968460111
-2.3,0.0199999999999999,40695.00000000002,0.0212656478057301,0.0239630276449956,-494.47536590393736
-2.3,0.0224999999999999,40713.00000000004,0.0213556585451569,0.0241887389562745,-503.2158317872604
-2.3,0.0249999999999999,40723.00000000002,0.0214481869142416,0.0244171157008036,-509.5856524427953
-2.3,0.0274999999999999,40747.00000000003,0.0215438078796597,0.024649293231918,-515.9554730983302
-2.3,0.03,40740.000000000015,0.0216421357165264,0.0248785128300193,-528.6951144094003
-2.3,0.0325,40761.00000000003,0.0217421887969832,0.0251073323280274,-535.0649350649351
-2.3,0.035,40762.000000000015,0.0218498252733061,0.0253382609268158,-547.804576376005
-2.3,0.0375,40766.00000000002,0.0219563891354366,0.0255727572987618,-554.1743970315399
-2.3,0.04,40784.00000000004,0.0220677321591736,0.0258064571853439,-569.6969696969699
-2.3,0.0425,40803.00000000002,0.022177733728642,0.0260432515085413,-576.4790764790766
-2.3,0.0449999999999999,40816.00000000004,0.0222968561879363,0.0262748111196728,-583.2611832611834
-2.3,0.0474999999999999,40831.000000000015,0.0224126440326948,0.0265102976389369,-589.9402185116471
-2.3,0.0499999999999999,40855.00000000003,0.0225358107901891,0.0267465188176936,-597.1346114203258
-2.3,0.0524999999999999,40859.00000000004,0.0226562763899346,0.0269830721374567,-611.523397237683
-2.3,0.0549999999999999,40878.00000000002,0.0227818194125431,0.0272214608466264,-611.523397237683
-2.3,0.0574999999999999,40890.00000000003,0.0229124641010423,0.0274546138582477,-625.9121830550403
-2.3,0.06,40897.000000000015,0.0230394845691076,0.0276906358595503,-633.1065759637188
-2.3,0.0625,40909.00000000003,0.0231746956379591,0.0279242603263839,-646.5677179962893
-2.3,0.065,40931.00000000004,0.0233130123389766,0.0281624014739314,-646.5677179962893
-2.3,0.0675,40958.000000000015,0.0234530711513834,0.0284015711784431,-661.7810760667902
-2.3,0.07,40967.00000000003,0.0235970516926929,0.0286346490941986,-665.5741084312513
-2.3,0.0725,40975.000000000015,0.0237418493745696,0.0288710626034357,-681.6120387548958
-2.3,0.075,41008.00000000002,0.0238903492258415,0.0291140762422358,-681.6120387548958
-2.3,0.0774999999999999,41004.00000000003,0.0240416164049097,0.0293501880483517,-697.6499690785406
-2.3,0.0799999999999999,41019.000000000015,0.0241912036944793,0.0295856688169031,-697.6499690785406
-2.3,0.0824999999999999,41041.00000000002,0.0243427504000627,0.0298193193221528,-713.6878994021852
-2.3,0.0849999999999999,41061.00000000003,0.0245007928203123,0.0300569888978748,-725.0876108018965
-2.3,0.0875,41077.000000000015,0.0246636575675866,0.0302965130221766,-725.0876108018965
-2.3,0.09,41080.00000000002,0.0248267077899006,0.0305371580283156,-741.9501133786848
-2.3,0.0925,41102.00000000003,0.0249881136144618,0.0307752106925411,-741.9501133786848
-2.3,0.095,41126.000000000015,0.0251549641660702,0.0310146343624617,-751.7006802721087
-2.3,0.0975,41125.00000000002,0.025325069520182,0.0312538845523769,-769.3877551020407
-2.3,0.1,41175.00000000003,0.0255001129468806,0.0314947099166658,-769.3877551020407
-2.2,-0.1,41312.00000000003,0.0206105278835317,0.0138845615882575,-42.671614100185536
-2.2,-0.0975,41335.00000000002,0.020549165703628,0.0140365828107756,-51.20593692022264
-2.2,-0.095,41340.000000000015,0.0204852208759678,0.0141867749785161,-65.42980828695117
-2.2,-0.0925,41367.00000000003,0.020428277089992,0.0143420249168481,-71.55225726654297
-2.2,-0.09,41406.00000000002,0.0203714779867467,0.0144996100278452,-91.73366316223456
-2.2,-0.0875,41401.000000000015,0.0203191112941747,0.014663377972171,-94.37229437229436
-2.2,-0.085,41428.00000000003,0.0202712789662137,0.0148252793158779,-96.6192537621109
-2.2,-0.0825,41425.00000000003,0.0202294406752429,0.0149920501008103,-112.34796949082664
-2.2,-0.08,41451.000000000015,0.0201884634112802,0.0151619677660216,-121.33580705009275
-2.2,-0.0775,41467.00000000003,0.020151540379952,0.015332398349582,-130.3236446093589
-2.2,-0.075,41475.00000000002,0.020113503176023,0.0155122689145753,-139.31148216862502
-2.2,-0.0725,41497.000000000015,0.020080502022506,0.015689615347618,-152.79323850752422
-2.2,-0.07,41513.00000000003,0.0200528867681828,0.0158654364452028,-162.21397649969083
-2.2,-0.0675,41532.00000000002,0.0200254195806371,0.0160541161696859,-164.8732220160792
-2.2,-0.065,41545.00000000003,0.0200019424145524,0.016236039223091,-175.07730364873223
-2.2,-0.0625,41542.00000000003,0.0199796533010692,0.0164222034212584,-187.36343022057304
-2.2,-0.06,41562.000000000015,0.0199665480143769,0.0166141845243756,-193.50649350649348
-2.2,-0.0575,41572.00000000003,0.0199500800258937,0.016806105917924,-205.79262007833432
-2.2,-0.055,41614.00000000002,0.0199427675389375,0.0169991498089862,-211.9356833642548
-2.2,-0.0525,41603.00000000003,0.0199362898403798,0.0171927065859862,-215.00721500721497
-2.2,-0.05,41591.00000000003,0.0199310997040584,0.0173853638468333,-233.43640486497628
-2.2,-0.0475,41615.00000000002,0.0199321805498923,0.0175869489209799,-233.43640486497628
-2.2,-0.045,41623.00000000003,0.0199350055924084,0.0177841729953168,-247.3510616367759
-2.2,-0.0425,41628.00000000002,0.0199465860102446,0.0179831905665478,-253.2467532467533
-2.2,-0.04,41639.00000000003,0.0199581583809901,0.018183046797314,-261.03896103896113
-2.2,-0.0375,41671.00000000003,0.019966150788018,0.0183910412840309,-268.83116883116884
-2.2,-0.035,41693.000000000015,0.0199856702615562,0.0186017969496176,-284.4155844155845
-2.2,-0.0325,41680.00000000003,0.0200062878210468,0.018799427477635,-292.2077922077923
-2.2,-0.03,41711.000000000015,0.0200285029425793,0.0190123765780192,-296.1038961038962
-2.2,-0.0275,41730.00000000003,0.0200588952657788,0.0192232290170048,-307.7922077922078
-2.2,-0.025,41751.000000000015,0.0200825099096265,0.0194352697920851,-311.6883116883117
-2.2,-0.0225,41752.00000000003,0.020116356034608,0.0196488682362627,-323.12925170068024
-2.2,-0.02,41771.00000000002,0.0201546554689979,0.0198646379363184,-335.168006596578
-2.2,-0.0175,41787.00000000003,0.0201941146057063,0.0200731211941897,-339.8886827458255
-2.2,-0.015,41796.00000000002,0.0202329217294494,0.0202899508352706,-354.05071119356825
-2.2,-0.0124999999999999,41814.00000000003,0.0202748303018111,0.0205052172111152,-363.4920634920634
-2.2,-0.01,41786.00000000002,0.0203252028556486,0.020722852115293,-372.93341579055857
-2.2,-0.0075,41852.00000000004,0.0203800705891941,0.0209406223054216,-372.93341579055857
-2.2,-0.005,41842.00000000003,0.0204352777555401,0.021161742070943,-382.37476808905376
-2.2,-0.0025,41834.00000000003,0.0204923037256586,0.0213799712733955,-401.257472686044
-2.2,0.0,41861.00000000003,0.0205548020070455,0.0216070608510174,-400.3710575139146
-2.2,0.0025,41872.00000000004,0.0206184818398962,0.0218303510118447,-415.7699443413729
-2.2,0.0049999999999999,41859.00000000003,0.0206845234845268,0.0220522607130674,-421.4388785817357
-2.2,0.0074999999999999,41883.00000000004,0.0207561439802343,0.0222757999566861,-426.984126984127
-2.2,0.0099999999999999,41891.00000000002,0.0208257390432799,0.022502758755192,-443.6198721913008
-2.2,0.0124999999999999,41900.00000000004,0.0209043688194256,0.0227270284095644,-449.16512059369205
-2.2,0.015,41917.00000000002,0.0209853652610258,0.0229469450978107,-454.7103689960833
-2.2,0.0175,41918.00000000004,0.0210649874377178,0.0231747072869316,-465.8008658008658
-2.2,0.0199999999999999,41920.00000000002,0.021150821143782,0.0234034893662548,-471.34611420325706
-2.2,0.0224999999999999,41930.00000000004,0.0212357585731726,0.0236350367259956,-482.5602968460111
-2.2,0.0249999999999999,41952.000000000015,0.0213285715142819,0.0238597949392439,-488.5178313749743
-2.2,0.0274999999999999,41961.00000000004,0.0214216722447849,0.024087277067257,-496.8460111317255
-2.2,0.03,41971.00000000002,0.0215208939648436,0.024314092687644,-509.5856524427953
-2.2,0.0325,41973.00000000003,0.0216227361134883,0.0245475688748149,-515.9554730983302
-2.2,0.035,41979.000000000015,0.0217249142995667,0.0247780170720321,-528.6951144094003
-2.2,0.0375,41963.00000000002,0.021829922896995,0.0250049813564959,-535.0649350649351
-2.2,0.04,41985.00000000004,0.0219430681756082,0.0252365944008887,-541.4347557204701
-2.2,0.0425,41984.00000000002,0.0220524014768325,0.0254701225823731,-554.1743970315399
-2.2,0.0449999999999999,42018.00000000004,0.0221697156463015,0.0257037925563125,-562.9148629148631
-2.2,0.0474999999999999,42034.000000000015,0.0222862101465217,0.0259379326385129,-569.6969696969699
-2.2,0.0499999999999999,42062.00000000003,0.0224101372506281,0.0261714990630589,-576.4790764790766
-2.2,0.0524999999999999,42078.00000000004,0.0225378192158633,0.0264085902299304,-589.9402185116471
-2.2,0.0549999999999999,42103.00000000002,0.0226592234011143,0.0266440268891516,-597.1346114203258
-2.2,0.0574999999999999,42108.00000000004,0.0227900151229002,0.0268768544139494,-604.3290043290044
-2.2,0.06,42137.000000000015,0.0229250105648218,0.0271142570269704,-611.523397237683
-2.2,0.0625,42148.00000000003,0.0230615001719244,0.0273511553846598,-625.9121830550403
-2.2,0.065,42154.00000000004,0.0231981687759247,0.0275817378750122,-633.1065759637188
-2.2,0.0675,42159.00000000002,0.0233355423730602,0.0278139634662004,-638.9610389610389
-2.2,0.07,42192.00000000003,0.0234832066741443,0.0280505737524813,-646.5677179962893
-2.2,0.0725,42233.000000000015,0.0236303351622241,0.0282889512471089,-661.7810760667902
-2.2,0.075,42231.00000000002,0.0237724612525757,0.0285230972220084,-665.5741084312513
-2.2,0.0774999999999999,42256.00000000003,0.0239298736332769,0.0287601610852406,-681.6120387548958
-2.2,0.0799999999999999,42258.000000000015,0.0240873904647057,0.028997625012903,-681.6120387548958
-2.2,0.0824999999999999,42277.00000000002,0.0242489831111243,0.0292383367090932,-697.6499690785406
-2.2,0.0849999999999999,42272.00000000004,0.0244070185727462,0.0294728802067615,-697.6499690785406
-2.2,0.0875,42303.000000000015,0.0245635270505596,0.0297068041104326,-713.6878994021852
-2.2,0.09,42331.00000000002,0.0247313680165192,0.0299394894635418,-725.0876108018965
-2.2,0.0925,42351.00000000004,0.0249007272814241,0.030183615051497,-725.0876108018965
-2.2,0.095,42367.000000000015,0.0250748849612517,0.0304233829371566,-741.9501133786848
-2.2,0.0975,42378.00000000002,0.0252429404196384,0.0306619409847935,-741.9501133786848
-2.2,0.1,42402.00000000004,0.0254133945380557,0.0309006173141101,-751.7006802721087
-2.1,-0.1,42493.00000000003,0.0208564458288237,0.0135384252933667,-19.91341991341993
-2.1,-0.0975,42520.00000000002,0.0207812719295572,0.0136801185895892,-29.87012987012986
-2.1,-0.095,42554.000000000015,0.0207087735335957,0.0138206655839248,-39.82683982683983
-2.1,-0.0925,42544.00000000004,0.0206405302785776,0.013972466516204,-45.51638837353124
-2.1,-0.09,42564.00000000002,0.0205713186248717,0.0141238596003885,-64.00742115027832
-2.1,-0.0875,42577.000000000015,0.0205074116844126,0.0142738303211177,-72.54174397031542
-2.1,-0.085,42627.00000000004,0.0204489256765362,0.0144302181111238,-77.05627705627705
-2.1,-0.0825,42654.00000000003,0.0203887261295539,0.0145922538286087,-87.63141620284478
-2.1,-0.08,42637.000000000015,0.0203369055019243,0.0147531383989435,-101.11317254174398
-2.1,-0.0775,42654.00000000004,0.0202834973829914,0.0149195130910112,-105.60709132137706
-2.1,-0.075,42658.00000000002,0.0202432654732325,0.015089201984062,-114.59492888064317
-2.1,-0.0725,42689.000000000015,0.0202003405492896,0.0152608698259706,-128.07668521954236
-2.1,-0.07,42704.00000000004,0.0201602435354594,0.0154341593442061,-132.57060399917543
-2.1,-0.0675,42714.00000000002,0.0201234536230625,0.0156128896275951,-141.55844155844156
-2.1,-0.065,42728.00000000004,0.0200941305490938,0.0157930671047379,-155.04019789734076
-2.1,-0.0625,42731.00000000003,0.0200653294885407,0.0159750568246994,-164.8732220160792
-2.1,-0.06,42750.000000000015,0.0200388933166381,0.0161589338720073,-167.53246753246756
-2.1,-0.0575,42767.00000000004,0.0200158992405928,0.016345612283256,-181.22036693465265
-2.1,-0.055,42783.00000000002,0.0200006825045642,0.016529413037643,-187.36343022057304
-2.1,-0.0525,42787.00000000004,0.0199812753395238,0.0167220732804245,-199.6495567924139
-2.1,-0.05,42788.00000000003,0.0199679957941321,0.0169127458499402,-199.6495567924139
-2.1,-0.0475,42809.000000000015,0.0199595210330899,0.0171103015682731,-218.0787466501752
-2.1,-0.045,42816.00000000004,0.019954662179898,0.0173027300213737,-221.1502782931354
-2.1,-0.0425,42816.00000000002,0.0199535310253259,0.0174999007026811,-236.5079365079365
-2.1,-0.04,42842.00000000004,0.0199547093948758,0.0177045611519568,-240.38342609771183
-2.1,-0.0375,42839.00000000003,0.0199610408307861,0.0179014684250545,-254.31869717584007
-2.1,-0.035,42832.000000000015,0.0199665938048438,0.0181025347998768,-261.03896103896113
-2.1,-0.0325,42853.00000000004,0.0199797312635447,0.018304613090766,-268.83116883116884
-2.1,-0.03,42883.000000000015,0.0199968257409416,0.018508917988492,-276.62337662337666
-2.1,-0.0275,42904.00000000004,0.0200111740002426,0.0187199208116827,-288.3116883116884
-2.1,-0.025,42934.00000000002,0.0200359688186122,0.0189259745290574,-292.2077922077923
-2.1,-0.0225,42933.00000000004,0.0200621333833659,0.0191355231035517,-307.7922077922078
-2.1,-0.02,42963.00000000002,0.0200862678676263,0.0193455900774087,-315.58441558441564
-2.1,-0.0175,42951.00000000004,0.0201196298584763,0.0195565487879866,-323.12925170068024
-2.1,-0.015,42964.00000000003,0.0201550740210255,0.0197721164664063,-331.74603174603175
-2.1,-0.0124999999999999,42986.00000000004,0.020197009322673,0.0199851475017254,-344.6093588950731
-2.1,-0.01,43005.00000000003,0.020236418529408,0.020202916220367,-344.6093588950731
-2.1,-0.0075,43015.00000000004,0.020284052100277,0.0204205987149582,-358.77138734281584
-2.1,-0.005,42996.00000000003,0.0203347603987718,0.0206372709700753,-358.77138734281584
-2.1,-0.0025,43018.00000000004,0.0203842498414251,0.020855051613193,-372.93341579055857
-2.1,0.0,43031.00000000004,0.0204374540412144,0.0210782944755157,-387.0954442383013
-2.1,0.0025,43057.00000000004,0.0204997689594318,0.0212976970904811,-391.8161203875489
-2.1,0.0049999999999999,43064.00000000003,0.0205635521663468,0.0215225003139857,-400.3710575139146
-2.1,0.0074999999999999,43041.00000000004,0.0206271266423248,0.0217380575001724,-405.504019789734
-2.1,0.0099999999999999,43050.00000000003,0.0206962810461224,0.0219584066591664,-421.43887858173576
-2.1,0.0124999999999999,43080.00000000004,0.0207662739810152,0.0221825366840115,-426.984126984127
-2.1,0.015,43087.00000000002,0.0208428182541309,0.022405763015302,-432.5293753865183
-2.1,0.0175,43076.00000000004,0.0209207064961523,0.0226323801124269,-443.6198721913008
-2.1,0.0199999999999999,43107.00000000002,0.0210009857805738,0.0228545695829014,-454.7103689960833
-2.1,0.0224999999999999,43107.00000000004,0.0210936032694522,0.0230825429893145,-460.25561739847456
-2.1,0.0249999999999999,43105.00000000002,0.0211799143562817,0.0233135638747598,-471.34611420325706
-2.1,0.0274999999999999,43118.00000000004,0.0212711014826383,0.0235425627681545,-482.4366110080396
-2.1,0.03,43130.000000000015,0.0213682810457197,0.0237713759647886,-488.5178313749743
-2.1,0.0325,43135.00000000004,0.0214654649748862,0.0240010522795672,-494.47536590393736
-2.1,0.035,43128.000000000015,0.0215641080476317,0.0242276987536521,-503.2158317872604
-2.1,0.0375,43142.00000000003,0.0216691703531137,0.0244599455618784,-515.9554730983302
-2.1,0.04,43139.00000000004,0.02177723526684,0.024693949317836,-522.3252937538653
-2.1,0.0425,43161.00000000002,0.0218920644852791,0.0249235556608914,-535.0649350649351
-2.1,0.0449999999999999,43174.00000000004,0.0220065304248201,0.0251528581498607,-541.4347557204701
-2.1,0.0474999999999999,43196.00000000002,0.0221251999526182,0.0253856939705681,-547.804576376005
-2.1,0.0499999999999999,43224.00000000003,0.0222466950156083,0.0256215090542307,-560.5442176870748
-2.1,0.0524999999999999,43242.00000000004,0.0223692524584171,0.0258556665544294,-569.6969696969699
-2.1,0.0549999999999999,43259.00000000002,0.0224931847387303,0.0260882994702126,-576.4790764790766
-2.1,0.0574999999999999,43272.00000000004,0.0226283072433592,0.0263207758910688,-582.7458256029686
-2.1,0.06,43267.00000000002,0.0227541797865266,0.0265546577122815,-597.1346114203258
-2.1,0.0625,43281.00000000003,0.0228960451893847,0.0267890676413318,-604.3290043290044
-2.1,0.065,43292.00000000004,0.0230334124927132,0.0270283201177125,-611.523397237683
-2.1,0.0675,43309.00000000002,0.0231765126413015,0.0272657222654107,-618.7177901463615
-2.1,0.07,43348.00000000004,0.0233277612141659,0.0274978881618682,-625.9121830550403
-2.1,0.0725,43351.000000000015,0.0234701611190789,0.0277320271541757,-640.3009688723976
-2.1,0.075,43357.00000000002,0.0236210078409911,0.0279657411983441,-646.5677179962893
-2.1,0.0774999999999999,43403.00000000004,0.0237782730760474,0.028202902876398,-654.1743970315397
-2.1,0.0799999999999999,43414.000000000015,0.0239305021386566,0.0284426375727812,-661.7810760667902
-2.1,0.0824999999999999,43439.00000000002,0.0240897609964014,0.028675919029851,-673.5930735930735
-2.1,0.0849999999999999,43452.00000000004,0.0242537150171643,0.0289137991967241,-681.6120387548958
-2.1,0.0875,43459.000000000015,0.0244195727096605,0.0291579261654163,-689.6310039167181
-2.1,0.09,43479.00000000003,0.0245909006200024,0.0293911232980917,-697.6499690785406
-2.1,0.0925,43475.00000000004,0.0247535899652632,0.0296272681918981,-713.6878994021852
-2.1,0.095,43519.000000000015,0.0249275580039796,0.0298580740976399,-713.6878994021852
-2.1,0.0975,43554.00000000002,0.0251032308509818,0.0300978512048632,-725.0876108018965
-2.1,0.1,43573.00000000004,0.0252859781542118,0.0303367979049688,-733.5188620902907
-2.0,-0.1,43753.00000000004,0.0211281451372882,0.0132280772234401,1.0101010101010104
-2.0,-0.0975,43778.00000000003,0.0210392381193252,0.0133606051321007,-12.801484230055664
-2.0,-0.095,43793.000000000015,0.0209552090549538,0.0134960133007035,-19.913419913419915
-2.0,-0.0925,43818.00000000004,0.0208766517760506,0.0136339025905762,-25.602968460111327
-2.0,-0.09,43815.00000000003,0.0207987822852355,0.0137756373104434,-38.40445269016698
-2.0,-0.0875,43854.000000000015,0.0207208855700617,0.01392074356295,-45.51638837353123
-2.0,-0.085,43875.00000000004,0.0206515353618323,0.014072374444247,-55.4730983302412
-2.0,-0.0825,43862.00000000003,0.020581419960502,0.0142243505398403,-69.69696969696973
-2.0,-0.08,43917.000000000015,0.0205222099769864,0.0143801143666177,-73.38693052978766
-2.0,-0.0775,43926.00000000004,0.0204557640503563,0.0145392042153351,-82.56029684601113
-2.0,-0.075,43929.00000000003,0.0204028740173002,0.0146989653263878,-94.37229437229436
-2.0,-0.0725,43954.000000000015,0.0203472355946433,0.0148637844244323,-103.36013193156052
-2.0,-0.07,43945.00000000004,0.020303929494576,0.0150294223535036,-110.10101010101012
-2.0,-0.0675,43982.000000000015,0.0202580162972289,0.0152021481954041,-119.08884766027624
-2.0,-0.065,44007.00000000004,0.020211447226352,0.0153729609408744,-130.32364460935892
-2.0,-0.0625,44012.00000000003,0.0201714298490757,0.0155489749506245,-139.31148216862502
-2.0,-0.06,44022.000000000015,0.0201370259857606,0.0157307095934752,-148.29931972789117
-2.0,-0.0575,44002.00000000004,0.0201043603452404,0.015913629407544,-156.8954854669141
-2.0,-0.055,44041.00000000002,0.0200726232226698,0.0160944572963355,-170.19171304885597
-2.0,-0.0525,44042.00000000004,0.0200485019062395,0.0162792486505344,-172.005772005772
-2.0,-0.05,44066.00000000003,0.0200284750438219,0.0164654996827332,-181.22036693465265
-2.0,-0.0475,44084.000000000015,0.0200140104430517,0.0166535422994494,-190.4349618635333
-2.0,-0.045,44097.00000000004,0.0199951594996859,0.016846226692195,-205.7926200783344
-2.0,-0.0425,44103.00000000002,0.0199848013975884,0.0170361373993133,-208.86415172129452
-2.0,-0.04,44133.00000000004,0.0199794187797834,0.0172343438303224,-224.22180993609564
-2.0,-0.0375,44110.00000000003,0.019975759107583,0.0174274584772082,-227.29334157905583
-2.0,-0.035,44126.000000000015,0.0199731825263003,0.0176288572947914,-240.38342609771183
-2.0,-0.0325,44132.00000000004,0.019978362294146,0.0178268141357156,-243.86724386724387
-2.0,-0.03,44146.000000000015,0.0199832448411657,0.0180273780408552,-253.2467532467533
-2.0,-0.0275,44153.00000000004,0.0199961581542631,0.018229370987452,-264.935064935065
-2.0,-0.025,44170.00000000002,0.020007707883242,0.0184331212048119,-276.62337662337666
-2.0,-0.0225,44209.00000000004,0.0200271647434531,0.0186385573493686,-284.4155844155845
-2.0,-0.02,44215.00000000002,0.0200486630936942,0.0188484338388662,-292.2077922077923
-2.0,-0.0175,44236.00000000004,0.020074826384254,0.0190552530426505,-300.0000000000001
-2.0,-0.015,44271.00000000003,0.0201027868603108,0.0192677159419566,-307.7922077922078
-2.0,-0.0124999999999999,44247.00000000004,0.020136859908282,0.0194808818027638,-319.48051948051955
-2.0,-0.01,44273.00000000003,0.0201678446150552,0.0196932243636762,-327.437641723356
-2.0,-0.0075,44279.00000000004,0.0202131519337914,0.0199055246647076,-335.168006596578
-2.0,-0.005,44287.00000000004,0.0202530900113389,0.0201222078474225,-344.6093588950731
-2.0,-0.0025,44301.00000000004,0.0203022462703193,0.0203414371050874,-358.77138734281584
-2.0,0.0,44309.00000000004,0.0203512215024112,0.0205581123738451,-363.4920634920634
-2.0,0.0025,44310.00000000004,0.0204032540059311,0.0207775002870881,-368.212739641311
-2.0,0.0049999999999999,44311.00000000003,0.0204627206468133,0.0209983970489967,-382.37476808905376
-2.0,0.0074999999999999,44364.00000000004,0.0205260479167279,0.0212230999960381,-391.8161203875489
-2.0,0.0099999999999999,44345.00000000003,0.0205866060821834,0.0214413382203418,-396.5367965367964
-2.0,0.0124999999999999,44325.00000000004,0.0206562399575762,0.0216587373034395,-405.504019789734
-2.0,0.015,44340.00000000003,0.0207273984710832,0.0218826003787343,-410.6369820655534
-2.0,0.0175,44363.00000000004,0.0208073119442922,0.0221037163539213,-421.4388785817357
-2.0,0.0199999999999999,44367.00000000002,0.0208828849785135,0.0223273900918355,-432.5293753865183
-2.0,0.0224999999999999,44389.00000000004,0.0209671294268044,0.0225531824399466,-443.6198721913008
-2.0,0.0249999999999999,44397.00000000002,0.0210518218361453,0.0227736345030851,-449.16512059369205
-2.0,0.0274999999999999,44408.00000000004,0.021141796148568,0.0230027574210991,-460.25561739847456
-2.0,0.03,44414.00000000002,0.021233813356828,0.0232301451453552,-465.8008658008658
-2.0,0.0325,44432.00000000004,0.0213269624386305,0.0234594215144982,-476.8913626056483
-2.0,0.035,44414.000000000015,0.0214265066782489,0.0236929325486472,-482.5602968460111
-2.0,0.0375,44423.00000000003,0.0215301026090368,0.0239189462425385,-494.47536590393736
-2.0,0.04,44423.00000000004,0.0216374308788961,0.0241434145744493,-503.2158317872604
-2.0,0.0425,44410.00000000002,0.0217468332616629,0.024372940122222,-509.5856524427953
-2.0,0.0449999999999999,44436.00000000004,0.0218584884251302,0.0246063619643872,-522.3252937538653
-2.0,0.0474999999999999,44450.00000000002,0.0219722111884766,0.0248337920869034,-528.6951144094003
-2.0,0.0499999999999999,44466.00000000004,0.0220894327808349,0.0250644805555015,-535.0649350649351
-2.0,0.0524999999999999,44483.00000000004,0.0222168766556214,0.0252933300806702,-547.804576376005
-2.0,0.0549999999999999,44507.00000000002,0.0223440089937168,0.0255268848546457,-554.1743970315399
-2.0,0.0574999999999999,44525.00000000004,0.0224747035678693,0.0257591767922233,-562.9148629148631
-2.0,0.06,44535.00000000002,0.0226027714859998,0.0259948102025221,-576.4790764790766
-2.0,0.0625,44553.00000000004,0.0227421315001008,0.0262283107459449,-583.2611832611834
-2.0,0.065,44557.00000000004,0.0228811185862364,0.0264624523274261,-589.9402185116471
-2.0,0.0675,44572.00000000002,0.023020042044867,0.0266979654303138,-597.1346114203258
-2.0,0.07,44576.00000000004,0.0231655022474707,0.0269322989462301,-611.523397237683
-2.0,0.0725,44612.000000000015,0.0233188489211301,0.0271709711233208,-618.7177901463615
-2.0,0.075,44645.00000000002,0.0234674629356683,0.0274032949155104,-625.9121830550403
-2.0,0.0774999999999999,44671.00000000004,0.0236213045347699,0.0276351495814924,-633.1065759637188
-2.0,0.0799999999999999,44686.00000000002,0.0237802260402327,0.0278668837218031,-646.5677179962893
-2.0,0.0824999999999999,44714.00000000003,0.0239412500254226,0.0281055045838045,-654.1743970315397
-2.0,0.0849999999999999,44719.00000000004,0.0241061332140751,0.0283424372306128,-661.7810760667902
-2.0,0.0875,44738.000000000015,0.0242702513728389,0.0285760619932514,-665.5741084312513
-2.0,0.09,44765.00000000003,0.0244430292945011,0.0288101141390518,-681.6120387548958
-2.0,0.0925,44790.00000000004,0.0246174847104706,0.0290469817328879,-689.6310039167181
-2.0,0.095,44800.000000000015,0.0247938893014182,0.0292841640523011,-697.6499690785406
-2.0,0.0975,44825.00000000003,0.0249774274992158,0.0295183235600184,-705.6689342403629
-2.0,0.1,44831.00000000004,0.025152271573386,0.0297536533125564,-713.6878994021852
-1.9,-0.1,44972.00000000004,0.0213940561289305,0.0129537733243109,15.64625850340137
-1.9,-0.0975,44968.00000000003,0.0212959410021218,0.0130763216755508,8.080808080808083
-1.9,-0.095,45013.000000000015,0.0211940327083468,0.0132035191654603,2.0202020202020208
-1.9,-0.0925,45023.00000000004,0.0211012623986031,0.0133318294976293,-7.111935683364251
-1.9,-0.09,45013.00000000003,0.0210120606327688,0.0134665518804533,-15.64625850340137
-1.9,-0.0875,45022.000000000015,0.020926915845194,0.0135996603834138,-27.02535559678418
-1.9,-0.085,45045.00000000004,0.0208460187551592,0.0137414035739295,-35.55967841682127
-1.9,-0.0825,45045.00000000003,0.0207686388499767,0.0138843522102851,-44.094001236858375
-1.9,-0.08,45083.000000000015,0.0206965925262683,0.014033832090332,-52.62832405689549
-1.9,-0.0775,45088.00000000004,0.0206201517331093,0.0141860979191928,-59.74025974025976
-1.9,-0.075,45103.00000000002,0.0205542826198984,0.0143371420083976,-71.55225726654297
-1.9,-0.0725,45159.000000000015,0.0204880238856622,0.0144940771715151,-86.22964337250049
-1.9,-0.07,45174.00000000004,0.0204298416276591,0.0146565746752387,-89.87837559266129
-1.9,-0.0675,45180.00000000002,0.0203738859720223,0.014817059900446,-96.6192537621109
-1.9,-0.065,45201.00000000004,0.0203225759004011,0.0149840264966464,-107.8540507111936
-1.9,-0.0625,45191.00000000003,0.0202726304374042,0.0151544017918658,-116.84188827045968
-1.9,-0.06,45243.000000000015,0.0202279686735365,0.0153252524902591,-125.82972582972585
-1.9,-0.0575,45234.00000000004,0.020184905600635,0.0154993506816284,-134.81756338899194
-1.9,-0.055,45232.00000000002,0.0201482058664639,0.015678982190404,-141.55844155844156
-1.9,-0.0525,45247.00000000004,0.0201154608638365,0.0158569931405783,-162.21397649969083
-1.9,-0.05,45273.00000000003,0.0200853518647998,0.016038346107151,-162.21397649969083
-1.9,-0.0475,45320.000000000015,0.0200585428702787,0.0162249582853271,-175.0773036487322
-1.9,-0.045,45307.00000000004,0.0200357435681282,0.0164080662215459,-184.29189857761287
-1.9,-0.0425,45334.00000000002,0.0200202598121722,0.0165967171759009,-193.50649350649348
-1.9,-0.04,45349.00000000004,0.0200025768209589,0.0167888536008188,-196.57802514945368
-1.9,-0.0375,45340.00000000003,0.0199918794658054,0.0169766464457706,-211.9356833642548
-1.9,-0.035,45369.000000000015,0.0199873285822922,0.017174743175223,-215.007215007215
-1.9,-0.0325,45369.00000000004,0.0199833230183347,0.0173682277014064,-230.3648732220161
-1.9,-0.03,45373.00000000002,0.019979394747394,0.0175665150129173,-236.89960832817977
-1.9,-0.0275,45395.00000000004,0.0199865549423151,0.0177660442496632,-247.3510616367759
-1.9,-0.025,45410.00000000002,0.0199970210698121,0.0179649245719104,-253.2467532467533
-1.9,-0.0225,45418.00000000004,0.0200087039457992,0.0181654866948294,-261.03896103896113
-1.9,-0.02,45433.00000000003,0.020021080396274,0.0183673426117207,-272.72727272727275
-1.9,-0.0175,45447.00000000004,0.0200421191424372,0.0185714043031605,-284.4155844155845
-1.9,-0.015,45480.00000000003,0.0200669654026677,0.0187811939081947,-288.3116883116884
-1.9,-0.0124999999999999,45517.00000000004,0.0200971624072757,0.0189884891821854,-300.00000000000006
-1.9,-0.01,45529.00000000004,0.0201238089340717,0.0191973364378339,-307.7922077922078
-1.9,-0.0075,45550.00000000004,0.0201561233997641,0.019409260329921,-314.5124716553288
-1.9,-0.005,45553.00000000003,0.0201938650822322,0.0196217591878898,-323.12925170068024
-1.9,-0.0025,45571.00000000004,0.020235334248391,0.0198390397478418,-330.4473304473304
-1.9,0.0,45584.00000000004,0.0202825517024079,0.0200534949391041,-344.6093588950731
-1.9,0.0025,45597.00000000004,0.0203310696552204,0.0202708538418675,-354.05071119356825
-1.9,0.0049999999999999,45615.00000000004,0.0203829431710776,0.0204883431016813,-363.4920634920634
-1.9,0.0074999999999999,45622.00000000004,0.0204395183299666,0.0207014456542446,-372.93341579055857
-1.9,0.0099999999999999,45618.00000000004,0.0204958986556078,0.0209226845161235,-377.65409193980616
-1.9,0.0124999999999999,45670.00000000004,0.0205613560539024,0.0211446506894564,-387.0954442383013
-1.9,0.015,45646.00000000003,0.0206308040464458,0.0213644182338721,-396.5367965367965
-1.9,0.0175,45643.00000000004,0.020696996596917,0.0215844781128799,-405.504019789734
-1.9,0.0199999999999999,45644.00000000002,0.0207772935948058,0.0218033161546678,-410.6369820655534
-1.9,0.0224999999999999,45663.00000000004,0.0208550099517517,0.0220241063900801,-421.4388785817357
-1.9,0.0249999999999999,45656.00000000002,0.0209351167862445,0.0222495930092168,-426.984126984127
-1.9,0.0274999999999999,45685.00000000004,0.0210246232513781,0.0224744052410378,-438.0746237889096
-1.9,0.03,45686.00000000002,0.0211170929688698,0.022695036429276,-443.6198721913008
-1.9,0.0325,45693.00000000004,0.0212079219967244,0.0229166938446645,-454.7103689960833
-1.9,0.035,45720.000000000015,0.021306283054134,0.0231464304720216,-465.8008658008658
-1.9,0.0375,45708.00000000004,0.0214041821344848,0.023374747686954,-471.34611420325706
-1.9,0.04,45720.00000000004,0.0215047117159724,0.0236041963205232,-482.5602968460111
-1.9,0.0425,45750.00000000002,0.0216132338732243,0.023833228655236,-488.5178313749743
-1.9,0.0449999999999999,45756.00000000004,0.0217227164311198,0.0240607374629215,-503.2158317872604
-1.9,0.0474999999999999,45738.00000000002,0.0218366647416204,0.0242876873445854,-509.5856524427953
-1.9,0.0499999999999999,45771.00000000004,0.0219520593236262,0.0245217561888217,-515.9554730983302
-1.9,0.0524999999999999,45775.00000000004,0.0220713223040922,0.024752146989808,-528.6951144094003
-1.9,0.0549999999999999,45787.00000000002,0.0221970783995045,0.0249806052109078,-535.0649350649351
-1.9,0.0574999999999999,45789.00000000004,0.0223278313464789,0.0252108847801067,-541.4347557204701
-1.9,0.06,45821.000000000015,0.0224609059018449,0.0254425154235701,-554.1743970315399
-1.9,0.0625,45838.00000000004,0.0225929870590619,0.0256757403016632,-562.9148629148631
-1.9,0.065,45851.00000000004,0.0227287271216177,0.0259096176370944,-569.6969696969699
-1.9,0.0675,45888.00000000002,0.0228717401008393,0.026141928231452,-576.4790764790766
-1.9,0.07,45885.00000000004,0.0230198187621631,0.0263745725222092,-589.9402185116471
-1.9,0.0725,45896.000000000015,0.0231636751183427,0.0266097324175058,-597.1346114203258
-1.9,0.075,45915.00000000003,0.023318023253992,0.0268462693157882,-611.523397237683
-1.9,0.0774999999999999,45939.00000000004,0.0234700776194686,0.0270835799512106,-611.523397237683
-1.9,0.0799999999999999,45957.000000000015,0.0236307053776639,0.0273198346358345,-625.9121830550403
-1.9,0.0824999999999999,45992.00000000004,0.0237928500261822,0.0275501652314763,-633.1065759637188
-1.9,0.0849999999999999,46016.00000000004,0.023956305592486,0.0277826896625521,-638.9610389610389
-1.9,0.0875,46037.000000000015,0.0241283677690835,0.0280196811788206,-646.5677179962893
-1.9,0.09,46059.00000000003,0.0243017496607615,0.0282561138495846,-661.7810760667902
-1.9,0.0925,46070.00000000004,0.024469591247161,0.0284918010547154,-665.5741084312513
-1.9,0.095,46112.000000000015,0.0246497769067483,0.0287265873913491,-681.6120387548958
-1.9,0.0975,46120.00000000003,0.0248315117337453,0.0289624112255705,-681.6120387548958
-1.9,0.1,46143.00000000004,0.0250192430761026,0.0292042335818535,-697.6499690785406
-1.7999999999999998,-0.1,46265.00000000003,0.0217637987632902,0.0126841617665308,39.82683982683983
-1.7999999999999998,-0.0975,46271.00000000003,0.0216466903255936,0.0127951271268316,27.025355596784152
-1.7999999999999998,-0.095,46274.00000000002,0.0215282339794849,0.0129137884014202,18.49103277674708
-1.7999999999999998,-0.0925,46272.00000000003,0.0214198763535368,0.0130304398108711,11.37909709338281
-1.7999999999999998,-0.09,46283.00000000003,0.0213145002652098,0.0131531218543621,3.030303030303031
-1.7999999999999998,-0.0875,46283.00000000002,0.021211597005777,0.013281303357552,-7.111935683364251
-1.7999999999999998,-0.085,46293.00000000003,0.0211137264490679,0.0134137545601342,-14.223871366728517
-1.7999999999999998,-0.0825,46294.00000000003,0.0210208847075711,0.0135484253225891,-22.75819418676562
-1.7999999999999998,-0.08,46327.00000000002,0.0209301698306073,0.0136846209635084,-32.714904143475565
-1.7999999999999998,-0.0775,46333.00000000003,0.0208435414963043,0.0138305960520967,-45.51638837353124
-1.7999999999999998,-0.075,46334.00000000003,0.02076254980191,0.0139750555655547,-54.05071119356835
-1.7999999999999998,-0.0725,46380.00000000002,0.0206818350811815,0.0141242870192764,-64.00742115027832
-1.7999999999999998,-0.07,46420.00000000004,0.020607964701723,0.0142800273611582,-71.11935683364257
-1.7999999999999998,-0.0675,46423.00000000002,0.0205398780157698,0.014432946260321,-80.72562358276645
-1.7999999999999998,-0.065,46461.00000000004,0.0204694088480864,0.0145942113739132,-89.87837559266131
-1.7999999999999998,-0.0625,46474.00000000003,0.0204101403367855,0.0147583914484169,-98.86621315192744
-1.7999999999999998,-0.06,46487.00000000002,0.0203487726235006,0.0149214457656542,-107.8540507111936
-1.7999999999999998,-0.0575,46508.00000000004,0.020299444137078,0.0150904749611279,-116.84188827045968
-1.7999999999999998,-0.055,46476.00000000002,0.0202510798359615,0.0152586216790779,-125.82972582972585
-1.7999999999999998,-0.0525,46495.00000000004,0.0202039347904315,0.0154294585001303,-134.81756338899197
-1.7999999999999998,-0.05,46506.00000000004,0.0201613680775891,0.0156062706268191,-141.55844155844156
-1.7999999999999998,-0.0475,46513.000000000015,0.0201236156086468,0.0157837720038146,-152.79323850752425
-1.7999999999999998,-0.045,46518.00000000004,0.0200901353643981,0.0159618475419751,-162.21397649969083
-1.7999999999999998,-0.0425,46551.00000000002,0.0200589648143937,0.0161472676877136,-172.8509585652443
-1.7999999999999998,-0.04,46562.00000000004,0.0200341694857396,0.0163284325748151,-184.29189857761284
-1.7999999999999998,-0.0375,46581.00000000003,0.0200161173583714,0.0165178645903498,-190.4349618635333
-1.7999999999999998,-0.035,46600.000000000015,0.0199946253511823,0.016711442655107,-199.6495567924139
-1.7999999999999998,-0.0325,46605.00000000004,0.0199793478789262,0.0168991126288657,-205.7926200783344
-1.7999999999999998,-0.03,46622.000000000015,0.0199708520428526,0.0170944073088167,-215.007215007215
-1.7999999999999998,-0.0275,46646.00000000004,0.0199655645340976,0.0172851632146496,-224.22180993609564
-1.7999999999999998,-0.025,46628.00000000002,0.0199664945304088,0.0174799195606393,-236.5079365079365
-1.7999999999999998,-0.0225,46667.00000000004,0.0199664522387089,0.0176832962420618,-236.89960832817977
-1.7999999999999998,-0.02,46649.00000000003,0.019972287606516,0.017881554890689,-250.834879406308
-1.7999999999999998,-0.0175,46685.00000000004,0.0199809303703904,0.0180825170158039,-257.1428571428572
-1.7999999999999998,-0.015,46675.00000000003,0.0199957435101567,0.0182852078560139,-272.72727272727275
-1.7999999999999998,-0.0124999999999999,46723.00000000004,0.0200143980514188,0.0184865304033868,-280.51948051948057
-1.7999999999999998,-0.01,46735.00000000003,0.0200393847266662,0.0186956730360495,-284.4155844155845
-1.7999999999999998,-0.0075,46778.00000000004,0.0200650147379834,0.0189066332473897,-296.1038961038962
-1.7999999999999998,-0.005,46795.00000000004,0.0200953221945031,0.0191130260036908,-303.896103896104
-1.7999999999999998,-0.0025,46803.00000000004,0.0201298605832321,0.0193245499385779,-319.48051948051955
-1.7999999999999998,0.0,46818.00000000004,0.0201666133523999,0.0195346614277558,-323.12925170068024
-1.7999999999999998,0.0025,46847.00000000004,0.0202080620020674,0.0197486054579401,-331.74603174603175
-1.7999999999999998,0.0049999999999999,46841.00000000004,0.0202521648388521,0.0199602242870191,-339.8886827458255
-1.7999999999999998,0.0074999999999999,46867.00000000004,0.0203108857632884,0.0201765838711032,-354.05071119356825
-1.7999999999999998,0.0099999999999999,46869.00000000004,0.0203639430195873,0.0203920345266533,-363.4920634920634
-1.7999999999999998,0.0124999999999999,46883.00000000004,0.0204200623776164,0.0206047867962571,-363.4920634920634
-1.7999999999999998,0.015,46895.00000000003,0.0204794162692286,0.0208246049167317,-372.93341579055857
-1.7999999999999998,0.0175,46897.00000000004,0.0205406944333007,0.0210460541126799,-387.09544423830135
-1.7999999999999998,0.0199999999999999,46907.00000000003,0.0206096409958753,0.0212652904273823,-396.5367965367964
-1.7999999999999998,0.0224999999999999,46903.00000000004,0.0206826774991723,0.0214843511606465,-400.3710575139146
-1.7999999999999998,0.0249999999999999,46904.00000000002,0.0207609849629646,0.0217028423569588,-410.6369820655534
-1.7999999999999998,0.0274999999999999,46924.00000000004,0.0208431405736498,0.0219262232238438,-421.4388785817357
-1.7999999999999998,0.03,46951.00000000002,0.020928184251459,0.0221461849850828,-426.984126984127
-1.7999999999999998,0.0325,46991.00000000004,0.0210179248410267,0.0223706217700232,-432.5293753865183
-1.7999999999999998,0.035,46988.000000000015,0.0211084268463914,0.0225974877875746,-443.6198721913008
-1.7999999999999998,0.0375,46970.00000000004,0.0212069115342918,0.0228177246956628,-454.7103689960833
-1.7999999999999998,0.04,46983.00000000004,0.0213084554636989,0.0230467047184552,-465.8008658008658
-1.7999999999999998,0.0425,46993.00000000002,0.0214107780928209,0.0232752092507307,-471.34611420325706
-1.7999999999999998,0.0449999999999999,46983.00000000004,0.0215172705842736,0.0235051587523594,-482.5602968460111
-1.7999999999999998,0.0474999999999999,47020.00000000002,0.0216306019064386,0.0237376570832745,-488.5178313749743
-1.7999999999999998,0.0499999999999999,47047.00000000004,0.0217461797309571,0.0239636210683536,-500.4329004329004
-1.7999999999999998,0.0524999999999999,47051.00000000004,0.0218657133532196,0.0241891791538944,-509.5856524427953
-1.7999999999999998,0.0549999999999999,47045.00000000003,0.0219871690125513,0.024418776514452,-515.9554730983302
-1.7999999999999998,0.0574999999999999,47074.00000000004,0.0221147242920635,0.024650560544277,-522.3252937538653
-1.7999999999999998,0.06,47085.00000000002,0.0222458786712788,0.0248780230209386,-528.6951144094003
-1.7999999999999998,0.0625,47098.00000000004,0.0223757868870098,0.0251106932282932,-541.4347557204701
-1.7999999999999998,0.065,47108.00000000004,0.022516549451523,0.0253411419869046,-547.804576376005
-1.7999999999999998,0.0675,47137.00000000002,0.0226587965503722,0.0255750601051555,-556.1327561327563
-1.7999999999999998,0.07,47156.00000000004,0.0228048395784122,0.0258058133702766,-569.6969696969699
-1.7999999999999998,0.0725,47175.000000000015,0.0229495851009347,0.0260387355499145,-576.4790764790766
-1.7999999999999998,0.075,47197.00000000003,0.0231008365692246,0.0262763041883055,-582.7458256029686
-1.7999999999999998,0.0774999999999999,47187.00000000004,0.0232549342500615,0.0265072172866542,-597.1346114203258
-1.7999999999999998,0.0799999999999999,47206.00000000002,0.023416636597335,0.0267417814351183,-604.3290043290044
-1.7999999999999998,0.0824999999999999,47229.00000000003,0.0235749961420619,0.0269772692731895,-611.523397237683
-1.7999999999999998,0.0849999999999999,47262.00000000004,0.0237428367074465,0.0272135798284096,-625.9121830550403
-1.7999999999999998,0.0875,47272.00000000002,0.0239128657046985,0.0274446842726422,-633.1065759637188
-1.7999999999999998,0.09,47306.00000000004,0.0240831052159776,0.0276783397236623,-638.9610389610389
-1.7999999999999998,0.0925,47328.00000000004,0.0242624292045067,0.0279106883599718,-646.5677179962893
-1.7999999999999998,0.095,47361.000000000015,0.0244415539952704,0.0281492662350328,-654.1743970315397
-1.7999999999999998,0.0975,47373.00000000003,0.0246204112011247,0.0283861338594161,-661.7810760667902
-1.7999999999999998,0.1,47392.00000000004,0.0248066737110785,0.0286199666978284,-673.5930735930735
-1.6999999999999995,-0.1,47560.00000000003,0.0221827035397582,0.0124424732412764,55.4730983302412
-1.6999999999999995,-0.0975,47548.00000000003,0.0220427918983322,0.0125473938986474,46.938775510204096
-1.6999999999999995,-0.095,47515.00000000002,0.0219173321050795,0.0126484628095604,38.40445269016698
-1.6999999999999995,-0.0925,47492.00000000003,0.0217904991668067,0.0127620071224093,32.714904143475565
-1.6999999999999995,-0.09,47504.00000000003,0.0216674277753513,0.0128776380960596,21.335807050092782
-1.6999999999999995,-0.0875,47509.00000000002,0.0215523284347144,0.0129925712220698,12.801484230055664
-1.6999999999999995,-0.085,47503.00000000003,0.0214386575938196,0.0131176715892718,3.030303030303031
-1.6999999999999995,-0.0825,47527.00000000003,0.0213252331583505,0.0132429825068663,-2.0202020202020208
-1.6999999999999995,-0.08,47505.00000000002,0.0212216392337944,0.0133728313879844,-11.37909709338281
-1.6999999999999995,-0.0775,47552.00000000003,0.0211241618474723,0.0135047850304347,-21.335807050092768
-1.6999999999999995,-0.075,47531.00000000003,0.0210286682195943,0.0136437960994089,-29.87012987012986
-1.6999999999999995,-0.0725,47561.00000000002,0.0209360273732191,0.0137859331374841,-42.671614100185536
-1.6999999999999995,-0.07,47596.00000000004,0.0208461218389362,0.0139288146164037,-49.78354978354979
-1.6999999999999995,-0.0675,47613.00000000002,0.0207631002498252,0.0140808641545549,-61.16264687693261
-1.6999999999999995,-0.065,47666.00000000004,0.0206814151491767,0.0142321414514493,-69.69696969696972
-1.6999999999999995,-0.0625,47664.00000000003,0.0206076196724265,0.0143891586414305,-77.05627705627705
-1.6999999999999995,-0.06,47668.000000000015,0.0205293402336316,0.0145462050440793,-86.22964337250049
-1.6999999999999995,-0.0575,47696.00000000004,0.0204632954165254,0.0147100601508847,-92.12533498247782
-1.6999999999999995,-0.055,47714.00000000003,0.0203967463837788,0.0148699264633134,-105.60709132137706
-1.6999999999999995,-0.0525,47740.00000000004,0.0203425852566767,0.0150367031567373,-112.34796949082664
-1.6999999999999995,-0.05,47749.00000000003,0.0202903143801775,0.0152085442026646,-121.33580705009275
-1.6999999999999995,-0.0475,47718.00000000002,0.0202376766619549,0.0153774581759555,-134.81756338899197
-1.6999999999999995,-0.045,47766.00000000004,0.0201927518074873,0.0155522386447179,-139.31148216862502
-1.6999999999999995,-0.0425,47772.00000000003,0.0201511865935509,0.0157294056379105,-152.79323850752422
-1.6999999999999995,-0.04,47769.00000000004,0.0201150630327703,0.0159052860958856,-159.55473098330245
-1.6999999999999995,-0.0375,47788.00000000003,0.0200781313718449,0.0160939215869608,-172.8509585652443
-1.6999999999999995,-0.035,47813.000000000015,0.0200504805649195,0.0162739718347482,-178.14883529169242
-1.6999999999999995,-0.0325,47824.00000000004,0.0200250193693011,0.016461257344311,-190.4349618635333
-1.6999999999999995,-0.03,47853.000000000015,0.0200081375500083,0.0166527677970771,-196.5780251494537
-1.6999999999999995,-0.0275,47867.00000000004,0.0199867900396292,0.0168444549306668,-205.7926200783344
-1.6999999999999995,-0.025,47869.000000000015,0.0199765960190832,0.0170347337473331,-215.00721500721497
-1.6999999999999995,-0.0225,47909.00000000004,0.0199702266625995,0.0172309783477052,-221.1502782931354
-1.6999999999999995,-0.02,47880.00000000003,0.0199661518728302,0.0174252116619095,-233.43640486497628
-1.6999999999999995,-0.0175,47898.00000000004,0.0199648789995345,0.0176247118793194,-240.38342609771183
-1.6999999999999995,-0.015,47878.00000000003,0.0199724461257538,0.0178217877485181,-250.834879406308
-1.6999999999999995,-0.0124999999999999,47918.00000000004,0.0199822303375328,0.0180248989499389,-261.03896103896113
-1.6999999999999995,-0.01,47925.00000000004,0.0199949090544436,0.0182264407703343,-264.93506493506504
-1.6999999999999995,-0.0075,47969.00000000004,0.0200146831710338,0.0184307516593113,-276.62337662337666
-1.6999999999999995,-0.005,47972.00000000004,0.0200362736379788,0.0186329491367363,-284.4155844155845
-1.6999999999999995,-0.0025,48009.00000000004,0.0200603605634943,0.0188452510833104,-296.1038961038962
-1.6999999999999995,0.0,48033.00000000004,0.0200904169199141,0.019050305830394,-303.896103896104
-1.6999999999999995,0.0025,48045.00000000004,0.0201259934520203,0.0192621048366103,-315.58441558441564
-1.6999999999999995,0.0049999999999999,48080.00000000004,0.0201655039734805,0.0194721013611236,-323.12925170068024
-1.6999999999999995,0.0074999999999999,48086.00000000004,0.0202099510488015,0.0196872662110891,-331.74603174603175
-1.6999999999999995,0.0099999999999999,48102.00000000004,0.0202538096284735,0.0198996472591837,-339.8886827458256
-1.6999999999999995,0.0124999999999999,48108.00000000004,0.0203102258254314,0.0201112126082666,-344.6093588950731
-1.6999999999999995,0.015,48142.00000000004,0.0203619418902472,0.0203310540769639,-358.77138734281584
-1.6999999999999995,0.0175,48146.00000000004,0.0204174338946698,0.0205472519906497,-363.4920634920634
-1.6999999999999995,0.0199999999999999,48137.00000000003,0.0204836965136495,0.0207595514897404,-372.93341579055857
-1.6999999999999995,0.0224999999999999,48162.00000000004,0.0205506225002527,0.020979347059442,-382.37476808905376
-1.6999999999999995,0.0249999999999999,48162.00000000002,0.0206216547353746,0.0212002596632325,-391.8161203875489
-1.6999999999999995,0.0274999999999999,48142.00000000004,0.020696359266401,0.0214215436825796,-401.257472686044
-1.6999999999999995,0.03,48164.00000000002,0.0207769530426766,0.0216390512026768,-410.6369820655534
-1.6999999999999995,0.0325,48200.00000000004,0.0208634704274198,0.0218596206154469,-415.8936301793445
-1.6999999999999995,0.035,48196.00000000002,0.0209501475450394,0.022084108525837,-421.4388785817357
-1.6999999999999995,0.0375,48222.00000000004,0.0210404370436667,0.0223073147031369,-432.5293753865183
-1.6999999999999995,0.04,48242.00000000004,0.0211397084651738,0.0225304709443147,-443.6198721913008
-1.6999999999999995,0.0425,48253.00000000002,0.0212414472633077,0.022752469207456,-454.7103689960833
-1.6999999999999995,0.0449999999999999,48247.00000000004,0.0213468062454035,0.0229801946374055,-460.25561739847456
-1.6999999999999995,0.0474999999999999,48298.00000000002,0.0214541231986372,0.0232041003230624,-465.8008658008658
-1.6999999999999995,0.0499999999999999,48294.00000000004,0.0215644032107284,0.023432495131762,-476.8913626056483
-1.6999999999999995,0.0524999999999999,48300.00000000004,0.0216762001188616,0.023663415128323,-488.5178313749743
-1.6999999999999995,0.0549999999999999,48304.00000000003,0.0218018106666036,0.0238909520674313,-494.47536590393736
-1.6999999999999995,0.0574999999999999,48323.00000000004,0.0219239663079732,0.0241157502945817,-503.2158317872604
-1.6999999999999995,0.06,48310.000000000015,0.0220497406342502,0.0243452757113129,-509.5856524427953
-1.6999999999999995,0.0625,48346.00000000004,0.0221842731641502,0.0245753596911351,-515.9554730983302
-1.6999999999999995,0.065,48383.00000000004,0.0223148420623114,0.0248018059438207,-535.0649350649351
-1.6999999999999995,0.0675,48388.00000000002,0.0224551003415766,0.025030340420708,-541.4347557204701
-1.6999999999999995,0.07,48396.00000000004,0.0226022709545823,0.0252600117530155,-547.804576376005
-1.6999999999999995,0.0725,48428.000000000015,0.022749456877842,0.0254942503699698,-560.5442176870748
-1.6999999999999995,0.075,48440.00000000003,0.022899607377135,0.0257274400277115,-569.6969696969699
-1.6999999999999995,0.0774999999999999,48450.00000000004,0.0230533927095445,0.0259594803214897,-576.4790764790766
-1.6999999999999995,0.0799999999999999,48482.000000000015,0.0232149947297631,0.0261909279205469,-582.7458256029686
-1.6999999999999995,0.0824999999999999,48481.00000000003,0.0233781301475134,0.0264241175494941,-589.9402185116471
-1.6999999999999995,0.0849999999999999,48521.00000000004,0.0235424773361324,0.0266578191986354,-604.3290043290044
-1.6999999999999995,0.0875,48527.00000000002,0.0237139129178737,0.0268923111550158,-611.523397237683
-1.6999999999999995,0.09,48552.00000000004,0.0238901915474673,0.0271304063299767,-611.523397237683
-1.6999999999999995,0.0925,48563.00000000004,0.0240601799216103,0.0273632482917178,-625.9121830550403
-1.6999999999999995,0.095,48578.00000000002,0.02424129748256,0.0275958169414215,-640.3009688723976
-1.6999999999999995,0.0975,48610.00000000003,0.0244257090592933,0.0278243698195341,-646.5677179962893
-1.6999999999999995,0.1,48631.00000000004,0.0246137579349183,0.0280613812895513,-654.1743970315397
-1.5999999999999996,-0.1,48796.00000000003,0.0226310444139437,0.0122269232732598,77.05627705627705
-1.5999999999999996,-0.0975,48795.00000000003,0.0224821206422392,0.0123173186427462,72.54174397031542
-1.5999999999999996,-0.095,48758.00000000002,0.0223353198453577,0.0124120581104767,59.74025974025976
-1.5999999999999996,-0.0925,48744.00000000003,0.0221924573663905,0.0125088704578023,49.78354978354979
-1.5999999999999996,-0.09,48751.00000000003,0.0220552766583903,0.0126150738095953,41.24922696351268
-1.5999999999999996,-0.0875,48716.00000000002,0.0219191004154413,0.0127230681680414,35.55967841682127
-1.5999999999999996,-0.085,48723.00000000005,0.0217911069183237,0.0128361437232911,28.447742733457005
-1.5999999999999996,-0.0825,48747.00000000003,0.0216628144931921,0.012954505059542,15.64625850340137
-1.5999999999999996,-0.08,48734.00000000002,0.0215442370124939,0.0130730255088164,5.689548546691398
-1.5999999999999996,-0.0775,48753.00000000005,0.0214250900089571,0.0131979652006079,-4.0404040404040416
-1.5999999999999996,-0.075,48714.00000000003,0.0213111180253049,0.013327580308508,-12.801484230055664
-1.5999999999999996,-0.0725,48738.00000000002,0.0212058326118553,0.0134586745411226,-17.068645640074223
-1.5999999999999996,-0.07,48761.00000000004,0.0211006447158398,0.0135960059145768,-27.02535559678418
-1.5999999999999996,-0.0675,48764.00000000002,0.0209993012174487,0.0137373084616165,-35.55967841682127
-1.5999999999999996,-0.065,48776.00000000004,0.02090596234627,0.013878899795159,-46.938775510204096
-1.5999999999999996,-0.0625,48794.00000000003,0.0208188827690914,0.0140266926136681,-52.62832405689549
-1.5999999999999996,-0.06,48834.00000000002,0.0207293106008925,0.0141759795201263,-65.42980828695117
-1.5999999999999996,-0.0575,48861.00000000004,0.0206506241950225,0.0143336755173831,-75.22160379303236
-1.5999999999999996,-0.055,48851.00000000003,0.0205709748217554,0.0144868008205524,-82.56029684601114
-1.5999999999999996,-0.0525,48906.00000000004,0.0204983981783806,0.0146501543749413,-94.37229437229436
-1.5999999999999996,-0.05,48915.00000000004,0.0204310618206988,0.0148140275562754,-98.86621315192744
-1.5999999999999996,-0.0475,48921.00000000002,0.020364673380831,0.0149803026830181,-110.1010101010101
-1.5999999999999996,-0.045,48926.00000000004,0.0203070259076408,0.0151494200025498,-119.08884766027624
-1.5999999999999996,-0.0425,48917.00000000003,0.0202567178676781,0.0153161407033756,-132.57060399917543
-1.5999999999999996,-0.04,48937.00000000004,0.0202028276687334,0.0154898279117128,-143.8054009482581
-1.5999999999999996,-0.0375,48978.00000000004,0.0201565667246142,0.0156685056667752,-152.79323850752425
-1.5999999999999996,-0.035,48972.00000000002,0.0201194556051978,0.0158439273718748,-154.23623995052571
-1.5999999999999996,-0.0325,49009.00000000004,0.0200805256592073,0.0160295265625036,-167.5324675324676
-1.5999999999999996,-0.03,49005.00000000002,0.0200496542637997,0.0162101671075424,-178.14883529169242
-1.5999999999999996,-0.0275,49044.00000000004,0.0200215370978132,0.0163928080761055,-181.22036693465265
-1.5999999999999996,-0.025,49058.00000000002,0.0199990239970196,0.0165836003996283,-196.5780251494537
-1.5999999999999996,-0.0225,49063.00000000004,0.0199775852425296,0.0167768774470033,-196.57802514945368
-1.5999999999999996,-0.02,49096.00000000003,0.0199665923660104,0.0169650939447073,-215.007215007215
-1.5999999999999996,-0.0175,49106.00000000004,0.0199568579278574,0.0171620448314235,-221.1502782931354
-1.5999999999999996,-0.015,49107.00000000003,0.0199525261144772,0.0173536994104422,-224.22180993609564
-1.5999999999999996,-0.0124999999999999,49109.00000000004,0.0199504036528339,0.0175517669804731,-236.89960832817977
-1.5999999999999996,-0.01,49108.00000000003,0.0199557201303514,0.0177528371898808,-247.3510616367759
-1.5999999999999996,-0.0075,49124.00000000004,0.0199633831065394,0.0179518326294648,-253.2467532467533
-1.5999999999999996,-0.005,49133.00000000004,0.0199767885535331,0.0181543016936357,-264.935064935065
-1.5999999999999996,-0.0025,49189.00000000004,0.0199972277360422,0.0183569876389906,-272.72727272727275
-1.5999999999999996,0.0,49195.00000000004,0.0200161196070901,0.0185601793790797,-284.4155844155845
-1.5999999999999996,0.0025,49202.00000000004,0.0200406458963609,0.0187685766169286,-292.2077922077923
-1.5999999999999996,0.0049999999999999,49239.00000000004,0.0200700806354303,0.0189752550394485,-300.0000000000001
-1.5999999999999996,0.0074999999999999,49240.00000000004,0.0201080536448347,0.0191839338988499,-311.6883116883117
-1.5999999999999996,0.0099999999999999,49267.00000000004,0.0201470370939561,0.0193940481301672,-323.37662337662346
-1.5999999999999996,0.0124999999999999,49272.00000000004,0.0201888071785898,0.0196067672360221,-327.437641723356
-1.5999999999999996,0.015,49307.00000000003,0.0202372184349325,0.0198191549435552,-335.168006596578
-1.5999999999999996,0.0175,49325.00000000004,0.0202916878969252,0.0200318216947269,-344.6093588950731
-1.5999999999999996,0.0199999999999999,49355.00000000003,0.0203458134036481,0.0202478479729161,-354.05071119356825
-1.5999999999999996,0.0224999999999999,49358.00000000004,0.0204088711920303,0.0204631456030012,-358.77138734281584
-1.5999999999999996,0.0249999999999999,49365.00000000002,0.0204734193754018,0.0206784491088322,-368.212739641311
-1.5999999999999996,0.0274999999999999,49350.00000000004,0.0205419234787903,0.0208982215127348,-377.65409193980616
-1.5999999999999996,0.03,49356.00000000002,0.0206158736835538,0.0211189690670425,-387.09544423830135
-1.5999999999999996,0.0325,49354.00000000004,0.0206924366775147,0.0213415183636759,-396.5367965367964
-1.5999999999999996,0.035,49377.00000000002,0.0207724717657509,0.0215606729624826,-405.504019789734
-1.5999999999999996,0.0375,49387.00000000003,0.0208619359180406,0.0217779412904954,-415.7699443413729
-1.5999999999999996,0.04,49429.00000000004,0.0209526059437518,0.0220021405874881,-421.4388785817357
-1.5999999999999996,0.0425,49457.00000000003,0.0210485225551382,0.0222252767165916,-432.5293753865183
-1.5999999999999996,0.0449999999999999,49464.00000000004,0.0211469991381164,0.0224482574592611,-443.6198721913008
-1.5999999999999996,0.0474999999999999,49478.00000000002,0.0212504642422072,0.0226751968566461,-449.16512059369205
-1.5999999999999996,0.0499999999999999,49461.00000000004,0.0213589340759836,0.0228966828086422,-454.7103689960833
-1.5999999999999996,0.0524999999999999,49492.00000000004,0.0214704608433975,0.0231278805997877,-465.8008658008658
-1.5999999999999996,0.0549999999999999,49501.00000000003,0.0215874949011073,0.0233547905824963,-476.8913626056483
-1.5999999999999996,0.0574999999999999,49512.00000000004,0.0217079254364653,0.0235838512478341,-476.602762317048
-1.5999999999999996,0.06,49540.00000000002,0.0218303285161675,0.0238111479311853,-494.47536590393736
-1.5999999999999996,0.0625,49546.00000000004,0.0219577205855555,0.0240368140609002,-503.2158317872604
-1.5999999999999996,0.065,49588.00000000004,0.0220898815404568,0.024262949986964,-509.5856524427953
-1.5999999999999996,0.0675,49573.00000000002,0.0222259926499418,0.0244914883366441,-515.9554730983302
-1.5999999999999996,0.07,49588.00000000004,0.0223657000980222,0.0247217358688582,-528.6951144094003
-1.5999999999999996,0.0725,49615.000000000015,0.0225100325628876,0.0249467841503141,-535.0649350649351
-1.5999999999999996,0.075,49635.00000000003,0.022661228681659,0.0251798855786102,-541.4347557204701
-1.5999999999999996,0.0774999999999999,49645.00000000004,0.0228166229941135,0.0254085596825261,-554.1743970315399
-1.5999999999999996,0.0799999999999999,49680.00000000002,0.0229724432667374,0.0256423111296321,-562.9148629148631
-1.5999999999999996,0.0824999999999999,49663.00000000003,0.0231284280590787,0.0258761292778759,-569.6969696969699
-1.5999999999999996,0.0849999999999999,49715.00000000004,0.02329229516378,0.0261073494635071,-576.4790764790766
-1.5999999999999996,0.0875,49738.000000000015,0.023463953008269,0.0263398742072173,-582.7458256029686
-1.5999999999999996,0.09,49749.00000000003,0.0236323670787056,0.0265705977456913,-597.1346114203258
-1.5999999999999996,0.0925,49771.00000000004,0.023811436697504,0.0268049384233845,-611.523397237683
-1.5999999999999996,0.095,49778.00000000002,0.0239870045525047,0.027040909799823,-611.523397237683
-1.5999999999999996,0.0975,49796.00000000004,0.0241722372294063,0.0272757248783499,-625.9121830550403
-1.5999999999999996,0.1,49826.00000000004,0.0243601057937954,0.0275047330487585,-625.9121830550403
-1.5,-0.1,49947.00000000003,0.0231489125451445,0.0120300470218628,103.36013193156052
-1.5,-0.0975,49894.00000000003,0.0229842371044209,0.0121080684213738,92.12533498247782
-1.5,-0.095,49903.00000000002,0.0228202754095665,0.0121963733756919,80.72562358276645
-1.5,-0.0925,49865.00000000005,0.0226569270503377,0.0122816952835341,71.11935683364257
-1.5,-0.09,49857.00000000003,0.0225120020705991,0.0123759867449667,68.27458256029686
-1.5,-0.0875,49840.00000000002,0.0223575763576894,0.0124724702730771,54.05071119356835
-1.5,-0.085,49834.00000000005,0.0222097143128801,0.0125785691690133,45.51638837353124
-1.5,-0.0825,49791.00000000003,0.0220679917516129,0.0126821568110838,36.98206555349413
-1.5,-0.08,49825.00000000002,0.0219301954826297,0.0127936220345544,31.29251700680271
-1.5,-0.0775,49837.00000000003,0.0217943969039923,0.0129134037811157,19.91341991341993
-1.5,-0.075,49813.00000000003,0.0216680687794959,0.0130301504274501,11.37909709338281
-1.5,-0.0725,49813.00000000002,0.0215439376029893,0.0131554129130557,3.030303030303031
-1.5,-0.07,49802.00000000005,0.0214263359420484,0.0132834116840417,-8.534322820037104
-1.5,-0.0675,49816.00000000003,0.0213131777008953,0.0134155849743781,-17.068645640074223
-1.5,-0.065,49827.00000000005,0.0212046200493423,0.0135503652392379,-25.6029684601113
-1.5,-0.0625,49822.00000000003,0.0211005189867331,0.0136873631360263,-31.29251700680271
-1.5,-0.06,49854.00000000002,0.0210003137119328,0.0138334103264165,-39.82683982683983
-1.5,-0.0575,49875.00000000004,0.0209052133208842,0.013976250327165,-54.05071119356835
-1.5,-0.055,49887.00000000003,0.0208114756232212,0.0141286405717466,-61.16264687693261
-1.5,-0.0525,49944.00000000004,0.0207270838681541,0.0142822126407605,-71.11935683364257
-1.5,-0.05,49953.00000000004,0.0206460132487702,0.0144368077845079,-78.89095031952175
-1.5,-0.0475,49963.00000000002,0.0205633141094964,0.0145988225475431,-87.63141620284478
-1.5,-0.045,49990.00000000004,0.0204913018103049,0.014762122715466,-96.6192537621109
-1.5,-0.0425,49985.00000000002,0.0204189784685036,0.0149266474902387,-105.60709132137706
-1.5,-0.04,50022.00000000004,0.0203608249714692,0.0150928738706212,-114.59492888064318
-1.5,-0.0375,49990.00000000004,0.0203040012718891,0.0152632053322136,-123.5827664399093
-1.5,-0.035,49987.000000000015,0.0202498642318451,0.0154347626098788,-134.81756338899197
-1.5,-0.0325,49999.00000000004,0.0202019719103217,0.0156126264837688,-148.29931972789117
-1.5,-0.03,50061.00000000002,0.0201594329761587,0.015790804371446,-150.5462791177077
-1.5,-0.0275,50037.00000000004,0.020116213103443,0.01596940286168,-159.55473098330245
-1.5,-0.025,50065.00000000003,0.0200805724566534,0.0161545358635314,-168.93424036281178
-1.5,-0.0225,50094.00000000004,0.0200481253307776,0.016336017900083,-184.29189857761284
-1.5,-0.02,50136.00000000003,0.0200248415092757,0.0165219459096396,-190.4349618635333
-1.5,-0.0175,50158.00000000004,0.0200010175338251,0.0167168292238702,-199.6495567924139
-1.5,-0.015,50179.00000000003,0.0199801782783486,0.0169054698776711,-208.8641517212946
-1.5,-0.0124999999999999,50188.00000000004,0.0199674726132904,0.0170983397576299,-218.0787466501752
-1.5,-0.01,50204.00000000004,0.0199622988970712,0.0172911965956412,-227.29334157905583
-1.5,-0.0075,50193.00000000004,0.019958477130543,0.0174849838831325,-233.43640486497628
-1.5,-0.005,50181.00000000004,0.0199582720918337,0.0176853951246893,-243.86724386724387
-1.5,-0.0025,50210.00000000004,0.0199653129269376,0.0178877720657144,-247.3510616367759
-1.5,0.0,50206.00000000004,0.019981929107911,0.0180877548819256,-264.93506493506504
-1.5,0.0025,50246.00000000004,0.019992971128972,0.0182941309981558,-272.72727272727275
-1.5,0.0049999999999999,50289.00000000004,0.0200129413025006,0.0184955126688052,-276.62337662337666
-1.5,0.0074999999999999,50283.00000000004,0.0200336875862957,0.018701475167404,-288.3116883116884
-1.5,0.0099999999999999,50288.00000000004,0.0200642850364017,0.0189050291046333,-300.0000000000001
-1.5,0.0124999999999999,50308.00000000004,0.0200963617989053,0.0191169641936627,-307.7922077922078
-1.5,0.015,50346.00000000004,0.0201366313804895,0.0193233114601209,-311.6883116883117
-1.5,0.0175,50377.00000000004,0.0201784336996037,0.0195357711325678,-323.12925170068024
-1.5,0.0199999999999999,50361.00000000003,0.0202262275985765,0.019748063601693,-331.74603174603175
-1.5,0.0224999999999999,50391.00000000004,0.0202816631642626,0.019961613429266,-339.8886827458255
-1.5,0.0249999999999999,50412.00000000002,0.0203366687632456,0.0201722931633921,-349.3300350443207
-1.5,0.0274999999999999,50426.00000000004,0.0204000655741509,0.0203878219756294,-358.77138734281584
-1.5,0.03,50437.00000000002,0.0204613047249307,0.0206063487700196,-368.212739641311
-1.5,0.0325,50450.00000000004,0.0205328118595051,0.0208221952693131,-372.93341579055857
-1.5,0.035,50444.00000000002,0.0206078714324944,0.02104244119708,-382.37476808905376
-1.5,0.0375,50435.00000000004,0.0206863883328484,0.0212575254599143,-391.8161203875489
-1.5,0.04,50440.00000000004,0.0207701355585888,0.0214816903300049,-400.3710575139146
-1.5,0.0425,50488.00000000002,0.0208583963366705,0.0217039870058878,-410.6369820655534
-1.5,0.0449999999999999,50504.00000000004,0.0209495653403254,0.0219269195601344,-421.4388785817357
-1.5,0.0474999999999999,50508.00000000002,0.0210485764550118,0.0221459643520829,-426.984126984127
-1.5,0.0499999999999999,50523.00000000004,0.0211479224118943,0.0223707884783444,-432.5293753865183
-1.5,0.0524999999999999,50531.00000000004,0.0212541211329531,0.0225946661664587,-443.6198721913008
-1.5,0.0549999999999999,50553.00000000004,0.0213640039647565,0.0228143714001947,-454.7103689960833
-1.5,0.0574999999999999,50561.00000000004,0.0214818897268623,0.0230390816020828,-460.25561739847456
-1.5,0.06,50601.00000000002,0.0216015265004476,0.0232643800281245,-471.34611420325706
-1.5,0.0625,50579.00000000004,0.0217200414634637,0.0234934914785593,-476.602762317048
-1.5,0.065,50602.00000000004,0.0218499835981333,0.0237213869295105,-488.5178313749743
-1.5,0.0675,50631.00000000002,0.0219767484830797,0.0239507522873317,-500.4329004329004
-1.5,0.07,50663.00000000004,0.0221187925262361,0.0241764031038632,-503.2158317872604
-1.5,0.0725,50671.000000000015,0.0222501506046364,0.0244043099268135,-515.9554730983302
-1.5,0.075,50668.00000000003,0.0223984911991503,0.0246336249767684,-522.3252937538653
-1.5,0.0774999999999999,50689.00000000004,0.0225446273090352,0.0248618067131548,-528.6951144094003
-1.5,0.0799999999999999,50729.00000000002,0.0226995702114911,0.025093143265351,-541.4347557204701
-1.5,0.0824999999999999,50722.00000000004,0.0228573566167251,0.0253201307580798,-554.1743970315399
-1.5,0.0849999999999999,50736.00000000004,0.0230190196974593,0.0255505353050568,-562.9148629148631
-1.5,0.0875,50781.00000000002,0.0231826213897995,0.0257858843463675,-562.9148629148631
-1.5,0.09,50795.00000000004,0.0233510988832392,0.026017317053668,-576.4790764790766
-1.5,0.0925,50794.00000000004,0.0235253889803864,0.0262517591170615,-582.7458256029686
-1.5,0.095,50828.00000000002,0.0237036456299583,0.0264830598919754,-597.1346114203258
-1.5,0.0975,50857.00000000003,0.0238776785357867,0.0267162202546143,-597.1346114203258
-1.5,0.1,50847.00000000004,0.024068642381454,0.0269491465093779,-611.523397237683
-1.4,-0.1,50826.00000000003,0.0236659154495988,0.01185952738238,121.33580705009275
-1.4,-0.0975,50837.00000000003,0.0234798988271079,0.0119277413640496,110.1010101010101
-1.4,-0.095,50826.00000000002,0.0233033934677382,0.0119989736556882,101.11317254174398
-1.4,-0.0925,50815.00000000005,0.0231301320279898,0.0120797818683682,92.12533498247784
-1.4,-0.09,50815.00000000003,0.0229611133313779,0.0121631562382185,86.22964337250052
-1.4,-0.0875,50787.00000000002,0.0227945746985882,0.0122470953434084,78.89095031952175
-1.4,-0.085,50799.00000000005,0.0226307138545882,0.0123426861857289,65.42980828695117
-1.4,-0.0825,50770.00000000003,0.0224705894895111,0.0124373435766956,56.89548546691405
-1.4,-0.08,50735.00000000002,0.022321718914972,0.0125379969130803,48.36116264687695
-1.4,-0.0775,50730.00000000005,0.0221753110924714,0.0126424340229165,39.82683982683983
-1.4,-0.075,50726.00000000003,0.0220305781624842,0.0127557122863291,34.13729128014842
-1.4,-0.0725,50744.00000000002,0.0218938656737066,0.0128694936664926,24.180581323438474
-1.4,-0.07,50709.00000000003,0.021759906240441,0.0129863038399826,11.37909709338281
-1.4,-0.0675,50701.00000000002,0.0216292622082408,0.0131103059570983,5.050505050505052
-1.4,-0.065,50686.00000000005,0.0215045672535863,0.0132344734154509,-2.0202020202020208
-1.4,-0.0625,50684.00000000003,0.0213866738252912,0.0133677910133324,-14.223871366728517
-1.4,-0.06,50702.00000000002,0.0212714835016479,0.0134989437864693,-22.758194186765635
-1.4,-0.0575,50717.00000000005,0.0211641556112446,0.0136368210704083,-29.87012987012986
-1.4,-0.055,50729.00000000003,0.0210535458150421,0.0137815336574204,-42.671614100185536
-1.4,-0.0525,50743.00000000004,0.0209578079822175,0.0139251666597278,-49.78354978354979
-1.4,-0.05,50774.00000000004,0.0208647189999573,0.0140756225877294,-55.4730983302412
-1.4,-0.0475,50799.00000000002,0.0207709333461128,0.0142259531682374,-69.69696969696972
-1.4,-0.045,50827.00000000004,0.0206864258502749,0.0143835068685488,-75.22160379303236
-1.4,-0.0425,50809.00000000003,0.0205996559882027,0.0145412009229054,-86.22964337250049
-1.4,-0.04,50848.00000000004,0.0205241056604944,0.0147042390559943,-92.12533498247782
-1.4,-0.0375,50872.00000000004,0.0204530182505953,0.0148663429101042,-101.11317254174398
-1.4,-0.035,50870.00000000002,0.0203898902578388,0.0150320723917148,-110.10101010101012
-1.4,-0.0325,50922.00000000004,0.0203295468583044,0.0152051214823205,-119.08884766027624
-1.4,-0.03,50884.00000000002,0.0202710275078962,0.0153749706857489,-134.81756338899194
-1.4,-0.0275,50942.00000000004,0.0202188342598967,0.0155518321086902,-139.31148216862502
-1.4,-0.025,50943.00000000002,0.0201696904940251,0.0157303437944351,-148.29931972789117
-1.4,-0.0225,50939.00000000004,0.0201297426977943,0.0159065995715875,-159.55473098330245
-1.4,-0.02,50966.00000000003,0.0200891956610504,0.0160938069893008,-167.53246753246756
-1.4,-0.0175,51011.00000000004,0.0200574121294348,0.0162748155461543,-178.14883529169242
-1.4,-0.015,51051.00000000003,0.020028016622826,0.0164605792553153,-190.4349618635333
-1.4,-0.0124999999999999,51073.00000000004,0.0200061564642731,0.0166539092118676,-202.72108843537416
-1.4,-0.01,51128.00000000003,0.0199838539585233,0.016845970677645,-205.7926200783344
-1.4,-0.0075,51112.00000000004,0.0199730508218841,0.0170351393407806,-221.1502782931354
-1.4,-0.005,51131.00000000004,0.0199641761577974,0.0172318057870089,-224.22180993609564
-1.4,-0.0025,51135.00000000004,0.0199624697124804,0.017425697333984,-230.3648732220161
-1.4,0.0,51138.00000000004,0.0199606207922818,0.0176256493625604,-243.86724386724387
-1.4,0.0025,51135.00000000004,0.0199669770415914,0.0178254259784536,-257.8025149453721
-1.4,0.0049999999999999,51145.00000000004,0.0199796288443463,0.0180247727490855,-261.03896103896113
-1.4,0.0074999999999999,51171.00000000004,0.0199972070747577,0.0182277616387335,-268.83116883116884
-1.4,0.0099999999999999,51184.00000000004,0.0200176754340358,0.0184331351145201,-280.51948051948057
-1.4,0.0124999999999999,51211.00000000004,0.020038107462788,0.0186366329518841,-288.3116883116884
-1.4,0.015,51247.00000000003,0.02006890540029,0.0188424414664622,-296.1038961038962
-1.4,0.0175,51260.00000000004,0.0201020707075375,0.0190530877355461,-300.0000000000001
-1.4,0.0199999999999999,51272.00000000004,0.0201418686389639,0.0192580013884227,-311.6883116883117
-1.4,0.0224999999999999,51289.00000000004,0.0201828637481172,0.0194712192091708,-323.12925170068024
-1.4,0.0249999999999999,51298.00000000002,0.0202304702245178,0.0196855380404571,-331.74603174603175
-1.4,0.0274999999999999,51334.00000000004,0.0202878150680049,0.0198983428206878,-335.168006596578
-1.4,0.03,51357.00000000002,0.0203437139969393,0.0201096421085625,-344.6093588950731
-1.4,0.0325,51374.00000000004,0.0204041189975083,0.0203268673836432,-358.77138734281584
-1.4,0.035,51358.00000000002,0.0204693762427627,0.0205404591512604,-368.212739641311
-1.4,0.0375,51380.00000000004,0.0205446599010035,0.0207607390011968,-372.93341579055857
-1.4,0.04,51391.00000000004,0.0206171851761528,0.0209754435760464,-382.37476808905376
-1.4,0.0425,51374.00000000003,0.0206979679055159,0.0211935058235628,-391.8161203875489
-1.4,0.0449999999999999,51403.00000000004,0.0207841259542606,0.0214148365189803,-400.3710575139146
-1.4,0.0474999999999999,51390.00000000002,0.0208729583830796,0.0216355769672233,-410.6369820655534
-1.4,0.0499999999999999,51417.00000000004,0.0209700761691541,0.0218595962158341,-421.4388785817357
-1.4,0.0524999999999999,51459.00000000004,0.0210664283812539,0.022081230299411,-421.4388785817357
-1.4,0.0549999999999999,51441.00000000004,0.0211657672012942,0.0223008038815467,-432.5293753865183
-1.4,0.0574999999999999,51468.00000000004,0.0212768391784162,0.0225262130903986,-443.6198721913008
-1.4,0.06,51449.00000000002,0.0213869693135927,0.0227455138510344,-454.7103689960833
-1.4,0.0625,51461.00000000004,0.02150610521537,0.0229680459405907,-460.25561739847456
-1.4,0.065,51492.00000000004,0.0216267857364355,0.0231981234542494,-471.34611420325706
-1.4,0.0675,51540.00000000002,0.0217492584871335,0.0234246492969675,-476.602762317048
-1.4,0.07,51543.00000000004,0.0218785519431082,0.0236522995843672,-488.5178313749743
-1.4,0.0725,51545.00000000002,0.0220073086356273,0.0238802997581947,-488.5178313749743
-1.4,0.075,51563.00000000003,0.0221508901794236,0.024107822125115,-509.5856524427953
-1.4,0.0774999999999999,51604.00000000004,0.0222898822363482,0.0243331035613212,-515.9554730983302
-1.4,0.0799999999999999,51618.00000000002,0.022441540072302,0.0245619563807178,-515.9554730983302
-1.4,0.0824999999999999,51592.00000000004,0.022590431365097,0.0247916495987296,-535.0649350649351
-1.4,0.0849999999999999,51618.00000000004,0.0227469561309928,0.0250189049621776,-541.4347557204701
-1.4,0.0875,51645.00000000002,0.0229074085660096,0.0252485873031374,-547.804576376005
-1.4,0.09,51689.00000000004,0.023072986387659,0.0254794824207892,-554.1743970315399
-1.4,0.0925,51683.00000000004,0.0232384161619548,0.0257122773331375,-562.9148629148631
-1.4,0.095,51707.00000000002,0.0234147023584297,0.0259413159879504,-576.4790764790766
-1.4,0.0975,51721.00000000004,0.0235894352834175,0.0261750799219839,-583.2611832611834
-1.4,0.1,51766.00000000004,0.0237740024379138,0.0264055090578058,-597.1346114203258
-1.2999999999999998,-0.1,51559.00000000005,0.0242359283546413,0.0117080054913889,141.55844155844156
-1.2999999999999998,-0.0975,51529.00000000003,0.0240357110241998,0.0117639265797088,132.57060399917543
-1.2999999999999998,-0.095,51514.00000000002,0.0238401499133101,0.0118241513289202,123.5827664399093
-1.2999999999999998,-0.0925,51473.00000000005,0.0236476977251825,0.0118925933496417,116.84188827045972
-1.2999999999999998,-0.09,51470.00000000003,0.0234641201857726,0.0119660157978549,105.60709132137706
-1.2999999999999998,-0.0875,51495.00000000002,0.0232798214051039,0.0120433162994603,96.6192537621109
-1.2999999999999998,-0.085,51464.00000000005,0.023105100147756,0.0121253188501331,87.63141620284478
-1.2999999999999998,-0.0825,51459.00000000003,0.0229345974325527,0.0122123210358717,78.89095031952175
-1.2999999999999998,-0.08,51405.00000000002,0.022765419516731,0.0123020348328751,68.27458256029688
-1.2999999999999998,-0.0775,51427.00000000003,0.0226076257932428,0.0123985599848558,61.16264687693261
-1.2999999999999998,-0.075,51406.00000000003,0.0224461028251137,0.0124962247475081,48.36116264687695
-1.2999999999999998,-0.0725,51414.00000000002,0.0222935022300216,0.0126021504780319,42.671614100185536
-1.2999999999999998,-0.07,51375.00000000005,0.0221429148887572,0.0127076018394467,36.98206555349413
-1.2999999999999998,-0.0675,51392.00000000003,0.021996074260112,0.0128212246780271,31.29251700680271
-1.2999999999999998,-0.065,51391.00000000005,0.0218547559183438,0.0129416720998665,19.91341991341993
-1.2999999999999998,-0.0625,51393.00000000003,0.021722176115819,0.0130603357491512,7.111935683364251
-1.2999999999999998,-0.06,51360.00000000002,0.0215932010891431,0.0131824550953994,-2.0202020202020208
-1.2999999999999998,-0.0575,51373.00000000005,0.0214666427252987,0.0133136715557323,-9.956709956709958
-1.2999999999999998,-0.055,51382.00000000003,0.0213499460681844,0.0134468097044973,-18.49103277674708
-1.2999999999999998,-0.0525,51388.00000000005,0.0212322061135692,0.013587303086978,-28.447742733457005
-1.2999999999999998,-0.05,51398.00000000003,0.0211201928190106,0.0137231124036429,-35.55967841682127
-1.2999999999999998,-0.0475,51421.00000000002,0.0210153425925125,0.0138697929010181,-48.36116264687693
-1.2999999999999998,-0.045,51485.00000000004,0.0209216855467271,0.0140153127154021,-56.89548546691405
-1.2999999999999998,-0.0425,51437.00000000003,0.0208208216141132,0.0141672208772882,-64.00742115027832
-1.2999999999999998,-0.04,51470.00000000005,0.0207325759767508,0.014323621020668,-73.96413110698828
-1.2999999999999998,-0.0375,51503.00000000003,0.0206445248284895,0.0144782786879802,-78.89095031952175
-1.2999999999999998,-0.035,51502.00000000002,0.020565766726419,0.0146377811548275,-92.12533498247784
-1.2999999999999998,-0.0325,51538.00000000004,0.0204899515476841,0.0148016700343755,-96.6192537621109
-1.2999999999999998,-0.03,51559.00000000002,0.0204173048268266,0.0149684133671096,-105.60709132137706
-1.2999999999999998,-0.0275,51569.00000000004,0.0203532336687743,0.0151371538153069,-114.59492888064317
-1.2999999999999998,-0.025,51572.00000000003,0.0202931989445625,0.0153049220236969,-128.07668521954236
-1.2999999999999998,-0.0225,51571.00000000004,0.0202363084663026,0.0154799189674784,-139.31148216862505
-1.2999999999999998,-0.02,51636.00000000003,0.0201861373382595,0.0156557476534572,-148.29931972789117
-1.2999999999999998,-0.0175,51646.00000000004,0.0201410243989045,0.015831738633588,-157.2871572871573
-1.2999999999999998,-0.015,51656.00000000004,0.0200970705182686,0.016015344284823,-167.5324675324676
-1.2999999999999998,-0.0124999999999999,51662.00000000004,0.0200633831654637,0.0162002497251895,-175.07730364873223
-1.2999999999999998,-0.01,51705.00000000004,0.0200320050897528,0.0163838374318906,-181.22036693465265
-1.2999999999999998,-0.0075,51746.00000000004,0.0200034559451074,0.0165771558950702,-196.5780251494537
-1.2999999999999998,-0.005,51758.00000000004,0.0199812861094433,0.0167660539901421,-205.7926200783344
-1.2999999999999998,-0.0025,51801.00000000004,0.0199652395294048,0.0169583361587873,-208.8641517212946
-1.2999999999999998,0.0,51814.00000000004,0.0199516513750696,0.0171517220087922,-218.0787466501752
-1.2999999999999998,0.0025,51835.00000000004,0.0199461925340541,0.0173463178813908,-224.22180993609564
-1.2999999999999998,0.0049999999999999,51809.00000000004,0.0199446889831087,0.0175395112041766,-239.57946815089676
-1.2999999999999998,0.0074999999999999,51803.00000000004,0.0199492948026677,0.0177405112847934,-247.3510616367759
-1.2999999999999998,0.0099999999999999,51803.00000000004,0.0199545774204602,0.0179442285827718,-257.1428571428572
-1.2999999999999998,0.0124999999999999,51843.00000000004,0.0199703073392015,0.0181404336053877,-264.93506493506504
-1.2999999999999998,0.015,51878.00000000004,0.0199853221490335,0.0183483185610299,-272.72727272727275
-1.2999999999999998,0.0175,51896.00000000004,0.0200095160959719,0.0185510121996596,-280.51948051948057
-1.2999999999999998,0.0199999999999999,51911.00000000003,0.0200351363648236,0.0187563322569298,-288.3116883116884
-1.2999999999999998,0.0224999999999999,51931.00000000004,0.0200689213080717,0.0189639673497007,-296.1038961038962
-1.2999999999999998,0.0249999999999999,51942.00000000002,0.0201111679463605,0.0191714005283264,-311.6883116883117
-1.2999999999999998,0.0274999999999999,51990.00000000004,0.0201475018703486,0.0193813995193424,-315.58441558441564
-1.2999999999999998,0.03,52028.00000000002,0.0201944088625423,0.0195947900352451,-327.437641723356
-1.2999999999999998,0.0325,52047.00000000004,0.0202509730854643,0.0198053291744941,-336.0544217687075
-1.2999999999999998,0.035,52040.00000000002,0.02031300602612,0.020018031250765,-339.8886827458255
-1.2999999999999998,0.0375,52078.00000000004,0.0203686031775547,0.0202323903079433,-349.3300350443207
-1.2999999999999998,0.04,52060.00000000004,0.020434780757292,0.0204471027207862,-354.05071119356825
-1.2999999999999998,0.0425,52077.00000000003,0.020505495619949,0.0206676311432829,-368.212739641311
-1.2999999999999998,0.0449999999999999,52086.00000000004,0.0205806148109813,0.0208816798334479,-377.65409193980616
-1.2999999999999998,0.0474999999999999,52096.00000000002,0.0206645984962429,0.0211003304433697,-387.09544423830135
-1.2999999999999998,0.0499999999999999,52109.00000000004,0.0207493861507749,0.0213187483852983,-396.5367965367964
-1.2999999999999998,0.0524999999999999,52115.00000000005,0.0208366140803397,0.0215406815297733,-405.504019789734
-1.2999999999999998,0.0549999999999999,52099.00000000004,0.0209350335902388,0.0217623954538275,-415.7699443413729
-1.2999999999999998,0.0574999999999999,52109.00000000004,0.0210337213081984,0.0219840604504232,-421.4388785817357
-1.2999999999999998,0.06,52145.00000000002,0.0211379081328496,0.0222081034197795,-432.5293753865183
-1.2999999999999998,0.0625,52173.00000000004,0.0212451128871106,0.0224325175341407,-443.6198721913008
-1.2999999999999998,0.065,52178.00000000004,0.0213588226151129,0.0226558808330236,-449.16512059369205
-1.2999999999999998,0.0675,52200.00000000002,0.0214799187998347,0.0228757232163697,-460.25561739847456
-1.2999999999999998,0.07,52204.00000000004,0.0215993431692414,0.0231048260174749,-460.25561739847456
-1.2999999999999998,0.0725,52230.000000000015,0.021728896367399,0.0233305510376922,-471.34611420325706
-1.2999999999999998,0.075,52268.00000000003,0.0218625186002436,0.0235578121084171,-482.5602968460111
-1.2999999999999998,0.0774999999999999,52283.00000000004,0.0219980447629518,0.0237847560505445,-488.5178313749743
-1.2999999999999998,0.0799999999999999,52283.00000000002,0.0221415456004106,0.0240113696057327,-503.2158317872604
-1.2999999999999998,0.0824999999999999,52317.00000000004,0.0222891065652437,0.024236275418776,-509.5856524427953
-1.2999999999999998,0.0849999999999999,52318.00000000004,0.0224368590789996,0.0244666862137805,-515.9554730983302
-1.2999999999999998,0.0875,52329.00000000002,0.0225935886152642,0.0246943659655787,-528.6951144094003
-1.2999999999999998,0.09,52323.00000000004,0.0227501058257193,0.0249234788696339,-528.6951144094003
-1.2999999999999998,0.0925,52357.00000000004,0.0229161416094057,0.0251516793111286,-541.4347557204701
-1.2999999999999998,0.095,52378.00000000002,0.0230852063220974,0.0253770454565856,-554.1743970315399
-1.2999999999999998,0.0975,52417.00000000003,0.0232568403236333,0.0256100808892328,-562.9148629148631
-1.2999999999999998,0.1,52437.00000000004,0.0234343042129639,0.0258422099766939,-562.9148629148631
-1.1999999999999995,-0.1,52036.00000000005,0.0247874965798354,0.0115785153601092,164.8732220160792
-1.1999999999999995,-0.0975,52021.00000000003,0.0245747345814056,0.0116238429634524,157.2871572871573
-1.1999999999999995,-0.095,52006.00000000002,0.0243677877909321,0.0116723421961397,146.05236033807464
-1.1999999999999995,-0.0925,51998.00000000005,0.0241639800236229,0.0117296251718196,139.31148216862502
-1.1999999999999995,-0.09,51937.00000000003,0.0239653110565056,0.0117885644793145,130.3236446093589
-1.1999999999999995,-0.0875,51921.00000000002,0.0237710356040496,0.0118551545136566,119.08884766027624
-1.1999999999999995,-0.085,51926.00000000005,0.023577424769121,0.0119241458199937,112.34796949082664
-1.1999999999999995,-0.0825,51948.00000000003,0.0233945709868959,0.0120001746553588,103.36013193156052
-1.1999999999999995,-0.08,51913.00000000002,0.0232121839935409,0.012080559550112,89.87837559266131
-1.1999999999999995,-0.0775,51897.00000000003,0.0230389626451428,0.0121682546742255,82.56029684601114
-1.1999999999999995,-0.075,51885.00000000003,0.0228663219429004,0.0122544052463607,75.38651824366113
-1.1999999999999995,-0.0725,51867.00000000002,0.0227001269617603,0.012350765626583,62.585034013605465
-1.1999999999999995,-0.07,51874.00000000003,0.0225330417742466,0.0124485682005677,54.05071119356835
-1.1999999999999995,-0.0675,51872.00000000003,0.0223771796467565,0.0125535849080344,48.36116264687693
-1.1999999999999995,-0.065,51827.00000000005,0.0222245451524219,0.0126589349928303,36.98206555349413
-1.1999999999999995,-0.0625,51839.00000000003,0.0220761840190926,0.0127723288209228,31.29251700680271
-1.1999999999999995,-0.06,51858.00000000002,0.021935381194005,0.0128906863768969,22.75819418676562
-1.1999999999999995,-0.0575,51793.00000000005,0.02180115573518,0.0130093555067182,8.534322820037104
-1.1999999999999995,-0.055,51822.00000000003,0.0216696004240761,0.0131335886373479,5.050505050505052
-1.1999999999999995,-0.0525,51816.00000000005,0.0215380230169953,0.0132612651217847,-8.534322820037104
-1.1999999999999995,-0.05,51831.00000000004,0.0214171499129351,0.013394975243153,-17.068645640074223
-1.1999999999999995,-0.0475,51869.00000000002,0.0212988366437332,0.013531472918562,-21.335807050092782
-1.1999999999999995,-0.045,51869.00000000005,0.0211894374046904,0.0136686932258064,-31.29251700680271
-1.1999999999999995,-0.0425,51889.00000000003,0.0210770418058238,0.0138137847248426,-39.82683982683983
-1.1999999999999995,-0.04,51915.00000000005,0.0209774200882912,0.0139583973242488,-54.05071119356835
-1.1999999999999995,-0.0375,51943.00000000003,0.0208793932141019,0.0141119750168603,-58.317872603586906
-1.1999999999999995,-0.035,51959.00000000002,0.0207890198086197,0.0142648681724119,-71.11935683364257
-1.1999999999999995,-0.0325,51979.00000000004,0.0207026376068923,0.0144217945086528,-78.89095031952175
-1.1999999999999995,-0.03,52014.00000000002,0.0206144931055191,0.0145830316045141,-88.06431663574519
-1.1999999999999995,-0.0275,52032.00000000004,0.0205382421993474,0.0147456426413231,-96.6192537621109
-1.1999999999999995,-0.025,52021.00000000002,0.0204627126443219,0.0149102663709502,-105.60709132137706
-1.1999999999999995,-0.0225,52058.00000000004,0.0203981802977397,0.0150789838377343,-116.84188827045968
-1.1999999999999995,-0.02,52059.00000000003,0.0203365367534271,0.0152505926596755,-123.5827664399093
-1.1999999999999995,-0.0175,52101.00000000004,0.0202797293379323,0.0154232747914087,-134.81756338899197
-1.1999999999999995,-0.015,52106.00000000003,0.0202257728635465,0.0155984440911588,-143.8054009482581
-1.1999999999999995,-0.0124999999999999,52194.00000000004,0.0201794643303165,0.0157794670335849,-150.5462791177077
-1.1999999999999995,-0.01,52143.00000000003,0.0201321588512912,0.0159580985555291,-162.21397649969083
-1.1999999999999995,-0.0075,52223.00000000004,0.0200950065581648,0.0161474222033572,-170.19171304885597
-1.1999999999999995,-0.005,52227.00000000004,0.0200663454286234,0.0163296439109891,-184.29189857761284
-1.1999999999999995,-0.0025,52269.00000000004,0.0200350998167857,0.0165185641096525,-187.36343022057304
-1.1999999999999995,0.0,52279.00000000004,0.0200134379603621,0.0167086836190677,-202.72108843537413
-1.1999999999999995,0.0025,52310.00000000004,0.0199952556415474,0.0169022334124244,-211.9356833642548
-1.1999999999999995,0.0049999999999999,52350.00000000004,0.0199855505510156,0.017095246249808,-211.9356833642548
-1.1999999999999995,0.0074999999999999,52367.00000000004,0.0199735135133202,0.0172883387915804,-230.3648732220161
-1.1999999999999995,0.0099999999999999,52356.00000000004,0.0199684350061133,0.0174836615847508,-236.5079365079365
-1.1999999999999995,0.0124999999999999,52360.00000000004,0.019971555003367,0.0176846910113862,-243.86724386724387
-1.1999999999999995,0.015,52353.00000000004,0.0199773327261962,0.0178873656833748,-250.834879406308
-1.1999999999999995,0.0175,52341.00000000004,0.0199867999336101,0.0180901980396369,-261.03896103896113
-1.1999999999999995,0.0199999999999999,52397.00000000003,0.0200026210886707,0.0182943002149765,-268.83116883116884
-1.1999999999999995,0.0224999999999999,52425.00000000004,0.0200271125852554,0.018498177446908,-276.62337662337666
-1.1999999999999995,0.0249999999999999,52428.00000000002,0.0200503482581855,0.01870276442917,-288.3116883116884
-1.1999999999999995,0.0274999999999999,52483.00000000004,0.0200799992955703,0.0189101338446184,-296.1038961038962
-1.1999999999999995,0.03,52486.00000000002,0.0201178460857052,0.0191192944391484,-303.896103896104
-1.1999999999999995,0.0325,52517.00000000004,0.0201571540839108,0.0193311397958538,-311.6883116883117
-1.1999999999999995,0.035,52532.00000000002,0.0201999392781853,0.0195443561453281,-323.12925170068024
-1.1999999999999995,0.0375,52524.00000000004,0.0202525521097659,0.0197545845730837,-331.74603174603175
-1.1999999999999995,0.04,52560.00000000004,0.0203018008354117,0.0199687770465054,-339.8886827458255
-1.1999999999999995,0.0425,52571.00000000003,0.0203677735703647,0.0201815871639188,-349.3300350443207
-1.1999999999999995,0.0449999999999999,52567.00000000004,0.020434581587427,0.0203975464765404,-358.77138734281584
-1.1999999999999995,0.0474999999999999,52585.000000000015,0.0204984405348268,0.0206125007883542,-368.212739641311
-1.1999999999999995,0.0499999999999999,52578.00000000004,0.0205724286221401,0.0208317463200005,-377.65409193980616
-1.1999999999999995,0.0524999999999999,52576.00000000004,0.0206536958720423,0.0210482093815138,-382.37476808905376
-1.1999999999999995,0.0549999999999999,52616.00000000003,0.0207364272221617,0.0212653757224907,-391.8161203875489
-1.1999999999999995,0.0574999999999999,52624.00000000004,0.02082111146702,0.0214861900420746,-395.2380952380952
-1.1999999999999995,0.06,52648.00000000002,0.0209195732712769,0.0217101715794406,-405.504019789734
-1.1999999999999995,0.0625,52628.00000000004,0.0210160884535404,0.021931842363834,-415.8936301793445
-1.1999999999999995,0.065,52634.00000000004,0.0211225596225354,0.0221558916817047,-432.5293753865183
-1.1999999999999995,0.0675,52660.00000000002,0.0212278985323023,0.0223785825977154,-438.0746237889096
-1.1999999999999995,0.07,52655.00000000004,0.0213422761507087,0.022605825984214,-443.6198721913008
-1.1999999999999995,0.0725,52711.00000000002,0.0214598137247222,0.0228244624845569,-449.16512059369205
-1.1999999999999995,0.075,52722.00000000004,0.0215846447851875,0.0230514818158287,-465.8008658008658
-1.1999999999999995,0.0774999999999999,52744.00000000005,0.0217049849199553,0.023277939554387,-471.34611420325706
-1.1999999999999995,0.0799999999999999,52784.00000000002,0.0218412060650346,0.0235051068927952,-482.4366110080396
-1.1999999999999995,0.0824999999999999,52803.00000000004,0.0219769174435988,0.0237319473906417,-488.5178313749743
-1.1999999999999995,0.0849999999999999,52800.00000000005,0.0221159409821323,0.0239591616779942,-500.4329004329004
-1.1999999999999995,0.0875,52814.00000000002,0.022264632122887,0.0241866699491121,-503.2158317872604
-1.1999999999999995,0.09,52828.00000000004,0.0224157045152301,0.0244128408399594,-515.9554730983302
-1.1999999999999995,0.0925,52848.00000000005,0.0225739645110147,0.0246413158648268,-522.3252937538653
-1.1999999999999995,0.095,52849.00000000002,0.0227291603759621,0.0248703115244468,-528.6951144094003
-1.1999999999999995,0.0975,52885.00000000004,0.0228949613075221,0.0250961854578075,-547.804576376005
-1.1999999999999995,0.1,52895.00000000005,0.0230637188644058,0.025324626114854,-554.1743970315399
-1.0999999999999996,-0.1,52335.00000000003,0.025383751433668,0.0115100766702955,187.36343022057304
-1.0999999999999996,-0.0975,52361.00000000003,0.0251639241443166,0.0115413225317867,178.14883529169242
-1.0999999999999996,-0.095,52330.00000000002,0.0249430420541646,0.0115771117697605,165.86270871985158
-1.0999999999999996,-0.0925,52322.00000000005,0.0247240889657505,0.0116230481478857,156.89548546691407
-1.0999999999999996,-0.09,52289.00000000003,0.024514316224398,0.0116699289410735,146.05236033807464
-1.0999999999999996,-0.0875,52270.00000000002,0.0243063725489706,0.0117263874522287,141.55844155844156
-1.0999999999999996,-0.085,52262.00000000005,0.0241057791026894,0.0117836179793633,130.3236446093589
-1.0999999999999996,-0.0825,52219.00000000003,0.0239019911256353,0.0118481823514927,121.33580705009275
-1.0999999999999996,-0.08,52224.00000000002,0.0237101855241436,0.0119153027342727,116.84188827045972
-1.0999999999999996,-0.0775,52220.00000000005,0.023518980370751,0.0119876817708474,105.60709132137704
-1.0999999999999996,-0.075,52232.00000000003,0.0233334974281338,0.0120675020485036,94.3722943722944
-1.0999999999999996,-0.0725,52205.00000000002,0.0231505517339439,0.012153327630505,85.38445681302824
-1.0999999999999996,-0.07,52159.00000000005,0.0229725435648636,0.0122389057948252,75.22160379303236
-1.0999999999999996,-0.0675,52141.00000000003,0.0228017311646825,0.0123319993304364,66.85219542362402
-1.0999999999999996,-0.065,52123.00000000005,0.0226362042981092,0.0124270983023729,56.89548546691405
-1.0999999999999996,-0.0625,52092.00000000003,0.0224704009045782,0.0125302158275705,48.36116264687695
-1.0999999999999996,-0.06,52097.00000000002,0.0223173226699359,0.0126348743945269,42.671614100185536
-1.0999999999999996,-0.0575,52107.00000000005,0.0221618648963612,0.0127465652977697,29.87012987012986
-1.0999999999999996,-0.055,52128.00000000003,0.0220154639894719,0.0128614553140686,22.758194186765635
-1.0999999999999996,-0.0525,52097.00000000005,0.0218735101946923,0.012980135892912,17.068645640074223
-1.0999999999999996,-0.05,52102.00000000003,0.0217365436735398,0.0131025003565064,2.844774273345706
-1.0999999999999996,-0.0475,52103.00000000002,0.0216056911473337,0.0132270326775257,-3.030303030303031
-1.0999999999999996,-0.045,52109.00000000005,0.0214782717589424,0.013360321064146,-14.223871366728517
-1.0999999999999996,-0.0425,52153.00000000003,0.021355378525375,0.0134933292998915,-22.758194186765635
-1.0999999999999996,-0.04,52173.00000000005,0.0212429093637268,0.0136340949061914,-28.447742733457005
-1.0999999999999996,-0.0375,52157.00000000003,0.0211278781974851,0.0137759800227562,-36.98206555349413
-1.0999999999999996,-0.035,52165.00000000002,0.0210249197444009,0.013919074452732,-48.36116264687695
-1.0999999999999996,-0.0325,52216.00000000004,0.020928227826974,0.014067317013261,-56.89548546691405
-1.0999999999999996,-0.03,52226.00000000002,0.0208278037787866,0.0142201826730593,-64.00742115027832
-1.0999999999999996,-0.0275,52267.00000000004,0.0207358645988325,0.0143770767485763,-75.22160379303236
-1.0999999999999996,-0.025,52292.00000000003,0.0206442081338885,0.014534610275799,-82.56029684601113
-1.0999999999999996,-0.0225,52305.00000000005,0.0205645195460742,0.0146983922884833,-94.37229437229436
-1.0999999999999996,-0.02,52302.00000000003,0.0204862395502552,0.0148648245268678,-103.36013193156052
-1.0999999999999996,-0.0175,52316.00000000004,0.0204189676715946,0.0150299780217643,-110.1010101010101
-1.0999999999999996,-0.015,52355.00000000004,0.0203516299698716,0.0152003145655899,-121.33580705009275
-1.0999999999999996,-0.0124999999999999,52361.00000000004,0.0202884031911225,0.015371691347282,-130.3236446093589
-1.0999999999999996,-0.01,52370.00000000004,0.0202309809037662,0.0155481743283618,-139.31148216862502
-1.0999999999999996,-0.0075,52425.00000000004,0.0201822239586142,0.0157278405733823,-150.5462791177077
-1.0999999999999996,-0.005,52443.00000000004,0.0201353921794194,0.0159061966190348,-162.21397649969083
-1.0999999999999996,-0.0025,52476.00000000004,0.0200919692501873,0.0160953768907875,-164.8732220160792
-1.0999999999999996,0.0,52498.00000000004,0.0200613242025994,0.0162801786634944,-181.22036693465265
-1.0999999999999996,0.0025,52505.00000000004,0.0200294023655373,0.016463318987687,-187.36343022057304
-1.0999999999999996,0.0049999999999999,52552.00000000004,0.0199994638615912,0.016654729540293,-196.57802514945368
-1.0999999999999996,0.0074999999999999,52601.00000000004,0.0199812028456199,0.0168472166056217,-208.8641517212946
-1.0999999999999996,0.0099999999999999,52600.00000000004,0.0199658792437419,0.0170390939505486,-208.86415172129452
-1.0999999999999996,0.0124999999999999,52644.00000000005,0.0199540154470639,0.0172368710991075,-224.22180993609564
-1.0999999999999996,0.015,52638.00000000004,0.0199471057541695,0.0174262729394272,-233.43640486497628
-1.0999999999999996,0.0175,52624.00000000004,0.0199447841211221,0.0176290246894727,-240.38342609771183
-1.0999999999999996,0.0199999999999999,52633.00000000004,0.0199493391623262,0.0178301404567094,-250.834879406308
-1.0999999999999996,0.0224999999999999,52631.00000000004,0.0199592189352726,0.0180304775202703,-257.1428571428572
-1.0999999999999996,0.0249999999999999,52667.00000000003,0.0199791918291574,0.0182303602169082,-264.93506493506504
-1.0999999999999996,0.0274999999999999,52690.00000000004,0.0199948960593049,0.0184383698720893,-272.72727272727275
-1.0999999999999996,0.03,52678.00000000002,0.0200185778465247,0.018638655140955,-280.51948051948057
-1.0999999999999996,0.0325,52702.00000000004,0.0200480221811482,0.0188485981430241,-292.2077922077923
-1.0999999999999996,0.035,52710.000000000015,0.0200826961080983,0.0190592223355895,-300.0000000000001
-1.0999999999999996,0.0375,52744.00000000004,0.0201257522802949,0.0192627655943767,-311.6883116883117
-1.0999999999999996,0.04,52780.00000000004,0.0201618729965304,0.0194733194156845,-319.48051948051955
-1.0999999999999996,0.0425,52789.00000000004,0.0202133167959024,0.0196866557142185,-327.437641723356
-1.0999999999999996,0.0449999999999999,52792.00000000004,0.0202699311249612,0.0199022483871071,-339.8886827458255
-1.0999999999999996,0.0474999999999999,52820.00000000002,0.0203315803605664,0.020115101518826,-344.6093588950731
-1.0999999999999996,0.0499999999999999,52826.00000000004,0.0203977465480086,0.0203278829715708,-354.05071119356825
-1.0999999999999996,0.0524999999999999,52866.00000000004,0.0204614260646003,0.0205439271312793,-363.4920634920634
-1.0999999999999996,0.0549999999999999,52890.00000000004,0.0205360051976781,0.0207643979649666,-372.93341579055857
-1.0999999999999996,0.0574999999999999,52880.00000000004,0.0206119461238467,0.0209771554060809,-382.37476808905376
-1.0999999999999996,0.06,52913.00000000002,0.0207009440457716,0.0211982511339061,-387.09544423830135
-1.0999999999999996,0.0625,52921.00000000004,0.0207874002914113,0.0214153684552492,-391.8161203875489
-1.0999999999999996,0.065,52926.00000000005,0.0208860177704756,0.0216344557627531,-410.6369820655534
-1.0999999999999996,0.0675,52921.00000000003,0.0209831646736703,0.0218560182904393,-415.7699443413729
-1.0999999999999996,0.07,52918.00000000004,0.0210864081551866,0.022079782881598,-426.984126984127
-1.0999999999999996,0.0725,52934.00000000002,0.0211927770417634,0.0223031414794914,-432.5293753865183
-1.0999999999999996,0.075,52970.00000000004,0.0213058105958201,0.0225311017157429,-438.0746237889096
-1.0999999999999996,0.0774999999999999,52997.00000000004,0.0214180321783344,0.0227497981830827,-449.16512059369205
-1.0999999999999996,0.0799999999999999,52997.00000000002,0.0215456703695684,0.0229702558211477,-460.25561739847456
-1.0999999999999996,0.0824999999999999,53036.00000000004,0.0216688592075922,0.023200516188915,-471.34611420325706
-1.0999999999999996,0.0849999999999999,53063.00000000005,0.0218045295632261,0.0234247019846877,-471.34611420325706
-1.0999999999999996,0.0875,53073.00000000002,0.0219398924246493,0.023651872240098,-488.5178313749743
-1.0999999999999996,0.09,53088.00000000004,0.0220784447196015,0.0238771217190847,-494.47536590393736
-1.0999999999999996,0.0925,53095.00000000005,0.0222279177598624,0.0241050182550322,-503.2158317872604
-1.0999999999999996,0.095,53103.00000000002,0.0223778238442581,0.0243326634314345,-515.9554730983302
-1.0999999999999996,0.0975,53121.00000000004,0.0225352407791021,0.0245616581773047,-515.9554730983302
-1.0999999999999996,0.1,53127.00000000005,0.0226952590183354,0.0247896679230857,-528.6951144094003
-1.0,-0.1,52463.00000000005,0.0259611540553687,0.0114495278274874,208.86415172129452
-1.0,-0.0975,52453.00000000003,0.0257286562801691,0.0114674577599594,199.64955679241396
-1.0,-0.095,52409.00000000002,0.0254968864313947,0.0114948887753806,190.4349618635333
-1.0,-0.0925,52400.00000000005,0.0252724075303672,0.0115259595745781,181.22036693465265
-1.0,-0.09,52372.00000000003,0.0250537683849962,0.0115601224649061,172.005772005772
-1.0,-0.0875,52359.00000000002,0.0248317760877369,0.011601561896579,164.8732220160792
-1.0,-0.085,52349.00000000003,0.0246177980201397,0.0116486715333545,152.79323850752425
-1.0,-0.0825,52342.00000000003,0.024407678070934,0.011699723171725,143.8054009482581
-1.0,-0.08,52306.00000000002,0.0242041571142689,0.0117575134596854,132.57060399917543
-1.0,-0.0775,52296.00000000005,0.0240012381616733,0.0118187372742429,125.82972582972582
-1.0,-0.075,52267.00000000003,0.0238051693200407,0.0118857480655302,116.84188827045972
-1.0,-0.0725,52274.00000000002,0.0236145964081169,0.0119548834625944,107.85405071119357
-1.0,-0.07,52229.00000000005,0.0234269515993575,0.0120326387718575,96.6192537621109
-1.0,-0.0675,52258.00000000002,0.0232436192500348,0.0121118419994341,87.63141620284478
-1.0,-0.065,52241.00000000005,0.02306593286496,0.0121991150465222,86.22964337250049
-1.0,-0.0625,52160.00000000003,0.0228927884403921,0.0122872423103399,73.96413110698828
-1.0,-0.06,52174.00000000002,0.0227276004344261,0.0123823030222805,65.42980828695117
-1.0,-0.0575,52144.00000000005,0.0225567863623531,0.0124793183250119,55.4730983302412
-1.0,-0.055,52161.00000000003,0.0224038058153297,0.0125841929532242,42.671614100185536
-1.0,-0.0525,52156.00000000005,0.0222496472659296,0.012692812096612,38.40445269016698
-1.0,-0.05,52171.00000000003,0.0221000017151548,0.012803834005303,25.6029684601113
-1.0,-0.0475,52189.00000000002,0.021952291375862,0.0129229968686425,17.068645640074223
-1.0,-0.045,52172.00000000005,0.0218146238601916,0.0130421588973214,8.534322820037104
-1.0,-0.0425,52149.00000000003,0.0216817870400697,0.0131662190651199,-2.0202020202020208
-1.0,-0.04,52140.00000000005,0.0215507911385032,0.0132960768619537,-8.534322820037104
-1.0,-0.0375,52142.00000000003,0.0214290754453934,0.0134267857811318,-19.91341991341993
-1.0,-0.035,52192.00000000002,0.0213076055861072,0.0135652071255326,-28.447742733457005
-1.0,-0.0325,52175.00000000005,0.0211963897148106,0.0137013036488383,-38.40445269016698
-1.0,-0.03,52180.00000000002,0.0210860254013796,0.0138482555432896,-42.671614100185536
-1.0,-0.0275,52245.00000000005,0.0209879230723341,0.0139926886833603,-55.4730983302412
-1.0,-0.025,52253.00000000003,0.0208811543673178,0.0141439872332572,-62.585034013605465
-1.0,-0.0225,52257.00000000005,0.0207936539435051,0.0142996793123211,-72.54174397031542
-1.0,-0.02,52296.00000000003,0.020702900041222,0.0144545365440954,-82.56029684601114
-1.0,-0.0175,52305.00000000005,0.020619815332494,0.0146186060815172,-92.12533498247784
-1.0,-0.015,52316.00000000003,0.0205386616775493,0.0147824938417718,-96.6192537621109
-1.0,-0.0124999999999999,52329.00000000004,0.020462012213689,0.0149468785192508,-105.60709132137706
-1.0,-0.01,52389.00000000003,0.0203963512449855,0.0151162929463959,-114.59492888064317
-1.0,-0.0075,52379.00000000004,0.0203338716540157,0.0152871745033982,-125.82972582972585
-1.0,-0.005,52388.00000000004,0.0202726983696836,0.0154628318965619,-134.81756338899194
-1.0,-0.0025,52421.00000000004,0.0202206015283573,0.0156403797682252,-141.55844155844156
-1.0,0.0,52466.00000000004,0.0201711652713614,0.0158177757833056,-152.79323850752422
-1.0,0.0025,52471.00000000004,0.0201243453999865,0.0159990162192854,-156.8954854669141
-1.0,0.0049999999999999,52492.00000000004,0.0200902716255986,0.0161862419773927,-175.07730364873223
-1.0,0.0074999999999999,52521.00000000004,0.0200528455173109,0.0163692158985954,-184.29189857761284
-1.0,0.0099999999999999,52570.00000000004,0.0200267209484243,0.0165609740559007,-190.4349618635333
-1.0,0.0124999999999999,52618.00000000004,0.0200015863317756,0.0167533298137379,-196.57802514945368
-1.0,0.015,52656.00000000004,0.0199889530973606,0.0169450855023955,-208.8641517212946
-1.0,0.0175,52674.00000000004,0.0199717595847418,0.0171396464839569,-215.007215007215
-1.0,0.0199999999999999,52706.00000000003,0.0199651968555816,0.0173336966699639,-224.22180993609564
-1.0,0.0224999999999999,52680.00000000004,0.0199620855477846,0.0175301839642429,-236.5079365079365
-1.0,0.0249999999999999,52690.00000000003,0.0199615682752714,0.0177314667258374,-243.86724386724387
-1.0,0.0274999999999999,52699.00000000004,0.0199709865881206,0.0179323386477051,-253.2467532467533
-1.0,0.03,52711.00000000002,0.0199836703671789,0.0181351430526596,-264.93506493506504
-1.0,0.0325,52722.00000000004,0.0199953133367101,0.0183436574574574,-272.72727272727275
-1.0,0.035,52753.00000000002,0.0200207123264272,0.0185464107788351,-280.51948051948057
-1.0,0.0375,52751.00000000004,0.0200431754455298,0.0187539508077712,-284.4155844155845
-1.0,0.04,52745.00000000004,0.0200727046961668,0.0189634513769886,-292.2077922077923
-1.0,0.0425,52803.00000000003,0.0201124911978578,0.0191713507677598,-303.896103896104
-1.0,0.0449999999999999,52823.00000000004,0.0201543551785614,0.0193815294949385,-315.58441558441564
-1.0,0.0474999999999999,52835.00000000002,0.0201998288998746,0.0195949419600575,-323.12925170068024
-1.0,0.0499999999999999,52859.00000000004,0.0202523295297597,0.0198076783241525,-331.74603174603175
-1.0,0.0524999999999999,52888.00000000005,0.0203088129234256,0.0200230291448098,-339.8886827458255
-1.0,0.0549999999999999,52914.00000000004,0.0203727172916062,0.0202393054345744,-349.3300350443207
-1.0,0.0574999999999999,52914.00000000004,0.0204382440923134,0.0204544119904547,-354.05071119356825
-1.0,0.06,52925.00000000002,0.0205104574927716,0.020671715723543,-363.4920634920634
-1.0,0.0625,52933.00000000004,0.0205845259579262,0.0208900473658571,-372.93341579055857
-1.0,0.065,52955.00000000004,0.020666450589195,0.0211093165325132,-387.09544423830135
-1.0,0.0675,52957.00000000003,0.0207480249721051,0.0213267822757566,-391.8161203875489
-1.0,0.07,52952.00000000004,0.0208374492602626,0.0215482149484372,-400.3710575139146
-1.0,0.0725,52957.00000000002,0.0209375058211193,0.0217695825174885,-410.6369820655534
-1.0,0.075,52980.00000000003,0.0210349626500085,0.0219912045140594,-415.8936301793445
-1.0,0.0774999999999999,52997.00000000004,0.0211404350155784,0.0222127761894797,-426.984126984127
-1.0,0.0799999999999999,53018.00000000002,0.0212534757969378,0.0224401292526947,-438.0746237889096
-1.0,0.0824999999999999,53046.00000000004,0.0213598438121867,0.0226631729882848,-449.16512059369205
-1.0,0.0849999999999999,53053.00000000005,0.021483475515854,0.0228843190999333,-454.7103689960833
-1.0,0.0875,53088.00000000002,0.0216110526575439,0.023110312949282,-460.25561739847456
-1.0,0.09,53100.00000000004,0.0217383337223273,0.0233365306209735,-476.8913626056483
-1.0,0.0925,53136.00000000005,0.0218720514942565,0.0235640812775876,-482.4366110080396
-1.0,0.095,53130.00000000002,0.0220093940187709,0.0237907254316568,-488.5178313749743
-1.0,0.0975,53142.00000000004,0.0221521878583274,0.0240160733496769,-503.2158317872604
-1.0,0.1,53149.00000000005,0.0223004786838861,0.0242464964653827,-503.2158317872604
-0.8999999999999999,-0.1,52485.00000000003,0.0264864087485597,0.0114270433223635,230.3648732220161
-0.8999999999999999,-0.0975,52467.00000000003,0.0262437870916803,0.0114381998036472,221.1502782931354
-0.8999999999999999,-0.095,52459.00000000002,0.0260064332292857,0.0114536113398535,208.86415172129452
-0.8999999999999999,-0.0925,52450.00000000005,0.0257722574259923,0.0114707978255225,202.72108843537416
-0.8999999999999999,-0.09,52375.00000000003,0.025539158461196,0.0114944389607883,190.4349618635333
-0.8999999999999999,-0.0875,52366.00000000002,0.0253132379686229,0.0115279815490486,184.29189857761284
-0.8999999999999999,-0.085,52346.00000000005,0.0250866898270933,0.0115620125670619,178.14883529169242
-0.8999999999999999,-0.0825,52343.00000000003,0.0248702255323453,0.0116004487553834,164.8732220160792
-0.8999999999999999,-0.08,52337.00000000002,0.0246519730263312,0.0116460354547209,157.2871572871573
-0.8999999999999999,-0.0775,52342.00000000005,0.024444806201142,0.0116953748410903,146.05236033807464
-0.8999999999999999,-0.075,52310.00000000003,0.0242376164702517,0.0117532279845852,137.06452277880848
-0.8999999999999999,-0.0725,52308.00000000002,0.0240317391588062,0.0118127843235228,128.07668521954238
-0.8999999999999999,-0.07,52279.00000000005,0.0238370895751007,0.0118805793776308,123.5827664399093
-0.8999999999999999,-0.0675,52303.00000000002,0.0236455926645406,0.011948257767129,110.10101010101012
-0.8999999999999999,-0.065,52290.00000000005,0.0234541298687411,0.0120229675954868,105.60709132137706
-0.8999999999999999,-0.0625,52268.00000000003,0.0232747337421532,0.0121027049436163,89.87837559266131
-0.8999999999999999,-0.06,52252.00000000002,0.0230953351935923,0.0121878715907557,80.72562358276645
-0.8999999999999999,-0.0575,52219.00000000005,0.0229221730832443,0.0122729557894566,71.11935683364257
-0.8999999999999999,-0.055,52226.00000000003,0.0227504789017171,0.0123696023755523,64.00742115027832
-0.8999999999999999,-0.0525,52198.00000000005,0.0225867405782384,0.012465345021298,54.05071119356835
-0.8999999999999999,-0.05,52199.00000000003,0.0224266034906857,0.0125689629888376,45.51638837353124
-0.8999999999999999,-0.0475,52177.00000000002,0.0222784479987943,0.0126732871025281,39.82683982683983
-0.8999999999999999,-0.045,52197.00000000005,0.0221228480787738,0.0127870299869502,28.447742733457005
-0.8999999999999999,-0.0425,52195.00000000003,0.0219803270216043,0.0129041806288891,22.75819418676562
-0.8999999999999999,-0.04,52203.00000000005,0.0218417905913769,0.0130183360181028,9.956709956709958
-0.8999999999999999,-0.0375,52200.00000000003,0.0217078002557046,0.0131443273851379,2.0202020202020208
-0.8999999999999999,-0.035,52166.00000000002,0.0215767630356106,0.0132696074691326,-8.534322820037104
-0.8999999999999999,-0.0325,52181.00000000005,0.0214534033319468,0.0133986604383295,-17.068645640074223
-0.8999999999999999,-0.03,52213.00000000002,0.0213312565241446,0.0135341724014791,-25.6029684601113
-0.8999999999999999,-0.0275,52234.00000000005,0.0212212361972424,0.0136741967654834,-32.714904143475565
-0.8999999999999999,-0.025,52231.00000000003,0.02110597672324,0.0138163620098481,-44.09400123685839
-0.8999999999999999,-0.0225,52259.00000000005,0.0210064660119408,0.0139608675001859,-52.62832405689549
-0.8999999999999999,-0.02,52303.00000000003,0.0209036202188753,0.0141135309616674,-59.74025974025976
-0.8999999999999999,-0.0175,52279.00000000005,0.0208138388123482,0.0142627338373669,-68.27458256029688
-0.8999999999999999,-0.015,52319.00000000003,0.0207197418001457,0.014421894229803,-80.72562358276645
-0.8999999999999999,-0.0124999999999999,52334.00000000005,0.0206319698503671,0.0145829052819245,-85.38445681302824
-0.8999999999999999,-0.01,52368.00000000003,0.0205509690455476,0.0147434795282086,-96.6192537621109
-0.8999999999999999,-0.0075,52352.00000000005,0.0204782713192862,0.0149051189995085,-105.60709132137706
-0.8999999999999999,-0.005,52402.00000000003,0.0204111455773758,0.0150699619994295,-119.08884766027624
-0.8999999999999999,-0.0025,52436.00000000004,0.0203448700864136,0.0152427703998099,-123.5827664399093
-0.8999999999999999,0.0,52450.00000000004,0.0202875330336571,0.0154126111705706,-139.31148216862502
-0.8999999999999999,0.0025,52471.00000000004,0.0202336103339224,0.0155911394363112,-141.55844155844156
-0.8999999999999999,0.0049999999999999,52488.00000000004,0.0201837075445586,0.0157679982062744,-152.79323850752425
-0.8999999999999999,0.0074999999999999,52520.00000000004,0.0201392780922964,0.0159456257687946,-162.21397649969083
-0.8999999999999999,0.0099999999999999,52529.00000000004,0.020099357079328,0.0161315345123205,-172.005772005772
-0.8999999999999999,0.0124999999999999,52572.00000000004,0.0200703761088462,0.0163145534769295,-181.22036693465265
-0.8999999999999999,0.015,52586.00000000004,0.0200409418469542,0.0165001057990533,-187.36343022057304
-0.8999999999999999,0.0175,52610.00000000004,0.0200151041760146,0.0166910273439119,-202.72108843537416
-0.8999999999999999,0.0199999999999999,52663.00000000004,0.0199935878294993,0.0168850066391986,-205.7926200783344
-0.8999999999999999,0.0224999999999999,52701.00000000004,0.0199806120421464,0.0170794344873409,-215.00721500721497
-0.8999999999999999,0.0249999999999999,52715.00000000003,0.0199748228327394,0.0172727527758347,-227.29334157905583
-0.8999999999999999,0.0274999999999999,52706.00000000004,0.0199701409826036,0.017465266197982,-230.3648732220161
-0.8999999999999999,0.03,52711.00000000002,0.0199696319458458,0.0176666848234689,-240.38342609771183
-0.8999999999999999,0.0325,52702.00000000004,0.0199753678979534,0.0178650853870022,-250.834879406308
-0.8999999999999999,0.035,52709.00000000002,0.0199837784374875,0.0180657690446297,-261.03896103896113
-0.8999999999999999,0.0375,52717.00000000004,0.0200030650554802,0.0182695605983005,-268.83116883116884
-0.8999999999999999,0.04,52749.00000000004,0.0200253300170611,0.0184756000338617,-280.51948051948057
-0.8999999999999999,0.0425,52751.00000000003,0.0200482630226031,0.0186795949512041,-288.3116883116884
-0.8999999999999999,0.0449999999999999,52763.00000000004,0.0200795278187126,0.0188878838958953,-296.1038961038962
-0.8999999999999999,0.0474999999999999,52781.00000000002,0.0201137389105541,0.019099786603824,-303.896103896104
-0.8999999999999999,0.0499999999999999,52819.00000000004,0.0201577861712898,0.0193053737786174,-311.6883116883117
-0.8999999999999999,0.0524999999999999,52827.00000000004,0.0202036616380805,0.019518303037253,-323.12925170068024
-0.8999999999999999,0.0549999999999999,52834.00000000004,0.0202562493742246,0.0197324269572295,-331.74603174603175
-0.8999999999999999,0.0574999999999999,52811.00000000004,0.0203053127841522,0.0199477000125911,-339.8886827458255
-0.8999999999999999,0.06,52858.00000000002,0.0203708007811199,0.0201592074484426,-349.3300350443207
-0.8999999999999999,0.0625,52876.00000000004,0.0204356043906665,0.0203765230717838,-358.77138734281584
-0.8999999999999999,0.065,52885.00000000004,0.020502298644531,0.0205913976177372,-368.212739641311
-0.8999999999999999,0.0675,52906.00000000003,0.0205759370459857,0.0208140817537151,-377.65409193980616
-0.8999999999999999,0.07,52923.00000000004,0.0206554351580413,0.0210266267392171,-387.09544423830135
-0.8999999999999999,0.0725,52969.00000000002,0.0207396666165516,0.0212462729877713,-391.8161203875489
-0.8999999999999999,0.075,52994.00000000004,0.0208291376659483,0.0214659787911754,-400.3710575139146
-0.8999999999999999,0.0774999999999999,53011.00000000004,0.0209259968552543,0.0216898134800444,-410.6369820655534
-0.8999999999999999,0.0799999999999999,52977.00000000002,0.0210212479493235,0.0219141029506919,-415.8936301793445
-0.8999999999999999,0.0824999999999999,53001.00000000004,0.0211288287314754,0.0221362612839725,-426.984126984127
-0.8999999999999999,0.0849999999999999,53031.00000000004,0.0212368180197428,0.0223590149613292,-438.0746237889096
-0.8999999999999999,0.0875,53028.00000000002,0.0213472419750759,0.0225875425600184,-443.6198721913008
-0.8999999999999999,0.09,53086.00000000004,0.0214662092604809,0.0228062016470164,-454.7103689960833
-0.8999999999999999,0.0925,53080.00000000005,0.0215912607728931,0.0230307315796771,-465.8008658008658
-0.8999999999999999,0.095,53095.00000000002,0.0217180400850187,0.0232575097949468,-471.34611420325706
-0.8999999999999999,0.0975,53129.00000000004,0.0218518799705341,0.0234863723947971,-482.4366110080396
-0.8999999999999999,0.1,53136.00000000005,0.0219871256466406,0.02371064693892,-488.5178313749743
-0.7999999999999998,-0.1,52693.00000000005,0.0271466605820384,0.0114249077927802,257.1428571428572
-0.7999999999999998,-0.0975,52677.00000000003,0.0268998621537542,0.0114221720537281,247.35106163677597
-0.7999999999999998,-0.095,52668.00000000002,0.026643088795376,0.0114246029587415,239.57946815089676
-0.7999999999999998,-0.0925,52646.00000000005,0.0263976381964808,0.0114329049497478,218.0787466501752
-0.7999999999999998,-0.09,52637.00000000003,0.0261587110196133,0.0114472082841747,221.1502782931354
-0.7999999999999998,-0.0875,52570.00000000002,0.0259207089663636,0.0114643964022615,211.9356833642548
-0.7999999999999998,-0.085,52549.00000000005,0.0256882012294769,0.0114866789587694,196.5780251494537
-0.7999999999999998,-0.0825,52521.00000000003,0.0254539954248621,0.0115187647232462,193.50649350649348
-0.7999999999999998,-0.08,52514.00000000002,0.0252272409293026,0.011551158411477,184.29189857761284
-0.7999999999999998,-0.0775,52499.00000000003,0.0250094288450174,0.0115864110426596,168.9342403628118
-0.7999999999999998,-0.075,52489.00000000003,0.0247849412082521,0.0116311833856513,164.8732220160792
-0.7999999999999998,-0.0725,52451.00000000002,0.0245697358581987,0.0116827577656206,157.2871572871573
-0.7999999999999998,-0.07,52461.00000000005,0.0243594057951545,0.0117359477031434,143.80540094825813
-0.7999999999999998,-0.0675,52427.00000000003,0.024153586713424,0.0117947108609606,134.81756338899197
-0.7999999999999998,-0.065,52422.00000000005,0.0239580368016875,0.0118561324823395,125.82972582972582
-0.7999999999999998,-0.0625,52397.00000000003,0.0237611282985603,0.0119244600911894,116.84188827045972
-0.7999999999999998,-0.06,52378.00000000002,0.0235676907947249,0.0119964592265465,105.60709132137704
-0.7999999999999998,-0.0575,52373.00000000005,0.0233836007570838,0.0120751383843684,98.86621315192748
-0.7999999999999998,-0.055,52368.00000000003,0.023200857047233,0.0121573659226845,89.87837559266131
-0.7999999999999998,-0.0525,52336.00000000005,0.0230235236195812,0.0122433746562077,75.22160379303236
-0.7999999999999998,-0.05,52328.00000000003,0.0228464918983714,0.0123353254688644,66.85219542362402
-0.7999999999999998,-0.0475,52326.00000000002,0.0226801361803467,0.0124305177213738,62.585034013605465
-0.7999999999999998,-0.045,52308.00000000005,0.0225170746417161,0.0125292545584951,52.62832405689551
-0.7999999999999998,-0.0425,52266.00000000003,0.0223604296802831,0.0126364138155249,36.98206555349413
-0.7999999999999998,-0.04,52304.00000000005,0.0222034197990955,0.0127453586056312,35.55967841682127
-0.7999999999999998,-0.0375,52322.00000000003,0.0220607481929681,0.012857859454022,21.335807050092782
-0.7999999999999998,-0.035,52277.00000000002,0.0219174658645157,0.0129753639308433,12.801484230055664
-0.7999999999999998,-0.0325,52322.00000000005,0.0217794715054842,0.0130958584449063,4.267161410018545
-0.7999999999999998,-0.03,52290.00000000002,0.0216491260054211,0.0132213311500112,-7.070707070707073
-0.7999999999999998,-0.0275,52293.00000000005,0.0215179303212569,0.0133520084063311,-9.956709956709958
-0.7999999999999998,-0.025,52323.00000000003,0.021394074435819,0.0134828374823224,-25.602968460111327
-0.7999999999999998,-0.0225,52306.00000000005,0.0212763887634414,0.0136243371832865,-32.714904143475565
-0.7999999999999998,-0.02,52350.00000000003,0.0211623150384741,0.013762325289164,-42.671614100185536
-0.7999999999999998,-0.0175,52375.00000000005,0.0210556799044786,0.013908550054061,-49.78354978354979
-0.7999999999999998,-0.015,52406.00000000003,0.0209555228047181,0.0140535783380192,-59.74025974025976
-0.7999999999999998,-0.0124999999999999,52390.00000000005,0.0208526527764913,0.0142047993509862,-66.85219542362402
-0.7999999999999998,-0.01,52410.00000000004,0.0207650854055734,0.0143588651022035,-72.54174397031542
-0.7999999999999998,-0.0075,52414.00000000005,0.0206754181026443,0.0145158101526507,-84.39497010925582
-0.7999999999999998,-0.005,52433.00000000004,0.0205984331822967,0.0146748118973697,-92.12533498247784
-0.7999999999999998,-0.0025,52493.00000000004,0.0205185356256294,0.0148409572008179,-105.60709132137706
-0.7999999999999998,0.0,52486.00000000004,0.0204490854455285,0.0150097423435173,-114.59492888064317
-0.7999999999999998,0.0025,52551.00000000004,0.0203761087892405,0.0151749304805697,-114.59492888064318
-0.7999999999999998,0.0049999999999999,52548.00000000004,0.0203162689659588,0.0153439954433694,-123.5827664399093
-0.7999999999999998,0.0074999999999999,52546.00000000004,0.0202608546339286,0.0155209995961599,-137.0645227788085
-0.7999999999999998,0.0099999999999999,52573.00000000003,0.0202081066380397,0.0156989222459358,-148.29931972789117
-0.7999999999999998,0.0124999999999999,52572.00000000004,0.0201630097637315,0.0158738578629384,-161.78107606679035
-0.7999999999999998,0.015,52618.00000000003,0.0201193548206973,0.016059886543853,-164.87322201607918
-0.7999999999999998,0.0175,52621.00000000004,0.0200828019963609,0.0162429173226337,-175.07730364873223
-0.7999999999999998,0.0199999999999999,52633.00000000004,0.0200514171092411,0.0164263556878257,-190.4349618635333
-0.7999999999999998,0.0224999999999999,52663.00000000004,0.0200241709128939,0.0166180443109778,-193.50649350649348
-0.7999999999999998,0.0249999999999999,52724.00000000003,0.0199978739597886,0.016808878633503,-205.7926200783344
-0.7999999999999998,0.0274999999999999,52760.00000000004,0.0199815988363702,0.0170014431705341,-208.86415172129452
-0.7999999999999998,0.03,52794.00000000002,0.0199662482396182,0.0171992667525506,-224.22180993609564
-0.7999999999999998,0.0325,52795.00000000004,0.0199633350734598,0.0173882248083354,-230.3648732220161
-0.7999999999999998,0.035,52799.000000000015,0.0199563882760144,0.0175907996391685,-236.5079365079365
-0.7999999999999998,0.0375,52790.00000000004,0.0199644833591159,0.0177906284463163,-243.86724386724387
-0.7999999999999998,0.04,52764.00000000004,0.0199689773354984,0.0179929966969215,-257.1428571428572
-0.7999999999999998,0.0425,52781.00000000003,0.0199855564027676,0.0181923615697272,-268.83116883116884
-0.7999999999999998,0.0449999999999999,52815.00000000004,0.0200046469348739,0.0183994400297193,-272.72727272727275
-0.7999999999999998,0.0474999999999999,52823.00000000002,0.0200270838924546,0.0186036434218305,-284.4155844155845
-0.7999999999999998,0.0499999999999999,52829.00000000004,0.020057717120682,0.0188109524680266,-292.2077922077923
-0.7999999999999998,0.0524999999999999,52842.00000000005,0.0200880530467535,0.0190229258644761,-303.896103896104
-0.7999999999999998,0.0549999999999999,52877.00000000004,0.0201252853574691,0.0192284266049572,-311.6883116883117
-0.7999999999999998,0.0574999999999999,52902.00000000004,0.0201697395473297,0.0194374153978038,-319.48051948051955
-0.7999999999999998,0.06,52901.00000000002,0.0202177533521246,0.0196498661810281,-331.74603174603175
-0.7999999999999998,0.0625,52923.00000000004,0.0202691954335437,0.019864538442264,-339.8886827458255
-0.7999999999999998,0.065,52944.00000000004,0.0203280311735807,0.0200782595486006,-349.3300350443207
-0.7999999999999998,0.0675,52976.00000000003,0.0203902016150976,0.0202931722459177,-358.77138734281584
-0.7999999999999998,0.07,52992.00000000004,0.0204576799736614,0.0205091563242505,-363.4920634920634
-0.7999999999999998,0.0725,53009.00000000002,0.0205300866405475,0.0207288488215525,-372.93341579055857
-0.7999999999999998,0.075,53038.00000000004,0.0206066753373035,0.0209445267649689,-382.37476808905376
-0.7999999999999998,0.0774999999999999,53046.00000000004,0.0206901395919468,0.0211638669977894,-391.8161203875489
-0.7999999999999998,0.0799999999999999,53031.00000000002,0.0207735034685029,0.0213818182359582,-401.257472686044
-0.7999999999999998,0.0824999999999999,53093.00000000004,0.0208702532698905,0.021604198197863,-410.6369820655534
-0.7999999999999998,0.0849999999999999,53078.00000000004,0.0209652868805878,0.0218283380962921,-415.7699443413729
-0.7999999999999998,0.0875,53091.00000000002,0.0210642166831426,0.0220551744363915,-421.4388785817357
-0.7999999999999998,0.09,53105.00000000004,0.0211728635266372,0.0222717701897218,-432.5293753865183
-0.7999999999999998,0.0925,53133.00000000004,0.0212826156064681,0.0225008044345309,-438.0746237889096
-0.7999999999999998,0.095,53153.00000000002,0.0213977668614792,0.0227238273372417,-443.6198721913008
-0.7999999999999998,0.0975,53200.00000000004,0.0215185944291143,0.022944601919463,-454.7103689960833
-0.7999999999999998,0.1,53184.00000000004,0.0216446645712293,0.0231717907535961,-465.8008658008658
-0.6999999999999997,-0.1,52667.00000000005,0.0277721123789179,0.0114512549788931,272.72727272727275
-0.6999999999999997,-0.0975,52649.00000000003,0.0275126845676666,0.0114368825038335,272.72727272727275
-0.6999999999999997,-0.095,52626.00000000002,0.0272489597784024,0.0114267224044485,261.03896103896113
-0.6999999999999997,-0.0925,52626.00000000005,0.026994774796333,0.011422266881192,250.834879406308
-0.6999999999999997,-0.09,52654.00000000003,0.0267461613898135,0.0114215910358646,245.7225314368172
-0.6999999999999997,-0.0875,52609.00000000002,0.0264986629762714,0.0114294824595354,233.43640486497628
-0.6999999999999997,-0.085,52575.00000000005,0.0262556244053547,0.0114389972359037,224.22180993609564
-0.6999999999999997,-0.0825,52597.00000000003,0.0260156357016658,0.0114566033095338,215.00721500721497
-0.6999999999999997,-0.08,52561.00000000002,0.025779555313703,0.011475457005022,202.72108843537413
-0.6999999999999997,-0.0775,52563.00000000005,0.0255440001636643,0.0115055305236022,190.4349618635333
-0.6999999999999997,-0.075,52524.00000000003,0.0253151938355307,0.0115355622422051,187.36343022057304
-0.6999999999999997,-0.0725,52536.00000000002,0.0250873609245695,0.011570956685409,178.14883529169242
-0.6999999999999997,-0.07,52510.00000000005,0.0248691353280376,0.0116133672070424,167.53246753246756
-0.6999999999999997,-0.0675,52486.00000000003,0.0246562787063438,0.0116621585974647,157.2871572871573
-0.6999999999999997,-0.065,52452.00000000005,0.0244492028862501,0.0117127857414538,148.29931972789117
-0.6999999999999997,-0.0625,52470.00000000003,0.0242463533370857,0.0117708902813184,137.0645227788085
-0.6999999999999997,-0.06,52459.00000000002,0.02404250240646,0.0118321613095109,123.5827664399093
-0.6999999999999997,-0.0575,52422.00000000005,0.0238434339822345,0.0119005142723192,121.33580705009275
-0.6999999999999997,-0.055,52441.00000000003,0.0236498287785171,0.011970306907846,105.60709132137706
-0.6999999999999997,-0.0525,52412.00000000005,0.02346493304912,0.0120465103714901,101.11317254174398
-0.6999999999999997,-0.05,52408.00000000003,0.0232814733614043,0.0121273941937457,94.3722943722944
-0.6999999999999997,-0.0475,52394.00000000002,0.0230988160155955,0.012213361458208,78.89095031952175
-0.6999999999999997,-0.045,52365.00000000005,0.0229279353548642,0.0123010361889535,68.27458256029688
-0.6999999999999997,-0.0425,52340.00000000003,0.0227561696876517,0.0123972715371576,65.42980828695117
-0.6999999999999997,-0.04,52362.00000000005,0.0225964080880891,0.0124952100098155,58.317872603586906
-0.6999999999999997,-0.0375,52328.00000000003,0.0224354688857784,0.0126001076715266,42.671614100185536
-0.6999999999999997,-0.035,52346.00000000002,0.022274901909018,0.0127057256110891,39.82683982683983
-0.6999999999999997,-0.0325,52345.00000000003,0.022129093580662,0.0128176396912134,29.87012987012986
-0.6999999999999997,-0.03,52335.00000000003,0.0219798723319485,0.0129340994421943,21.335807050092757
-0.6999999999999997,-0.0275,52336.00000000005,0.0218415945282988,0.0130528214468131,7.111935683364251
-0.6999999999999997,-0.025,52344.00000000003,0.0217085972714655,0.0131752364311933,-2.0202020202020208
-0.6999999999999997,-0.0225,52329.00000000005,0.0215742941045591,0.0133048131014581,-11.37909709338281
-0.6999999999999997,-0.02,52364.00000000003,0.0214509615201714,0.0134339698530528,-21.335807050092782
-0.6999999999999997,-0.0175,52382.00000000005,0.0213340570650846,0.0135692041354011,-29.87012987012986
-0.6999999999999997,-0.015,52386.00000000003,0.0212169939408411,0.0137087088930268,-38.40445269016698
-0.6999999999999997,-0.0124999999999999,52399.00000000005,0.0211105865400758,0.013853623464161,-45.51638837353124
-0.6999999999999997,-0.01,52426.00000000004,0.0210031239491129,0.0139975002323559,-54.05071119356835
-0.6999999999999997,-0.0075,52422.00000000005,0.0209014772609271,0.0141497802478717,-65.42980828695117
-0.6999999999999997,-0.005,52430.00000000003,0.0208086315517357,0.0143016361710608,-71.11935683364257
-0.6999999999999997,-0.0025,52461.00000000005,0.0207187190884035,0.0144570696632609,-82.56029684601113
-0.6999999999999997,0.0,52479.00000000004,0.0206323306189782,0.0146165677788225,-94.37229437229436
-0.6999999999999997,0.0025,52509.00000000005,0.0205507949744571,0.014777645109766,-101.11317254174398
-0.6999999999999997,0.0049999999999999,52530.00000000003,0.0204803998909707,0.0149442284484044,-112.34796949082664
-0.6999999999999997,0.0074999999999999,52558.00000000004,0.0204116246854461,0.0151079863266329,-116.84188827045972
-0.6999999999999997,0.0099999999999999,52563.00000000003,0.0203472832597752,0.0152780969306222,-123.5827664399093
-0.6999999999999997,0.0124999999999999,52576.00000000004,0.0202896522211821,0.0154535778005692,-134.81756338899197
-0.6999999999999997,0.015,52598.00000000004,0.0202396970364517,0.0156283074800772,-148.29931972789117
-0.6999999999999997,0.0175,52628.00000000004,0.0201913896626255,0.0158044535014358,-157.2871572871573
-0.6999999999999997,0.0199999999999999,52618.00000000004,0.0201487664576661,0.0159812883498937,-164.8732220160792
-0.6999999999999997,0.0224999999999999,52661.00000000004,0.0201123269033572,0.016168545855956,-175.07730364873223
-0.6999999999999997,0.0249999999999999,52668.00000000003,0.0200783906598809,0.0163504058915052,-181.22036693465265
-0.6999999999999997,0.0274999999999999,52690.00000000004,0.0200459989812579,0.0165367383598739,-193.50649350649348
-0.6999999999999997,0.03,52741.00000000002,0.0200241730044574,0.0167289090227159,-199.6495567924139
-0.6999999999999997,0.0325,52780.00000000004,0.0200060056544493,0.0169197329563166,-211.9356833642548
-0.6999999999999997,0.035,52792.00000000002,0.01998733124998,0.0171178238438165,-215.007215007215
-0.6999999999999997,0.0375,52836.00000000004,0.0199863307927554,0.0173101217172863,-224.22180993609564
-0.6999999999999997,0.04,52840.00000000004,0.0199774173935067,0.0175053955577875,-236.5079365079365
-0.6999999999999997,0.0425,52829.00000000004,0.019982719763876,0.017707781563314,-247.3510616367759
-0.6999999999999997,0.0449999999999999,52818.00000000004,0.019987331539648,0.0179116880211073,-253.2467532467533
-0.6999999999999997,0.0474999999999999,52818.00000000002,0.0199983600268456,0.0181106481143963,-264.93506493506504
-0.6999999999999997,0.0499999999999999,52818.00000000004,0.0200165614897409,0.018315030452805,-272.72727272727275
-0.6999999999999997,0.0524999999999999,52842.00000000004,0.0200364944321522,0.0185200152943476,-280.51948051948057
-0.6999999999999997,0.0549999999999999,52867.00000000004,0.0200654490975379,0.0187262163319536,-292.2077922077923
-0.6999999999999997,0.0574999999999999,52888.00000000004,0.0200965001272176,0.0189331742804887,-300.0000000000001
-0.6999999999999997,0.06,52903.00000000002,0.0201307961675277,0.0191451734945448,-307.7922077922078
-0.6999999999999997,0.0625,52943.00000000004,0.0201676761256438,0.0193531915590346,-315.58441558441564
-0.6999999999999997,0.065,52954.00000000004,0.0202162146518556,0.019568608153157,-323.12925170068024
-0.6999999999999997,0.0675,52947.00000000004,0.0202638698890471,0.0197797608819806,-335.168006596578
-0.6999999999999997,0.07,52987.00000000004,0.020318589600356,0.0199967976682473,-344.6093588950731
-0.6999999999999997,0.0725,53002.00000000002,0.0203764717646005,0.0202109665174701,-349.3300350443207
-0.6999999999999997,0.075,53028.00000000004,0.0204407172381586,0.0204322887712264,-358.77138734281584
-0.6999999999999997,0.0774999999999999,53074.00000000004,0.0205089240545492,0.0206486560290736,-368.212739641311
-0.6999999999999997,0.0799999999999999,53094.00000000002,0.020586406213673,0.0208705069162845,-377.65409193980616
-0.6999999999999997,0.0824999999999999,53112.00000000004,0.0206650286039583,0.0210869345907307,-387.09544423830135
-0.6999999999999997,0.0849999999999999,53160.00000000004,0.0207492710996146,0.0213056845579809,-391.8161203875489
-0.6999999999999997,0.0875,53146.00000000002,0.0208389619044448,0.0215289252549696,-405.504019789734
-0.6999999999999997,0.09,53169.00000000004,0.0209303460562989,0.021752255505433,-415.7699443413729
-0.6999999999999997,0.0925,53153.00000000004,0.0210302204074691,0.0219778083791557,-421.4388785817357
-0.6999999999999997,0.095,53170.00000000002,0.0211305060710596,0.0221983643310322,-426.984126984127
-0.6999999999999997,0.0975,53173.00000000004,0.0212395873740984,0.0224234255376062,-432.5293753865183
-0.6999999999999997,0.1,53187.00000000004,0.0213536333427742,0.0226503016317181,-449.16512059369205
-0.5999999999999996,-0.1,52803.00000000005,0.0284380938007798,0.0115166975079685,300.0000000000001
-0.5999999999999996,-0.0975,52787.00000000005,0.0281642558933684,0.0114892674792248,292.2077922077923
-0.5999999999999996,-0.095,52770.00000000002,0.0278962847574307,0.011464184856205,280.51948051948057
-0.5999999999999996,-0.0925,52778.00000000005,0.0276323820776681,0.011448618622384,272.72727272727275
-0.5999999999999996,-0.09,52737.00000000003,0.0273690307558556,0.0114327788629732,264.93506493506504
-0.5999999999999996,-0.0875,52726.00000000002,0.027108672745766,0.0114253344923166,249.3506493506494
-0.5999999999999996,-0.085,52717.00000000005,0.0268574757381894,0.0114237671909814,247.3510616367759
-0.5999999999999996,-0.0825,52685.00000000003,0.0266028265323514,0.0114262465336844,233.43640486497628
-0.5999999999999996,-0.08,52687.00000000002,0.0263586573718009,0.0114384583139924,227.29334157905583
-0.5999999999999996,-0.0775,52640.00000000005,0.0261149629627604,0.0114514295968289,218.0787466501752
-0.5999999999999996,-0.075,52609.00000000003,0.0258707402410448,0.011469876708688,208.8641517212946
-0.5999999999999996,-0.0725,52612.00000000002,0.0256363359544084,0.0114917737090792,199.64955679241396
-0.5999999999999996,-0.07,52610.00000000005,0.025404520573201,0.011526609581926,190.4349618635333
-0.5999999999999996,-0.0675,52577.00000000003,0.0251788817889027,0.01155936349717,181.22036693465265
-0.5999999999999996,-0.065,52578.00000000005,0.0249551562701121,0.0115945698228477,172.005772005772
-0.5999999999999996,-0.0625,52543.00000000003,0.0247360830776194,0.0116421824639349,164.8732220160792
-0.5999999999999996,-0.06,52558.00000000002,0.0245230820186375,0.0116918519929908,150.54627911770768
-0.5999999999999996,-0.0575,52537.00000000005,0.024316581334794,0.0117490974646646,141.5584415584416
-0.5999999999999996,-0.055,52535.00000000003,0.0241062316032535,0.0118092971757479,134.81756338899197
-0.5999999999999996,-0.0525,52501.00000000005,0.0239053533050895,0.0118758915447129,123.58276643990928
-0.5999999999999996,-0.05,52520.00000000003,0.0237141668473842,0.0119443334842292,116.84188827045972
-0.5999999999999996,-0.0475,52484.00000000002,0.0235224782682424,0.0120170794785581,107.85405071119357
-0.5999999999999996,-0.045,52473.00000000005,0.023334340412622,0.0120953377409346,98.86621315192748
-0.5999999999999996,-0.0425,52465.00000000003,0.0231512888315152,0.0121825945792217,89.87837559266131
-0.5999999999999996,-0.04,52423.00000000005,0.0229767437623541,0.0122693599778235,79.65367965367966
-0.5999999999999996,-0.0375,52414.00000000003,0.0228087072503345,0.0123646814228406,69.69696969696973
-0.5999999999999996,-0.035,52412.00000000002,0.0226383291591488,0.0124616922312249,54.05071119356835
-0.5999999999999996,-0.0325,52367.00000000003,0.0224726527217454,0.012564269217383,45.51638837353124
-0.5999999999999996,-0.03,52380.00000000002,0.0223178591754664,0.0126686577091745,36.98206555349413
-0.5999999999999996,-0.0275,52396.00000000005,0.0221675543576446,0.0127838076015065,35.55967841682127
-0.5999999999999996,-0.025,52406.00000000003,0.0220191319263993,0.0128988348876463,25.602968460111317
-0.5999999999999996,-0.0225,52358.00000000005,0.0218787142009774,0.0130126790456125,17.068645640074223
-0.5999999999999996,-0.02,52385.00000000003,0.0217442452894317,0.0131382690401867,8.534322820037119
-0.5999999999999996,-0.0175,52382.00000000005,0.0216102026213236,0.0132672996984419,-8.534322820037104
-0.5999999999999996,-0.015,52385.00000000003,0.0214834783626244,0.0133981331326754,-9.956709956709972
-0.5999999999999996,-0.0124999999999999,52409.00000000005,0.0213636129440455,0.0135305859038223,-21.335807050092757
-0.5999999999999996,-0.01,52417.00000000003,0.0212473123872733,0.0136696681857394,-32.714904143475565
-0.5999999999999996,-0.0075,52413.00000000005,0.0211334274974367,0.01381181620596,-45.51638837353124
-0.5999999999999996,-0.005,52450.00000000004,0.0210301266514802,0.0139572734077642,-49.7835497835498
-0.5999999999999996,-0.0025,52438.00000000005,0.0209260249749592,0.0141050671721735,-64.00742115027832
-0.5999999999999996,0.0,52482.00000000005,0.0208326177129618,0.0142554616256797,-68.27458256029688
-0.5999999999999996,0.0025,52510.00000000005,0.0207432018995576,0.0144123381639885,-78.89095031952175
-0.5999999999999996,0.0049999999999999,52500.00000000004,0.0206591945027626,0.0145704068339271,-85.38445681302824
-0.5999999999999996,0.0074999999999999,52555.00000000005,0.0205749328352201,0.0147325203271579,-94.3722943722944
-0.5999999999999996,0.0099999999999999,52585.00000000003,0.0205020844323666,0.0148961739642523,-107.8540507111936
-0.5999999999999996,0.0124999999999999,52574.00000000004,0.0204309280756359,0.0150635461850336,-112.34796949082664
-0.5999999999999996,0.015,52618.00000000003,0.0203675149287559,0.0152330076432816,-125.82972582972585
-0.5999999999999996,0.0175,52607.00000000004,0.0203038997100289,0.0154041423895908,-134.81756338899197
-0.5999999999999996,0.0199999999999999,52648.00000000003,0.0202488022405728,0.0155811937109892,-143.8054009482581
-0.5999999999999996,0.0224999999999999,52677.00000000004,0.0201995943619783,0.0157573579812154,-152.79323850752425
-0.5999999999999996,0.0249999999999999,52683.00000000003,0.0201526640462681,0.015935164905683,-159.55473098330245
-0.5999999999999996,0.0274999999999999,52699.00000000004,0.0201127490179018,0.0161219206593306,-170.19171304885597
-0.5999999999999996,0.03,52722.00000000003,0.0200813781180975,0.0163053173247677,-184.29189857761284
-0.5999999999999996,0.0325,52745.00000000004,0.0200435301068445,0.0164897416594301,-187.36343022057304
-0.5999999999999996,0.035,52752.00000000002,0.0200190264341345,0.0166816231237788,-193.50649350649348
-0.5999999999999996,0.0375,52805.00000000004,0.0199977985497812,0.0168753089840976,-205.7926200783344
-0.5999999999999996,0.04,52836.00000000004,0.0199827734033269,0.01706949486863,-218.0787466501752
-0.5999999999999996,0.0425,52878.00000000004,0.0199749505733588,0.0172670655475043,-221.1502782931354
-0.5999999999999996,0.0449999999999999,52865.00000000004,0.0199700575840304,0.0174554479625824,-227.29334157905583
-0.5999999999999996,0.0474999999999999,52875.00000000002,0.0199689646981238,0.0176594346062941,-245.7225314368172
-0.5999999999999996,0.0499999999999999,52851.00000000004,0.0199701235575458,0.0178596173614318,-250.834879406308
-0.5999999999999996,0.0524999999999999,52847.00000000004,0.0199796501821945,0.01805865191074,-257.1428571428572
-0.5999999999999996,0.0549999999999999,52844.00000000004,0.0199925644685168,0.0182644334667013,-268.83116883116884
-0.5999999999999996,0.0574999999999999,52874.00000000004,0.0200096432146158,0.0184718993167162,-280.51948051948057
-0.5999999999999996,0.06,52896.00000000002,0.0200330901221313,0.0186732129957204,-288.3116883116884
-0.5999999999999996,0.0625,52920.00000000004,0.0200600989133701,0.0188853550660096,-296.1038961038962
-0.5999999999999996,0.065,52938.00000000005,0.0200939667946734,0.0190960441379284,-303.896103896104
-0.5999999999999996,0.0675,52934.00000000003,0.0201328004313781,0.0193017653237582,-315.58441558441564
-0.5999999999999996,0.07,52951.00000000004,0.0201753317455883,0.0195145457582568,-319.48051948051955
-0.5999999999999996,0.0725,52948.00000000002,0.0202236396471219,0.0197269970028506,-327.437641723356
-0.5999999999999996,0.075,52968.00000000004,0.0202733562305835,0.0199447435739697,-335.168006596578
-0.5999999999999996,0.0774999999999999,52987.00000000004,0.0203340200450806,0.0201591528067444,-349.3300350443207
-0.5999999999999996,0.0799999999999999,53024.00000000002,0.0203964213916728,0.020376862141121,-358.77138734281584
-0.5999999999999996,0.0824999999999999,53033.00000000004,0.0204624016846008,0.0205925055989286,-368.212739641311
-0.5999999999999996,0.0849999999999999,53060.00000000005,0.0205345256481473,0.0208158976240547,-372.93341579055857
-0.5999999999999996,0.0875,53086.00000000002,0.02061459822198,0.021033113241347,-387.09544423830135
-0.5999999999999996,0.09,53120.00000000004,0.0206974979310731,0.021253601809049,-396.5367965367964
-0.5999999999999996,0.0925,53135.00000000004,0.0207833318252562,0.0214761508265897,-401.257472686044
-0.5999999999999996,0.095,53140.00000000002,0.020876272921805,0.0216979586622347,-405.504019789734
-0.5999999999999996,0.0975,53154.00000000004,0.0209780086479424,0.0219229809726985,-421.4388785817357
-0.5999999999999996,0.1,53186.00000000004,0.0210768837896886,0.022147912402777,-432.5293753865183
-0.5,-0.1,52874.00000000005,0.02905997906963,0.0115937392677529,323.37662337662346
-0.5,-0.0975,52844.00000000003,0.0287819943985724,0.0115535881369314,311.6883116883117
-0.5,-0.095,52821.00000000002,0.0284996857779355,0.0115172817452875,303.896103896104
-0.5,-0.0925,52786.00000000005,0.0282300415925231,0.0114887404213487,288.3116883116884
-0.5,-0.09,52799.00000000003,0.0279559409652497,0.011462953731467,280.51948051948057
-0.5,-0.0875,52771.00000000002,0.0276974560164893,0.0114436827933945,276.62337662337666
-0.5,-0.085,52734.00000000005,0.0274306000486722,0.0114283800189809,268.83116883116884
-0.5,-0.0825,52738.00000000003,0.0271690163482993,0.0114205595834664,257.1428571428572
-0.5,-0.08,52739.00000000002,0.0269189748372048,0.0114180656933178,243.86724386724387
-0.5,-0.0775,52711.00000000005,0.0266660784005705,0.0114197589572951,233.43640486497628
-0.5,-0.075,52702.00000000003,0.0264135567242658,0.011426048649487,230.3648732220161
-0.5,-0.0725,52678.00000000002,0.0261711641546491,0.0114398298683582,221.1502782931354
-0.5,-0.07,52639.00000000005,0.0259282994502173,0.0114558369022551,205.7926200783344
-0.5,-0.0675,52631.00000000003,0.0256968868240636,0.0114757126098825,202.72108843537413
-0.5,-0.065,52593.00000000005,0.0254588133634537,0.0115062385776626,193.50649350649348
-0.5,-0.0625,52585.00000000003,0.0252321447514349,0.0115389268071497,178.14883529169242
-0.5,-0.06,52567.00000000002,0.025009263755899,0.0115737076643077,175.0773036487322
-0.5,-0.0575,52612.00000000005,0.02479087028198,0.011616943663461,167.5324675324676
-0.5,-0.055,52573.00000000003,0.0245753201109001,0.0116667375971199,155.04019789734076
-0.5,-0.0525,52566.00000000005,0.0243642521290924,0.0117195240338367,146.05236033807464
-0.5,-0.05,52545.00000000003,0.0241579998058057,0.0117785983453474,139.31148216862505
-0.5,-0.0475,52497.00000000002,0.0239536921322228,0.0118398911185272,130.3236446093589
-0.5,-0.045,52470.00000000005,0.0237591753404897,0.0119093488672304,121.33580705009275
-0.5,-0.0425,52441.00000000003,0.0235605573507743,0.0119817607371434,112.34796949082664
-0.5,-0.04,52445.00000000005,0.023374682841547,0.0120581481874633,103.36013193156052
-0.5,-0.0375,52422.00000000003,0.0231906779933293,0.0121407574990432,94.3722943722944
-0.5,-0.035,52386.00000000002,0.0230138134824287,0.0122284936888767,75.22160379303236
-0.5,-0.0325,52360.00000000003,0.0228384751808229,0.0123184850810246,72.54174397031544
-0.5,-0.03,52392.00000000002,0.0226708433046959,0.0124160557308289,62.585034013605465
-0.5,-0.0275,52345.00000000005,0.0225021324257645,0.0125146490071981,48.36116264687695
-0.5,-0.025,52334.00000000003,0.0223435893857706,0.012619909517616,39.82683982683983
-0.5,-0.0225,52367.00000000005,0.0221884262123418,0.0127280483977738,31.29251700680271
-0.5,-0.02,52377.00000000003,0.0220387353680329,0.0128423384022435,29.870129870129876
-0.5,-0.0175,52350.00000000005,0.0218944464438052,0.0129590986701118,12.801484230055664
-0.5,-0.015,52327.00000000003,0.0217561768918007,0.013078875819713,2.844774273345692
-0.5,-0.0124999999999999,52329.00000000005,0.0216193851507315,0.0132025324396707,-6.060606060606062
-0.5,-0.01,52348.00000000003,0.0214923382947383,0.013333043661371,-12.801484230055664
-0.5,-0.0075,52340.00000000005,0.0213715190241457,0.0134650286328187,-24.180581323438474
-0.5,-0.005,52352.00000000003,0.0212522426039393,0.0136051833183355,-29.87012987012986
-0.5,-0.0025,52353.00000000005,0.0211379210423709,0.0137421219089506,-44.09400123685839
-0.5,0.0,52391.00000000004,0.0210359934829813,0.0138874594226568,-48.36116264687695
-0.5,0.0025,52377.00000000005,0.020933711660097,0.0140332299434141,-58.317872603586906
-0.5,0.0049999999999999,52406.00000000003,0.0208353883814912,0.01418283355545,-65.42980828695117
-0.5,0.0074999999999999,52445.00000000005,0.0207477639598888,0.0143409494805546,-69.69696969696972
-0.5,0.0099999999999999,52453.00000000004,0.0206588890174073,0.014495001753538,-88.06431663574519
-0.5,0.0124999999999999,52453.00000000005,0.0205755516922056,0.0146548681010511,-94.37229437229436
-0.5,0.015,52512.00000000004,0.0205021546518554,0.014820062418846,-103.36013193156052
-0.5,0.0175,52512.00000000004,0.0204320207750352,0.0149851574470025,-110.10101010101012
-0.5,0.0199999999999999,52548.00000000003,0.0203652987529693,0.0151524691671312,-121.33580705009275
-0.5,0.0224999999999999,52577.00000000004,0.0203009307479828,0.0153226840701408,-128.07668521954238
-0.5,0.0249999999999999,52606.00000000003,0.020248219226447,0.0154988292886447,-139.31148216862502
-0.5,0.0274999999999999,52635.00000000004,0.0201982120353506,0.0156758520123768,-148.29931972789117
-0.5,0.03,52642.00000000002,0.0201555652564645,0.015850581920418,-157.2871572871573
-0.5,0.0325,52665.00000000004,0.0201134730343029,0.0160350278964049,-164.8732220160792
-0.5,0.035,52677.000000000015,0.0200774384506764,0.0162202173016115,-175.07730364873223
-0.5,0.0375,52681.00000000004,0.0200473857260709,0.0164049610312305,-181.22036693465265
-0.5,0.04,52733.00000000004,0.0200199610491643,0.0165958170891356,-193.50649350649348
-0.5,0.0425,52756.00000000004,0.0199974760585092,0.0167882307840383,-205.7926200783344
-0.5,0.0449999999999999,52785.00000000004,0.019982360644773,0.0169803405116204,-211.9356833642548
-0.5,0.0474999999999999,52810.00000000002,0.0199681424703056,0.0171789159057405,-221.1502782931354
-0.5,0.0499999999999999,52838.00000000004,0.0199651659513334,0.0173685938115202,-230.3648732220161
-0.5,0.0524999999999999,52848.00000000005,0.0199594051095357,0.017568627444991,-236.5079365079365
-0.5,0.0549999999999999,52823.00000000004,0.0199689736309891,0.0177695777875059,-247.3510616367759
-0.5,0.0574999999999999,52830.00000000004,0.0199720503220401,0.0179724420762104,-257.1428571428572
-0.5,0.06,52815.00000000002,0.0199908865760594,0.0181729461759129,-264.93506493506504
-0.5,0.0625,52867.00000000004,0.0200073508285438,0.0183821566819962,-280.51948051948057
-0.5,0.065,52868.00000000004,0.0200287781069563,0.0185844472335481,-280.51948051948057
-0.5,0.0675,52884.00000000004,0.0200597800847103,0.0187944661216061,-292.2077922077923
-0.5,0.07,52909.00000000004,0.020090002652166,0.0190048245697946,-300.0000000000001
-0.5,0.0725,52942.00000000002,0.0201254322581228,0.0192154126753197,-311.6883116883117
-0.5,0.075,52962.00000000004,0.0201709271984388,0.0194251752015723,-319.48051948051955
-0.5,0.0774999999999999,52948.00000000004,0.0202201955595106,0.0196414084504413,-327.437641723356
-0.5,0.0799999999999999,52965.00000000002,0.020270325796274,0.0198528434681511,-339.8886827458255
-0.5,0.0824999999999999,53008.00000000004,0.0203292181479196,0.0200694486344597,-349.3300350443207
-0.5,0.0849999999999999,53020.00000000004,0.0203919155016953,0.0202864805844748,-358.77138734281584
-0.5,0.0875,53037.00000000002,0.020459772128585,0.0205067553180844,-363.4920634920634
-0.5,0.09,53053.00000000004,0.0205296494651681,0.0207279902098965,-372.93341579055857
-0.5,0.0925,53101.00000000004,0.0206057153929352,0.020946692254968,-382.37476808905376
-0.5,0.095,53103.00000000002,0.0206878656053543,0.0211669646922267,-391.8161203875489
-0.5,0.0975,53147.00000000004,0.0207700527408679,0.0213881623245901,-401.257472686044
-0.5,0.1,53162.00000000004,0.020864268251941,0.0216101901530023,-405.504019789734
-0.3999999999999999,-0.1,53039.00000000005,0.0298419772207864,0.0117052524546268,339.8886827458255
-0.3999999999999999,-0.0975,53041.00000000003,0.0295541523951269,0.0116545455154743,335.168006596578
-0.3999999999999999,-0.095,53022.00000000002,0.0292639697972058,0.0116054777342388,323.12925170068024
-0.3999999999999999,-0.0925,53029.00000000005,0.0289878973828092,0.0115648607390552,315.58441558441564
-0.3999999999999999,-0.09,52958.00000000003,0.0287045945208568,0.0115252466028114,307.7922077922078
-0.3999999999999999,-0.0875,52971.00000000002,0.0284371039827608,0.0114946406379396,296.1038961038962
-0.3999999999999999,-0.085,52929.00000000005,0.0281640077245581,0.0114683143589137,288.3116883116884
-0.3999999999999999,-0.0825,52906.00000000004,0.0278949511385842,0.0114457358380715,276.62337662337666
-0.3999999999999999,-0.08,52915.00000000002,0.0276267641580293,0.0114328805903422,272.72727272727275
-0.3999999999999999,-0.0775,52906.00000000005,0.0273632767017035,0.0114226726953937,261.03896103896113
-0.3999999999999999,-0.075,52890.00000000003,0.0271067639143676,0.0114167248841529,253.2467532467533
-0.3999999999999999,-0.0725,52871.00000000002,0.0268520088541185,0.0114165819355894,243.86724386724387
-0.3999999999999999,-0.07,52831.00000000005,0.0266000426782981,0.0114227255093758,233.43640486497628
-0.3999999999999999,-0.0675,52824.00000000003,0.0263541173403821,0.0114307434649696,224.2218099360956
-0.3999999999999999,-0.065,52801.00000000005,0.0261042240549006,0.0114469433717215,215.00721500721497
-0.3999999999999999,-0.0625,52748.00000000003,0.0258649870671804,0.0114667307220435,205.79262007833435
-0.3999999999999999,-0.06,52733.00000000002,0.0256200399668613,0.011492668276631,199.64955679241396
-0.3999999999999999,-0.0575,52712.00000000005,0.025391223051298,0.0115255547216033,187.36343022057304
-0.3999999999999999,-0.055,52704.00000000003,0.0251670950597987,0.0115595079359013,178.14883529169242
-0.3999999999999999,-0.0525,52715.00000000005,0.0249399913255288,0.011601345916768,168.9342403628118
-0.3999999999999999,-0.05,52704.00000000003,0.0247245067925702,0.0116485285465398,161.78107606679038
-0.3999999999999999,-0.0475,52703.00000000003,0.0245058881209651,0.0117001045734944,152.79323850752422
-0.3999999999999999,-0.045,52678.00000000005,0.0242982370318951,0.0117588719606046,139.31148216862505
-0.3999999999999999,-0.0425,52667.00000000003,0.0240909470729766,0.0118191765095405,132.57060399917543
-0.3999999999999999,-0.04,52659.00000000005,0.0238908412413031,0.0118863648288248,121.33580705009275
-0.3999999999999999,-0.0375,52616.00000000003,0.0236888088703389,0.0119568592311283,112.34796949082664
-0.3999999999999999,-0.035,52589.00000000002,0.023497382957503,0.0120329476364314,103.36013193156047
-0.3999999999999999,-0.0325,52540.00000000003,0.023310968138176,0.0121153458757961,94.3722943722944
-0.3999999999999999,-0.03,52561.00000000003,0.0231286277106988,0.012201706494568,85.38445681302824
-0.3999999999999999,-0.0275,52519.00000000005,0.0229500011891392,0.0122888940632642,78.2312925170068
-0.3999999999999999,-0.025,52541.00000000003,0.0227802410347889,0.0123877190018794,69.69696969696973
-0.3999999999999999,-0.0225,52547.00000000005,0.0226066434554143,0.012485982720532,58.317872603586906
-0.3999999999999999,-0.02,52521.00000000003,0.0224391499504041,0.0125904210936522,49.7835497835498
-0.3999999999999999,-0.0175,52528.00000000005,0.0222855734945325,0.0126970089106178,41.24922696351268
-0.3999999999999999,-0.015,52536.00000000003,0.0221332179303446,0.0128098597075529,32.714904143475565
-0.3999999999999999,-0.0124999999999999,52532.00000000005,0.0219837299579042,0.0129279753349218,21.335807050092757
-0.3999999999999999,-0.01,52521.00000000003,0.0218420479719586,0.013045701552841,14.223871366728517
-0.3999999999999999,-0.0075,52510.00000000005,0.0217037521836209,0.0131724291441736,2.844774273345706
-0.3999999999999999,-0.005,52527.00000000003,0.021571946950232,0.013302836088959,-8.534322820037104
-0.3999999999999999,-0.0025,52525.00000000005,0.0214474280795425,0.0134331895597207,-19.91341991341993
-0.3999999999999999,0.0,52543.00000000005,0.0213233047512307,0.0135675321448631,-27.025355596784152
-0.3999999999999999,0.0025,52557.00000000005,0.0212066742982155,0.0137054565268101,-32.714904143475565
-0.3999999999999999,0.0049999999999999,52530.00000000005,0.0210932759522333,0.0138487084116137,-41.24922696351268
-0.3999999999999999,0.0074999999999999,52575.00000000005,0.0209899333495359,0.013993322401831,-48.36116264687695
-0.3999999999999999,0.0099999999999999,52555.00000000004,0.0208892129776029,0.0141454784679563,-59.74025974025976
-0.3999999999999999,0.0124999999999999,52540.00000000005,0.020792202118824,0.0142973713639922,-68.27458256029688
-0.3999999999999999,0.015,52602.00000000003,0.0206961140780562,0.0144578707229711,-71.55225726654298
-0.3999999999999999,0.0175,52608.00000000005,0.0206101072617105,0.0146192981495097,-92.12533498247784
-0.3999999999999999,0.0199999999999999,52648.00000000004,0.0205301690881335,0.0147797994402707,-101.11317254174398
-0.3999999999999999,0.0224999999999999,52687.00000000004,0.0204592492789876,0.0149431481266961,-110.1010101010101
-0.3999999999999999,0.0249999999999999,52681.00000000003,0.0203846521006375,0.0151110617376728,-114.59492888064317
-0.3999999999999999,0.0274999999999999,52718.00000000004,0.0203153928016747,0.0152821359289007,-123.5827664399093
-0.3999999999999999,0.03,52723.00000000003,0.0202577659282581,0.0154539432739176,-137.0645227788085
-0.3999999999999999,0.0325,52772.00000000004,0.0202026948061517,0.0156289175614477,-141.55844155844156
-0.3999999999999999,0.035,52776.00000000002,0.0201554721120994,0.0158059790041617,-155.04019789734076
-0.3999999999999999,0.0375,52793.00000000004,0.0201100279908037,0.0159833992046759,-162.21397649969083
-0.3999999999999999,0.04,52806.00000000004,0.0200707102259369,0.0161721528631097,-165.86270871985155
-0.3999999999999999,0.0425,52836.00000000004,0.0200349669694476,0.016356754301613,-181.22036693465265
-0.3999999999999999,0.0449999999999999,52842.00000000004,0.0200051976900485,0.0165431862895492,-184.29189857761284
-0.3999999999999999,0.0474999999999999,52859.00000000002,0.0199803564002711,0.0167344086286183,-199.6495567924139
-0.3999999999999999,0.0499999999999999,52934.00000000004,0.0199619637255877,0.0169280391514404,-208.8641517212946
-0.3999999999999999,0.0524999999999999,52891.00000000004,0.0199427405134606,0.0171194895367705,-218.0787466501752
-0.3999999999999999,0.0549999999999999,52934.00000000003,0.019935289522513,0.0173174814895983,-227.29334157905583
-0.3999999999999999,0.0574999999999999,52918.00000000004,0.0199287219622218,0.0175142184174096,-236.5079365079365
-0.3999999999999999,0.06,52958.00000000002,0.0199341087456275,0.0177150487091852,-247.3510616367759
-0.3999999999999999,0.0625,52935.00000000004,0.0199367130902233,0.017913458176876,-253.2467532467533
-0.3999999999999999,0.065,52962.00000000004,0.0199452618024632,0.0181187075651484,-261.03896103896113
-0.3999999999999999,0.0675,52971.00000000003,0.0199602343532675,0.0183241445340397,-272.72727272727275
-0.3999999999999999,0.07,52987.00000000004,0.0199804450658913,0.0185305403026874,-280.51948051948057
-0.3999999999999999,0.0725,52995.00000000002,0.0200077316090045,0.0187359457683157,-288.3116883116884
-0.3999999999999999,0.075,53015.00000000004,0.0200399841722082,0.0189463507772048,-296.1038961038962
-0.3999999999999999,0.0774999999999999,53056.00000000004,0.0200739954086031,0.0191586354420271,-307.7922077922078
-0.3999999999999999,0.0799999999999999,53049.00000000002,0.0201098498601488,0.0193647443151819,-315.58441558441564
-0.3999999999999999,0.0824999999999999,53069.00000000004,0.0201557099316246,0.0195816002812319,-323.12925170068024
-0.3999999999999999,0.0849999999999999,53070.00000000004,0.0202074000025126,0.0197944148370478,-330.4473304473304
-0.3999999999999999,0.0875,53093.00000000002,0.0202622475070507,0.0200145332127725,-339.8886827458255
-0.3999999999999999,0.09,53125.00000000004,0.020319302390205,0.020227342044987,-349.3300350443207
-0.3999999999999999,0.0925,53124.00000000004,0.0203853582329184,0.0204457515029578,-358.77138734281584
-0.3999999999999999,0.095,53154.00000000002,0.0204547247872108,0.0206636370227211,-368.212739641311
-0.3999999999999999,0.0975,53180.00000000004,0.0205318906592462,0.0208843106773202,-377.65409193980616
-0.3999999999999999,0.1,53189.00000000004,0.0206121917295397,0.0211009822286317,-382.37476808905376
-0.2999999999999998,-0.1,53165.00000000005,0.0305538972536858,0.0118303068765478,363.4920634920634
-0.2999999999999998,-0.0975,53146.00000000004,0.0302568504707338,0.0117663292640685,354.0507111935683
-0.2999999999999998,-0.095,53120.00000000002,0.0299659624488321,0.0117077532130167,344.6093588950731
-0.2999999999999998,-0.0925,53083.00000000005,0.0296800530688698,0.0116532533933182,339.8886827458255
-0.2999999999999998,-0.09,53022.00000000005,0.0293917026167788,0.0116033237219561,331.74603174603175
-0.2999999999999998,-0.0875,53004.00000000002,0.0291084826198012,0.0115596862648551,319.48051948051955
-0.2999999999999998,-0.085,53016.00000000005,0.0288304448179786,0.0115236899693715,307.7922077922079
-0.2999999999999998,-0.0825,52995.00000000004,0.0285521923149702,0.0114892648878796,300.00000000000006
-0.2999999999999998,-0.08,52943.00000000002,0.0282788290170454,0.011462265323929,292.2077922077923
-0.2999999999999998,-0.0775,52935.00000000005,0.0280054668060275,0.0114393781896903,284.4155844155845
-0.2999999999999998,-0.075,52920.00000000003,0.0277368335579853,0.0114209747586863,272.72727272727275
-0.2999999999999998,-0.0725,52920.00000000002,0.0274741045372884,0.0114077459410142,264.93506493506504
-0.2999999999999998,-0.07,52885.00000000005,0.0272147990948137,0.0114005286594696,257.1428571428572
-0.2999999999999998,-0.0675,52877.00000000003,0.0269613356197706,0.0113997698264342,247.3510616367759
-0.2999999999999998,-0.065,52858.00000000005,0.0267084741606864,0.011403021337241,236.5079365079365
-0.2999999999999998,-0.0625,52865.00000000003,0.0264557614323969,0.0114138884395945,230.3648732220161
-0.2999999999999998,-0.06,52822.00000000002,0.0262127879208588,0.0114251448189474,218.0787466501752
-0.2999999999999998,-0.0575,52780.00000000005,0.0259702391431239,0.0114447840323803,208.8641517212946
-0.2999999999999998,-0.055,52737.00000000003,0.0257319143017268,0.0114675250419023,199.64955679241396
-0.2999999999999998,-0.0525,52743.00000000005,0.0254986231930878,0.011501047264813,190.4349618635333
-0.2999999999999998,-0.05,52725.00000000003,0.0252670502363908,0.0115332810975653,181.22036693465265
-0.2999999999999998,-0.0475,52696.00000000002,0.0250461574193303,0.0115708448443344,172.005772005772
-0.2999999999999998,-0.045,52680.00000000005,0.0248225944792743,0.0116168354870622,162.21397649969083
-0.2999999999999998,-0.0425,52668.00000000003,0.0246033792612014,0.0116659819484399,152.79323850752422
-0.2999999999999998,-0.04,52645.00000000005,0.0243940627991207,0.011723322920133,143.80540094825813
-0.2999999999999998,-0.0375,52644.00000000003,0.0241831668274707,0.0117820094495363,139.31148216862505
-0.2999999999999998,-0.035,52646.00000000002,0.0239824272639661,0.0118467115067932,125.82972582972582
-0.2999999999999998,-0.0325,52607.00000000005,0.0237859065689376,0.0119141329089456,116.84188827045972
-0.2999999999999998,-0.03,52578.00000000002,0.0235891027157487,0.0119885367380969,107.85405071119357
-0.2999999999999998,-0.0275,52572.00000000005,0.023401250763463,0.0120674223365845,98.86621315192748
-0.2999999999999998,-0.025,52547.00000000003,0.0232152876857225,0.0121528529494489,89.87837559266131
-0.2999999999999998,-0.0225,52522.00000000005,0.023037941770353,0.0122397809841219,81.07606679035251
-0.2999999999999998,-0.02,52502.00000000003,0.0228659787708012,0.01233366883241,72.54174397031544
-0.2999999999999998,-0.0175,52541.00000000005,0.0226943802247337,0.012427730746942,62.585034013605465
-0.2999999999999998,-0.015,52526.00000000003,0.0225241185434313,0.0125311859870707,54.05071119356836
-0.2999999999999998,-0.0124999999999999,52522.00000000005,0.0223680735711156,0.0126372038909751,42.671614100185536
-0.2999999999999998,-0.01,52508.00000000003,0.0222150136819543,0.0127473390567583,36.98206555349413
-0.2999999999999998,-0.0075,52528.00000000005,0.0220617488994362,0.0128620991007235,28.44774273345702
-0.2999999999999998,-0.005,52528.00000000003,0.0219158903316295,0.0129769061825783,14.223871366728517
-0.2999999999999998,-0.0025,52515.00000000005,0.0217753019281232,0.0131006991518741,9.956709956709972
-0.2999999999999998,0.0,52571.00000000003,0.0216415225629837,0.0132289733331752,-5.689548546691412
-0.2999999999999998,0.0025,52573.00000000005,0.0215120970973712,0.0133586963037583,-11.37909709338281
-0.2999999999999998,0.0049999999999999,52567.00000000003,0.0213878693949493,0.0134883380498568,-21.335807050092757
-0.2999999999999998,0.0074999999999999,52563.00000000005,0.0212667128830595,0.013629375830282,-31.29251700680271
-0.2999999999999998,0.0099999999999999,52577.00000000003,0.0211541054359865,0.0137714512018207,-39.82683982683983
-0.2999999999999998,0.0124999999999999,52562.00000000005,0.021044934433475,0.013916917606496,-45.51638837353124
-0.2999999999999998,0.015,52559.00000000004,0.0209396991026987,0.0140667161596159,-52.62832405689549
-0.2999999999999998,0.0175,52553.00000000005,0.0208421834555421,0.0142173634888266,-62.585034013605465
-0.2999999999999998,0.0199999999999999,52575.00000000004,0.0207478448824778,0.0143763050872302,-69.69696969696973
-0.2999999999999998,0.0224999999999999,52600.00000000005,0.020658510406904,0.0145347478210344,-82.56029684601111
-0.2999999999999998,0.0249999999999999,52606.00000000003,0.0205787519270325,0.0146936676010335,-96.6192537621109
-0.2999999999999998,0.0274999999999999,52681.00000000004,0.0205026599308396,0.0148582800292169,-105.60709132137706
-0.2999999999999998,0.03,52695.00000000003,0.0204266813914216,0.0150296530794665,-114.59492888064318
-0.2999999999999998,0.0325,52740.00000000004,0.0203618262559768,0.0151957971397646,-123.5827664399093
-0.2999999999999998,0.035,52729.00000000002,0.0202972373748307,0.015365956838969,-125.82972582972582
-0.2999999999999998,0.0375,52751.00000000003,0.020240049340199,0.0155444788650684,-141.55844155844156
-0.2999999999999998,0.04,52803.00000000004,0.0201876195200158,0.0157230149046991,-152.79323850752425
-0.2999999999999998,0.0425,52799.00000000003,0.0201385892363905,0.0159027494217358,-159.53411667697384
-0.2999999999999998,0.0449999999999999,52829.00000000004,0.0200949626532115,0.0160898418075098,-170.19171304885597
-0.2999999999999998,0.0474999999999999,52836.00000000002,0.0200623062611219,0.016273707288432,-172.005772005772
-0.2999999999999998,0.0499999999999999,52839.00000000004,0.020025310274505,0.016457188861502,-187.36343022057304
-0.2999999999999998,0.0524999999999999,52869.00000000005,0.0199969499887817,0.0166497588136706,-190.4349618635333
-0.2999999999999998,0.0549999999999999,52892.00000000004,0.0199726121697877,0.0168431478315681,-205.7926200783344
-0.2999999999999998,0.0574999999999999,52916.00000000004,0.0199553658122804,0.0170358725157766,-215.00721500721497
-0.2999999999999998,0.06,52971.00000000003,0.0199448380341307,0.0172290965875018,-221.1502782931354
-0.2999999999999998,0.0625,52949.00000000004,0.0199364854540934,0.0174272053137655,-230.3648732220161
-0.2999999999999998,0.065,52983.00000000004,0.0199311471656361,0.0176286422227005,-239.57946815089676
-0.2999999999999998,0.0675,52970.00000000004,0.0199380599276907,0.0178275464786287,-250.834879406308
-0.2999999999999998,0.07,52982.00000000004,0.019948867364355,0.0180300954815744,-257.1428571428572
-0.2999999999999998,0.0725,53010.00000000002,0.0199601755740336,0.0182365558577272,-268.83116883116884
-0.2999999999999998,0.075,53000.00000000004,0.0199777204108153,0.0184426020212064,-276.62337662337666
-0.2999999999999998,0.0774999999999999,53027.00000000004,0.020001495772877,0.0186479126634839,-288.3116883116884
-0.2999999999999998,0.0799999999999999,53064.00000000002,0.0200287084744358,0.0188573174213707,-296.1038961038962
-0.2999999999999998,0.0824999999999999,53072.00000000004,0.0200590377599841,0.0190715167623345,-303.896103896104
-0.2999999999999998,0.0849999999999999,53080.00000000004,0.0200955634763942,0.0192790350469516,-311.6883116883117
-0.2999999999999998,0.0875,53119.00000000002,0.0201396754069266,0.0194923767033019,-315.58441558441564
-0.2999999999999998,0.09,53112.00000000004,0.0201860496692955,0.0197078118353447,-331.74603174603175
-0.2999999999999998,0.0925,53140.00000000004,0.0202354509356847,0.0199245932033744,-339.8886827458255
-0.2999999999999998,0.095,53186.00000000002,0.0202944143252075,0.0201358974452442,-344.6093588950731
-0.2999999999999998,0.0975,53193.00000000004,0.0203597105890296,0.0203530586230932,-358.77138734281584
-0.2999999999999998,0.1,53219.00000000004,0.0204215042795986,0.0205719854067935,-368.212739641311
-0.1999999999999997,-0.1,53256.00000000005,0.0312569814616688,0.0120153933890327,387.09544423830135
-0.1999999999999997,-0.0975,53225.00000000003,0.0309549603245286,0.0119381764584702,377.65409193980616
-0.1999999999999997,-0.095,53157.00000000002,0.0306540275845733,0.0118692307191937,368.212739641311
-0.1999999999999997,-0.0925,53158.00000000005,0.0303647891425644,0.0118002842376948,358.77138734281584
-0.1999999999999997,-0.09,53124.00000000005,0.0300694196514072,0.0117408934437186,349.3300350443207
-0.1999999999999997,-0.0875,53114.00000000002,0.0297796568193934,0.0116849725542824,344.6093588950731
-0.1999999999999997,-0.085,53065.00000000005,0.0294883066341685,0.0116354511300148,331.74603174603175
-0.1999999999999997,-0.0825,53056.00000000005,0.0292063914815643,0.0115869438709105,323.37662337662346
-0.1999999999999997,-0.08,53023.00000000002,0.0289251724309413,0.0115465734912657,315.58441558441564
-0.1999999999999997,-0.0775,52987.00000000005,0.0286481506288406,0.0115124910828933,300.0000000000001
-0.1999999999999997,-0.075,52977.00000000003,0.0283688818683463,0.0114807566843415,292.2077922077923
-0.1999999999999997,-0.0725,52969.00000000002,0.0281014896959801,0.0114567486879876,288.3116883116884
-0.1999999999999997,-0.07,52972.00000000005,0.0278336916984156,0.011435477757136,276.62337662337666
-0.1999999999999997,-0.0675,52942.00000000003,0.0275728350645051,0.0114219536862778,268.83116883116884
-0.1999999999999997,-0.065,52937.00000000005,0.0273088763561368,0.0114080392315335,257.1428571428572
-0.1999999999999997,-0.0625,52933.00000000003,0.027049807527596,0.0114062975711701,249.3506493506494
-0.1999999999999997,-0.06,52904.00000000002,0.0267975342707521,0.0114071787642881,236.5079365079365
-0.1999999999999997,-0.0575,52870.00000000005,0.0265480583667275,0.0114119940656165,230.3648732220161
-0.1999999999999997,-0.055,52847.00000000003,0.0263085563587183,0.0114257984120039,224.2218099360956
-0.1999999999999997,-0.0525,52843.00000000005,0.0260686232022376,0.0114407353868029,208.8641517212946
-0.1999999999999997,-0.05,52792.00000000003,0.0258268977965606,0.0114601378107978,202.72108843537413
-0.1999999999999997,-0.0475,52748.00000000002,0.0255922959398698,0.0114900984619289,190.4349618635333
-0.1999999999999997,-0.045,52754.00000000005,0.0253624651769309,0.0115217079354109,184.29189857761284
-0.1999999999999997,-0.0425,52719.00000000003,0.0251365881188489,0.0115548611028109,175.0773036487322
-0.1999999999999997,-0.04,52710.00000000005,0.0249120261905779,0.0115975264507379,168.9342403628118
-0.1999999999999997,-0.0375,52707.00000000003,0.0246948985899064,0.0116469298642877,157.2871572871573
-0.1999999999999997,-0.035,52655.00000000002,0.0244834682035775,0.0116999339619902,148.29931972789117
-0.1999999999999997,-0.0325,52648.00000000005,0.0242742567773931,0.0117567961746248,137.0645227788085
-0.1999999999999997,-0.03,52624.00000000002,0.0240703746191474,0.0118172732266016,130.3236446093589
-0.1999999999999997,-0.0275,52613.00000000005,0.0238717108763352,0.0118872621635321,123.58276643990928
-0.1999999999999997,-0.025,52613.00000000003,0.0236745321521783,0.0119566908537364,114.59492888064318
-0.1999999999999997,-0.0225,52599.00000000005,0.0234896414115956,0.0120353421234051,105.60709132137704
-0.1999999999999997,-0.02,52565.00000000003,0.023304077562126,0.0121158325681402,94.3722943722944
-0.1999999999999997,-0.0175,52547.00000000005,0.0231223050037344,0.0122024381804063,85.38445681302824
-0.1999999999999997,-0.015,52544.00000000003,0.0229525053684823,0.0122913853515791,72.54174397031544
-0.1999999999999997,-0.0124999999999999,52549.00000000005,0.0227795160509351,0.0123867997500557,66.85219542362402
-0.1999999999999997,-0.01,52538.00000000003,0.0226094255734411,0.0124880904728623,58.317872603586906
-0.1999999999999997,-0.0075,52521.00000000005,0.0224507357203941,0.0125926449139861,45.51638837353124
-0.1999999999999997,-0.005,52541.00000000003,0.0222935441493162,0.0127020505772873,38.40445269016698
-0.1999999999999997,-0.0025,52564.00000000005,0.0221395704931921,0.0128142100430604,27.025355596784166
-0.1999999999999997,0.0,52572.00000000003,0.0219887955374645,0.0129318211863798,15.64625850340137
-0.1999999999999997,0.0025,52615.00000000005,0.0218455428721703,0.013051351647689,8.534322820037104
-0.1999999999999997,0.0049999999999999,52588.00000000003,0.0217117466376754,0.0131737423328324,3.030303030303031
-0.1999999999999997,0.0074999999999999,52601.00000000005,0.0215810777172341,0.0133070174241857,-12.801484230055664
-0.1999999999999997,0.0099999999999999,52576.00000000003,0.021450671823446,0.0134375185377988,-17.068645640074223
-0.1999999999999997,0.0124999999999999,52622.00000000005,0.021328446441288,0.0135765011878703,-28.447742733457005
-0.1999999999999997,0.015,52601.00000000003,0.0212164838015676,0.0137145334555776,-35.55967841682127
-0.1999999999999997,0.0175,52551.00000000005,0.0211063572922589,0.0138592676024861,-42.671614100185536
-0.1999999999999997,0.0199999999999999,52612.00000000003,0.0209963185082472,0.0140067908419924,-51.205936920222655
-0.1999999999999997,0.0224999999999999,52561.00000000005,0.020894828794973,0.014160339979895,-61.16264687693261
-0.1999999999999997,0.0249999999999999,52615.00000000003,0.0207993014983654,0.0143157300233495,-68.27458256029688
-0.1999999999999997,0.0274999999999999,52638.00000000004,0.0207056094682466,0.0144723454067403,-78.89095031952175
-0.1999999999999997,0.03,52653.00000000003,0.0206221680037235,0.0146338873736974,-92.12533498247784
-0.1999999999999997,0.0325,52700.00000000004,0.0205349119984873,0.0147971560852229,-101.11317254174398
-0.1999999999999997,0.035,52696.00000000002,0.020464719345919,0.0149661787039406,-110.1010101010101
-0.1999999999999997,0.0375,52691.00000000004,0.0203909266367279,0.0151310930965104,-119.08884766027624
-0.1999999999999997,0.04,52729.00000000004,0.0203237002028825,0.0153036040271877,-128.07668521954236
-0.1999999999999997,0.0425,52714.00000000003,0.0202669913705843,0.0154780978524479,-137.0645227788085
-0.1999999999999997,0.0449999999999999,52789.00000000004,0.0202104666224523,0.0156586752260395,-146.05236033807464
-0.1999999999999997,0.0474999999999999,52781.00000000002,0.0201628475292393,0.0158342056316777,-155.04019789734076
-0.1999999999999997,0.0499999999999999,52817.00000000004,0.0201136181594138,0.0160181769669986,-164.8732220160792
-0.1999999999999997,0.0524999999999999,52826.00000000004,0.0200765465233965,0.0162047432621243,-178.14883529169242
-0.1999999999999997,0.0549999999999999,52825.00000000004,0.020039581893107,0.0163914141303442,-181.22036693465265
-0.1999999999999997,0.0574999999999999,52856.00000000004,0.0200078478619825,0.0165789222230701,-196.57802514945368
-0.1999999999999997,0.06,52853.00000000003,0.019980902018697,0.016772320997732,-199.6495567924139
-0.1999999999999997,0.0625,52898.00000000004,0.0199630763500184,0.0169643976226882,-215.007215007215
-0.1999999999999997,0.065,52899.00000000004,0.0199511234241542,0.0171565582573625,-218.0787466501752
-0.1999999999999997,0.0675,52942.00000000004,0.0199382691792412,0.0173540265449058,-227.29334157905583
-0.1999999999999997,0.07,52954.00000000004,0.0199400079839273,0.0175549792912351,-236.5079365079365
-0.1999999999999997,0.0725,52976.00000000002,0.0199425817285227,0.0177550129840844,-250.834879406308
-0.1999999999999997,0.075,52966.00000000004,0.0199426406061614,0.0179583060093867,-261.03896103896113
-0.1999999999999997,0.0774999999999999,52975.00000000004,0.0199546640505089,0.018158330382226,-264.93506493506504
-0.1999999999999997,0.0799999999999999,52991.00000000002,0.0199711202870658,0.0183689882702893,-272.72727272727275
-0.1999999999999997,0.0824999999999999,53009.00000000004,0.0199916749841366,0.018571222266473,-280.51948051948057
-0.1999999999999997,0.0849999999999999,53040.00000000004,0.0200197983255204,0.0187794676208392,-288.3116883116884
-0.1999999999999997,0.0875,53033.00000000002,0.0200524708984369,0.0189880244903212,-303.896103896104
-0.1999999999999997,0.09,53063.00000000004,0.0200884951412899,0.0192013054064363,-311.6883116883117
-0.1999999999999997,0.0925,53075.00000000004,0.0201308758924786,0.0194096274495367,-315.58441558441564
-0.1999999999999997,0.095,53099.00000000002,0.0201797732503631,0.0196264512955062,-323.12925170068024
-0.1999999999999997,0.0975,53120.00000000004,0.0202298730954381,0.0198421800869408,-330.4473304473304
-0.1999999999999997,0.1,53156.00000000004,0.0202872954507717,0.020058425197083,-344.6093588950731
-0.0999999999999996,-0.1,53206.00000000005,0.0319430445620119,0.0122102811655343,400.3710575139146
-0.0999999999999996,-0.0975,53194.00000000003,0.0316351120921225,0.0121246661792456,396.5367965367964
-0.0999999999999996,-0.095,53185.00000000002,0.0313383092880613,0.0120405754532724,387.09544423830135
-0.0999999999999996,-0.0925,53178.00000000005,0.0310311813457953,0.0119649825967062,372.93341579055857
-0.0999999999999996,-0.09,53105.00000000003,0.0307334357111868,0.0118929748625363,368.212739641311
-0.0999999999999996,-0.0875,53070.00000000003,0.0304396200857596,0.0118273540036411,358.77138734281584
-0.0999999999999996,-0.085,53055.00000000005,0.0301506534345897,0.0117631588642614,354.05071119356825
-0.0999999999999996,-0.0825,53023.00000000005,0.0298570083919312,0.0117055876706244,344.6093588950731
-0.0999999999999996,-0.08,52973.00000000002,0.0295705452243089,0.0116539535519704,335.168006596578
-0.0999999999999996,-0.0775,52948.00000000005,0.0292887191145408,0.0116062030771552,323.12925170068024
-0.0999999999999996,-0.075,52970.00000000003,0.0290091264213783,0.0115657621405835,319.48051948051955
-0.0999999999999996,-0.0725,52958.00000000002,0.0287296794674447,0.0115273801157592,307.7922077922078
-0.0999999999999996,-0.07,52927.00000000005,0.0284539741546895,0.011491785256239,300.0000000000001
-0.0999999999999996,-0.0675,52864.00000000003,0.0281820375505272,0.0114685304073209,288.3116883116884
-0.0999999999999996,-0.065,52879.00000000005,0.0279156769857351,0.0114452094607942,280.51948051948057
-0.0999999999999996,-0.0625,52876.00000000003,0.0276481027159284,0.0114265111190322,268.83116883116884
-0.0999999999999996,-0.06,52870.00000000003,0.0273876217954621,0.0114171030128669,257.1428571428572
-0.0999999999999996,-0.0575,52870.00000000005,0.0271299291469353,0.0114108848850177,257.1428571428572
-0.0999999999999996,-0.055,52829.00000000003,0.0268756674073693,0.0114099781645305,247.3510616367759
-0.0999999999999996,-0.0525,52833.00000000005,0.0266257256647817,0.0114130187078362,236.5079365079365
-0.0999999999999996,-0.05,52773.00000000003,0.0263783013451185,0.0114227080568341,221.1502782931354
-0.0999999999999996,-0.0475,52767.00000000002,0.0261369687563066,0.0114378605655209,215.00721500721497
-0.0999999999999996,-0.045,52719.00000000005,0.0258994633486566,0.011457185846678,202.72108843537413
-0.0999999999999996,-0.0425,52687.00000000003,0.0256656686609042,0.0114808662096101,196.5780251494537
-0.0999999999999996,-0.04,52615.00000000005,0.0254302941093797,0.0115141876655653,187.36343022057304
-0.0999999999999996,-0.0375,52609.00000000003,0.0252043147970848,0.0115475550671534,184.29189857761284
-0.0999999999999996,-0.035,52588.00000000002,0.0249800432677714,0.0115856221409922,165.86270871985158
-0.0999999999999996,-0.0325,52573.00000000005,0.0247651353865485,0.0116310091067868,161.78107606679038
-0.0999999999999996,-0.03,52571.00000000002,0.0245504154758759,0.0116806108339386,152.79323850752422
-0.0999999999999996,-0.0275,52564.00000000005,0.0243437607786645,0.0117386750813224,143.80540094825813
-0.0999999999999996,-0.025,52506.00000000003,0.0241373079382381,0.0117970021939937,134.81756338899197
-0.0999999999999996,-0.0225,52520.00000000005,0.0239345489752071,0.0118644696602676,125.82972582972582
-0.0999999999999996,-0.02,52500.00000000003,0.0237379099647341,0.0119313671824339,116.84188827045972
-0.0999999999999996,-0.0175,52466.00000000005,0.0235484316944101,0.0120058184741198,107.85405071119357
-0.0999999999999996,-0.015,52504.00000000003,0.0233627119191977,0.0120838602460101,96.61925376211092
-0.0999999999999996,-0.0124999999999999,52428.00000000005,0.0231745532397051,0.012168521444623,87.63141620284478
-0.0999999999999996,-0.01,52404.00000000003,0.0229978230220512,0.0122552130381611,78.2312925170068
-0.0999999999999996,-0.0075,52407.00000000005,0.0228244948210774,0.0123504055340198,69.69696969696973
-0.0999999999999996,-0.005,52356.00000000003,0.022657174929193,0.0124471058666846,56.89548546691405
-0.0999999999999996,-0.0025,52401.00000000005,0.022496450391524,0.0125513524039766,49.7835497835498
-0.0999999999999996,0.0,52397.00000000003,0.0223385450818244,0.0126574044645264,44.09400123685839
-0.0999999999999996,0.0025,52410.00000000005,0.0221853931744077,0.0127693390687177,28.447742733457005
-0.0999999999999996,0.0049999999999999,52424.00000000003,0.0220353495291773,0.0128870984786591,19.91341991341993
-0.0999999999999996,0.0074999999999999,52442.00000000005,0.0218926513373827,0.0130018383088695,8.534322820037104
-0.0999999999999996,0.0099999999999999,52463.00000000003,0.0217472545757338,0.0131275694983654,4.267161410018559
-0.0999999999999996,0.0124999999999999,52493.00000000005,0.0216169296940898,0.013258391984631,-4.267161410018559
-0.0999999999999996,0.015,52489.00000000003,0.0214882259748891,0.0133870897545513,-12.801484230055664
-0.0999999999999996,0.0175,52443.00000000005,0.0213641564828552,0.0135178016037536,-22.758194186765607
-0.0999999999999996,0.0199999999999999,52450.00000000004,0.0212448191239838,0.0136612663995794,-32.714904143475565
-0.0999999999999996,0.0224999999999999,52434.00000000005,0.0211338573227743,0.0138035087135418,-39.82683982683983
-0.0999999999999996,0.0249999999999999,52428.00000000003,0.0210237510589765,0.0139508699841956,-49.7835497835498
-0.0999999999999996,0.0274999999999999,52443.00000000005,0.0209197570129242,0.0141012803126425,-58.317872603586906
-0.0999999999999996,0.03,52436.00000000003,0.0208193321038738,0.0142499310938091,-66.85219542362402
-0.0999999999999996,0.0325,52482.00000000004,0.0207223883534446,0.0144108867274706,-73.96413110698829
-0.0999999999999996,0.035,52487.00000000002,0.0206382433294695,0.0145729329216417,-83.1374974232117
-0.0999999999999996,0.0375,52510.00000000004,0.0205545926301914,0.0147341283591454,-96.6192537621109
-0.0999999999999996,0.04,52520.00000000004,0.0204771305718731,0.0148996361168737,-105.60709132137706
-0.0999999999999996,0.0425,52519.00000000003,0.0204056932468357,0.0150657408372742,-110.1010101010101
-0.0999999999999996,0.0449999999999999,52568.00000000004,0.0203335207892044,0.0152401360714517,-123.5827664399093
-0.0999999999999996,0.0474999999999999,52562.00000000002,0.0202744217317197,0.0154102418740073,-132.57060399917543
-0.0999999999999996,0.0499999999999999,52601.00000000004,0.0202173777579141,0.0155916265790367,-141.55844155844156
-0.0999999999999996,0.0524999999999999,52640.00000000005,0.0201702659294786,0.0157690017986172,-150.5462791177077
-0.0999999999999996,0.0549999999999999,52641.00000000004,0.0201195390972597,0.0159473443607743,-162.21397649969083
-0.0999999999999996,0.0574999999999999,52649.00000000004,0.0200800920867583,0.0161354330245747,-172.005772005772
-0.0999999999999996,0.06,52681.00000000003,0.020042198980117,0.0163208131737864,-184.29189857761284
-0.0999999999999996,0.0625,52702.00000000004,0.0200107177231809,0.0165061877525603,-187.36343022057304
-0.0999999999999996,0.065,52708.00000000004,0.0199813348545484,0.0167013495727183,-202.72108843537416
-0.0999999999999996,0.0675,52754.00000000003,0.0199634861013121,0.0168949614351408,-205.7926200783344
-0.0999999999999996,0.07,52769.00000000004,0.0199473932391559,0.0170875746429374,-221.1502782931354
-0.0999999999999996,0.0725,52796.000000000015,0.0199408410147744,0.0172835900411596,-227.29334157905583
-0.0999999999999996,0.075,52813.00000000004,0.019930535256885,0.0174850213373238,-233.43640486497628
-0.0999999999999996,0.0774999999999999,52823.00000000004,0.0199286007907138,0.017687714112021,-240.38342609771183
-0.0999999999999996,0.0799999999999999,52842.00000000002,0.0199358640782051,0.0178873235705605,-249.3506493506494
-0.0999999999999996,0.0824999999999999,52825.00000000004,0.019943541127137,0.0180943487296288,-257.1428571428572
-0.0999999999999996,0.0849999999999999,52845.00000000004,0.0199564368506107,0.0182995106598905,-272.72727272727275
-0.0999999999999996,0.0875,52855.00000000002,0.019978832903827,0.0185071884836341,-280.51948051948057
-0.0999999999999996,0.09,52887.00000000004,0.0200013415714783,0.0187129837944541,-284.4155844155845
-0.0999999999999996,0.0925,52899.00000000004,0.0200348619870921,0.0189221882224303,-296.1038961038962
-0.0999999999999996,0.095,52907.00000000002,0.0200670915558154,0.019137760543316,-303.896103896104
-0.0999999999999996,0.0975,52913.00000000004,0.0201022346963421,0.0193451996104381,-311.6883116883117
-0.0999999999999996,0.1,52939.00000000004,0.0201454615301238,0.0195616518197032,-327.27272727272737
0.0,-0.1,53151.00000000005,0.0326092244744349,0.0124176962388812,421.4388785817357
0.0,-0.0975,53118.00000000003,0.0323021432462955,0.0123198877999561,415.8936301793445
0.0,-0.095,53108.00000000002,0.0319977232370169,0.012229328681647,405.504019789734
0.0,-0.0925,53069.00000000005,0.0316893169959877,0.0121384083251215,396.5367965367964
0.0,-0.09,53067.00000000005,0.0313929600029381,0.0120571956381924,387.09544423830135
0.0,-0.0875,53040.00000000002,0.0310913517883581,0.0119809555392072,377.65409193980616
0.0,-0.085,53021.00000000005,0.0307887744697341,0.011907794716793,368.212739641311
0.0,-0.0825,52981.00000000003,0.0304986045953371,0.01184040504301,363.4920634920634
0.0,-0.08,52976.00000000002,0.0302091688615816,0.0117727321154089,354.0507111935683
0.0,-0.0775,52947.00000000005,0.0299187617782007,0.0117149153349683,344.6093588950731
0.0,-0.075,52929.00000000003,0.0296341363098491,0.0116611776520952,339.8886827458255
0.0,-0.0725,52900.00000000002,0.0293501970388739,0.0116114259215186,331.74603174603175
0.0,-0.07,52904.00000000005,0.0290688043361006,0.0115692932220236,319.48051948051955
0.0,-0.0675,52879.00000000003,0.0287937040551323,0.0115287359082009,307.7922077922078
0.0,-0.065,52858.00000000005,0.0285225278124444,0.0114954715344821,303.896103896104
0.0,-0.0625,52818.00000000005,0.0282549575050662,0.0114670784430622,288.3116883116884
0.0,-0.06,52813.00000000002,0.0279851800918455,0.0114430300919468,288.3116883116884
0.0,-0.0575,52779.00000000005,0.0277209837082826,0.0114260886118664,276.62337662337666
0.0,-0.055,52801.00000000003,0.0274589929214525,0.0114113559103447,264.93506493506504
0.0,-0.0525,52754.00000000005,0.0272009811627554,0.0114044875475441,257.1428571428572
0.0,-0.05,52728.00000000003,0.0269407286380587,0.0114000097248026,250.834879406308
0.0,-0.0475,52742.00000000002,0.026691917336206,0.0114030460380805,236.5079365079365
0.0,-0.045,52708.00000000005,0.0264409602023879,0.0114096736349594,230.3648732220161
0.0,-0.0425,52670.00000000003,0.0262018088826208,0.0114241691134742,215.00721500721497
0.0,-0.04,52636.00000000005,0.0259594900136892,0.0114419114691952,211.9356833642548
0.0,-0.0375,52608.00000000003,0.0257228396469813,0.0114640916179787,199.64955679241396
0.0,-0.035,52581.00000000002,0.0254859949020315,0.0114966561551647,193.50649350649348
0.0,-0.0325,52525.00000000003,0.0252605809596982,0.0115308046121687,184.29189857761284
0.0,-0.03,52522.00000000003,0.0250326592507978,0.0115658378706011,168.9342403628118
0.0,-0.0275,52488.00000000005,0.0248152362330006,0.011609816118022,170.19171304885597
0.0,-0.025,52528.00000000003,0.0246001372654957,0.0116626611183027,150.54627911770768
0.0,-0.0225,52497.00000000005,0.0243854863381674,0.0117147578976235,141.5584415584416
0.0,-0.02,52460.00000000003,0.0241775908894509,0.0117734245330648,132.57060399917543
0.0,-0.0175,52436.00000000005,0.0239779431931129,0.0118362639837906,123.58276643990928
0.0,-0.015,52449.00000000003,0.0237857645600432,0.0119047968114541,114.59492888064318
0.0,-0.0124999999999999,52414.00000000005,0.0235961468351429,0.0119767154206453,103.36013193156052
0.0,-0.01,52405.00000000003,0.0233986484342397,0.0120568024164674,96.61925376211092
0.0,-0.0075,52364.00000000005,0.0232156762046633,0.0121389462739473,89.87837559266131
0.0,-0.005,52377.00000000003,0.0230366877884229,0.0122285681924136,81.07606679035251
0.0,-0.0025,52354.00000000005,0.0228646263774037,0.012320364644234,66.85219542362402
0.0,0.0,52353.00000000003,0.0226959388158048,0.0124154320703164,58.317872603586906
0.0,0.0025,52357.00000000005,0.0225299472547883,0.0125156588784398,51.205936920222655
0.0,0.0049999999999999,52371.00000000003,0.0223726643117446,0.0126233274180272,41.24922696351268
0.0,0.0074999999999999,52352.00000000005,0.0222111103388543,0.0127323000804389,28.447742733457005
0.0,0.0099999999999999,52357.00000000003,0.0220666510796901,0.0128479544836976,24.18058132343846
0.0,0.0124999999999999,52380.00000000005,0.0219168510106621,0.0129646132088667,14.223871366728517
0.0,0.015,52336.00000000003,0.0217721623549059,0.0130853994282233,8.534322820037119
0.0,0.0175,52373.00000000005,0.0216432670092873,0.0132094470875341,-2.0202020202020208
0.0,0.0199999999999999,52374.00000000003,0.0215092479751014,0.0133403966927644,-9.956709956709958
0.0,0.0224999999999999,52357.00000000005,0.0213862152920189,0.0134725195629378,-18.49103277674708
0.0,0.0249999999999999,52378.00000000003,0.0212632850775441,0.0136179073575727,-27.025355596784166
0.0,0.0274999999999999,52343.00000000005,0.0211506873687652,0.0137569370777621,-41.24922696351268
0.0,0.03,52371.00000000003,0.0210399104387751,0.0139035275771795,-45.51638837353124
0.0,0.0325,52398.00000000004,0.0209373756371802,0.0140519720628444,-54.05071119356836
0.0,0.035,52405.00000000002,0.0208357245805842,0.0142018915271964,-62.585034013605465
0.0,0.0375,52426.00000000004,0.0207405141063548,0.0143611664066404,-72.54174397031544
0.0,0.04,52426.00000000005,0.0206493933775876,0.0145161616189055,-80.72562358276642
0.0,0.0425,52459.00000000003,0.0205657853583675,0.0146788545816469,-96.6192537621109
0.0,0.0449999999999999,52500.00000000004,0.020481506448257,0.0148429170108776,-105.60709132137706
0.0,0.0474999999999999,52479.00000000003,0.020412430160762,0.015011038835482,-114.59492888064318
0.0,0.0499999999999999,52514.00000000004,0.0203416658610071,0.0151797869235564,-123.5827664399093
0.0,0.0524999999999999,52507.00000000004,0.0202797713278981,0.0153517146772325,-130.3236446093589
0.0,0.0549999999999999,52566.00000000004,0.0202273056203646,0.0155280778475015,-139.31148216862502
0.0,0.0574999999999999,52582.00000000004,0.0201709276410072,0.0157092804493955,-148.29931972789117
0.0,0.06,52606.00000000002,0.0201246458054116,0.0158830233631074,-157.2871572871573
0.0,0.0625,52610.00000000004,0.0200779475260087,0.0160678612958652,-167.5324675324676
0.0,0.065,52664.00000000004,0.0200400723911637,0.0162520570534753,-178.14883529169242
0.0,0.0675,52672.00000000003,0.020007142699931,0.0164376139392333,-190.4349618635333
0.0,0.07,52681.00000000004,0.0199775947279771,0.0166311138532362,-193.50649350649348
0.0,0.0725,52716.00000000002,0.0199538885948925,0.0168232200821882,-208.86415172129452
0.0,0.075,52751.00000000004,0.0199387009781765,0.0170176163755207,-211.9356833642548
0.0,0.0774999999999999,52743.00000000004,0.0199253322945438,0.0172107366006861,-221.1502782931354
0.0,0.0799999999999999,52805.00000000002,0.0199162273956808,0.0174080439604808,-230.3648732220161
0.0,0.0824999999999999,52811.00000000004,0.0199146396140246,0.017610047537352,-239.57946815089676
0.0,0.0849999999999999,52844.00000000004,0.0199223454351698,0.0178083098190988,-250.834879406308
0.0,0.0875,52831.00000000002,0.0199260228509103,0.0180139548286361,-257.1428571428572
0.0,0.09,52824.00000000004,0.0199399986806855,0.0182162956179881,-264.93506493506504
0.0,0.0925,52879.00000000004,0.0199627497683615,0.018422683020105,-272.72727272727275
0.0,0.095,52907.00000000002,0.0199847438189588,0.0186295954731915,-288.3116883116884
0.0,0.0975,52918.00000000004,0.0200098571118091,0.0188385142009246,-296.1038961038962
0.0,0.1,52925.00000000004,0.0200449491917413,0.0190512933554153,-303.896103896104
0.1000000000000005,-0.1,53356.00000000005,0.0333772620370813,0.0126549773451988,443.6198721913008
0.1000000000000005,-0.0975,53295.00000000003,0.0330628772525779,0.0125476006049022,438.0746237889096
0.1000000000000005,-0.095,53295.00000000002,0.0327543673741834,0.0124485384172818,426.984126984127
0.1000000000000005,-0.0925,53237.00000000005,0.0324475700123821,0.0123463520954265,421.4388785817357
0.1000000000000005,-0.09,53230.00000000003,0.0321390814740011,0.0122529862665264,410.6369820655534
0.1000000000000005,-0.0875,53206.00000000002,0.0318315791619263,0.0121634601160817,396.5367965367964
0.1000000000000005,-0.085,53188.00000000005,0.031530506283312,0.0120817093899363,391.8161203875489
0.1000000000000005,-0.0825,53165.00000000005,0.0312286998227956,0.0120026215562462,387.0954442383013
0.1000000000000005,-0.08,53129.00000000002,0.0309310643335352,0.0119254543215532,377.65409193980616
0.1000000000000005,-0.0775,53105.00000000005,0.0306370109799546,0.0118546752126939,363.4920634920634
0.1000000000000005,-0.075,53068.00000000003,0.0303463104665312,0.0117899022842172,354.0507111935683
0.1000000000000005,-0.0725,53063.00000000002,0.0300590057793103,0.0117298177095324,349.3300350443207
0.1000000000000005,-0.07,53035.00000000005,0.0297704036297562,0.0116720186320997,339.8886827458255
0.1000000000000005,-0.0675,52989.00000000003,0.0294881544082987,0.0116228762576495,330.4473304473304
0.1000000000000005,-0.065,52957.00000000005,0.0292055317047494,0.0115760484510736,323.37662337662346
0.1000000000000005,-0.0625,52942.00000000005,0.0289262017947355,0.0115387196948227,315.58441558441564
0.1000000000000005,-0.06,52941.00000000002,0.0286512125550734,0.0115043931231922,303.896103896104
0.1000000000000005,-0.0575,52897.00000000005,0.0283781159324828,0.0114710430698279,292.2077922077923
0.1000000000000005,-0.055,52894.00000000003,0.0281048351969712,0.0114496039044861,280.51948051948057
0.1000000000000005,-0.0525,52871.00000000005,0.0278377136655953,0.011428984123489,272.72727272727275
0.1000000000000005,-0.05,52856.00000000003,0.0275807578125719,0.0114138396920652,264.93506493506504
0.1000000000000005,-0.0475,52853.00000000003,0.0273174398543362,0.0114046668912002,261.03896103896113
0.1000000000000005,-0.045,52845.00000000005,0.0270581034494876,0.0113996927487718,249.3506493506494
0.1000000000000005,-0.0425,52830.00000000003,0.026811725000964,0.0114016852589209,236.5079365079365
0.1000000000000005,-0.04,52829.00000000005,0.0265604984668182,0.0114084869471504,233.43640486497628
0.1000000000000005,-0.0375,52804.00000000003,0.0263152183353006,0.0114195211410319,221.1502782931354
0.1000000000000005,-0.035,52781.00000000002,0.0260739686374979,0.0114363920417075,215.00721500721505
0.1000000000000005,-0.0325,52745.00000000003,0.0258402195579224,0.0114575222962277,205.79262007833435
0.1000000000000005,-0.03,52719.00000000002,0.025608730966328,0.0114874997016983,196.5780251494537
0.1000000000000005,-0.0275,52690.00000000005,0.0253783044950537,0.0115189811936763,181.22036693465265
0.1000000000000005,-0.025,52665.00000000003,0.0251511045185865,0.0115540073120782,178.14883529169242
0.1000000000000005,-0.0225,52660.00000000005,0.0249322875494281,0.0115966141952291,162.79117707689136
0.1000000000000005,-0.02,52639.00000000003,0.0247137665255573,0.0116453604268221,159.53411667697384
0.1000000000000005,-0.0175,52617.00000000005,0.0245059958253149,0.0116978583689938,150.54627911770768
0.1000000000000005,-0.015,52625.00000000003,0.0243011336057317,0.0117536920166817,141.5584415584416
0.1000000000000005,-0.0124999999999999,52569.00000000005,0.0240952742548614,0.0118157379818386,132.57060399917543
0.1000000000000005,-0.01,52597.00000000003,0.0238958063532898,0.0118854888168074,121.33580705009275
0.1000000000000005,-0.0075,52517.00000000005,0.0237035113369218,0.0119563092929016,114.59492888064318
0.1000000000000005,-0.005,52538.00000000003,0.0235148619351085,0.0120336901181067,105.60709132137704
0.1000000000000005,-0.0025,52529.00000000005,0.0233327911971479,0.0121159105654457,96.61925376211092
0.1000000000000005,0.0,52503.00000000003,0.0231527203101744,0.0122021708456968,83.1374974232117
0.1000000000000005,0.0025,52491.00000000005,0.0229749488994143,0.0122920518275001,72.54174397031544
0.1000000000000005,0.0049999999999999,52483.00000000003,0.0228013610487644,0.0123887762529804,66.85219542362402
0.1000000000000005,0.0074999999999999,52463.00000000005,0.0226359815840144,0.0124897404253964,58.317872603586906
0.1000000000000005,0.0099999999999999,52480.00000000003,0.0224787629600892,0.0125950521690386,48.36116264687695
0.1000000000000005,0.0124999999999999,52491.00000000005,0.0223179743426645,0.0127031283365432,36.98206555349413
0.1000000000000005,0.015,52471.00000000003,0.0221692746235097,0.0128173833104521,28.44774273345702
0.1000000000000005,0.0175,52468.00000000005,0.0220168211915818,0.0129354414562471,19.9134199134199
0.1000000000000005,0.0199999999999999,52471.00000000003,0.0218737206869725,0.0130547367057952,14.223871366728517
0.1000000000000005,0.0224999999999999,52492.00000000005,0.0217384558538052,0.0131793617097296,4.267161410018559
0.1000000000000005,0.0249999999999999,52500.00000000003,0.0216052182597293,0.0133133103389195,-5.689548546691412
0.1000000000000005,0.0274999999999999,52490.00000000005,0.021477307688264,0.0134457709320939,-14.223871366728517
0.1000000000000005,0.03,52518.00000000002,0.021355155181259,0.0135838813141221,-25.602968460111317
0.1000000000000005,0.0325,52482.00000000005,0.0212405672423052,0.0137229638840771,-34.13729128014842
0.1000000000000005,0.035,52477.00000000002,0.0211282915561642,0.0138671432798396,-39.82683982683983
0.1000000000000005,0.0375,52507.00000000003,0.0210222869487729,0.0140144326753803,-48.36116264687695
0.1000000000000005,0.04,52523.00000000005,0.0209211137592015,0.0141697510045645,-59.74025974025976
0.1000000000000005,0.0425,52540.00000000003,0.0208240519277927,0.0143226365728685,-68.27458256029688
0.1000000000000005,0.0449999999999999,52565.00000000004,0.0207322980068433,0.0144808682367478,-76.80890538033395
0.1000000000000005,0.0474999999999999,52591.00000000002,0.0206439118240876,0.0146434479278595,-87.63141620284478
0.1000000000000005,0.0499999999999999,52607.00000000004,0.0205599952890941,0.0148057813096748,-96.61925376211092
0.1000000000000005,0.0524999999999999,52604.00000000005,0.020485186926412,0.0149734465247593,-105.60709132137704
0.1000000000000005,0.0549999999999999,52633.00000000004,0.0204140009953754,0.0151413205771387,-119.08884766027624
0.1000000000000005,0.0574999999999999,52656.00000000004,0.0203465327684313,0.0153131122821447,-128.07668521954236
0.1000000000000005,0.06,52667.00000000003,0.0202836930524068,0.0154876218376827,-137.0645227788085
0.1000000000000005,0.0625,52710.00000000004,0.0202265703282108,0.0156672649948595,-146.05236033807464
0.1000000000000005,0.065,52721.00000000005,0.0201743955529263,0.0158467125870515,-155.04019789734076
0.1000000000000005,0.0675,52747.00000000003,0.020130223591987,0.0160264836567635,-162.21397649969083
0.1000000000000005,0.07,52764.00000000004,0.0200882375638986,0.0162144078805296,-172.005772005772
0.1000000000000005,0.0725,52768.00000000002,0.0200528251613617,0.0163997470923972,-184.29189857761284
0.1000000000000005,0.075,52819.00000000004,0.0200197925602099,0.0165866137262385,-190.4349618635333
0.1000000000000005,0.0774999999999999,52811.00000000004,0.0199902721949954,0.0167784274936515,-199.6495567924139
0.1000000000000005,0.0799999999999999,52831.00000000002,0.0199699802595799,0.016971894319435,-208.8641517212946
0.1000000000000005,0.0824999999999999,52857.00000000004,0.0199561124387565,0.0171626679442582,-221.1502782931354
0.1000000000000005,0.0849999999999999,52895.00000000004,0.019944068001102,0.0173619994885336,-227.29334157905583
0.1000000000000005,0.0875,52883.00000000002,0.0199385974961865,0.0175644966637453,-239.57946815089676
0.1000000000000005,0.09,52924.00000000004,0.0199400774295596,0.0177658651307108,-243.86724386724387
0.1000000000000005,0.0925,52921.00000000004,0.0199400767258139,0.0179684349984956,-257.1428571428572
0.1000000000000005,0.095,52905.00000000002,0.0199512129367542,0.018170972637502,-264.93506493506504
0.1000000000000005,0.0975,52939.00000000004,0.0199642144484482,0.0183787812997173,-272.72727272727275
0.1000000000000005,0.1,52932.00000000004,0.0199851466080533,0.0185844009594087,-280.51948051948057
0.2000000000000001,-0.1,53381.00000000005,0.0341196302199998,0.0129234627017912,465.8008658008658
0.2000000000000001,-0.0975,53348.00000000003,0.0338027431936149,0.0128066800960371,460.25561739847456
0.2000000000000001,-0.095,53321.00000000002,0.0334800296028874,0.0126968877080361,449.16512059369205
0.2000000000000001,-0.0925,53310.00000000005,0.0331727709397721,0.0125911184656149,443.6198721913008
0.2000000000000001,-0.09,53284.00000000003,0.0328606587482621,0.0124888204485775,432.5293753865183
0.2000000000000001,-0.0875,53206.00000000003,0.0325515790754473,0.0123866309678522,421.4388785817357
0.2000000000000001,-0.085,53212.00000000005,0.0322460726283876,0.0122898507441061,415.8936301793445
0.2000000000000001,-0.0825,53184.00000000004,0.0319412672507222,0.0122024314840877,405.504019789734
0.2000000000000001,-0.08,53172.00000000002,0.0316403275601661,0.0121149341508177,396.5367965367964
0.2000000000000001,-0.0775,53188.00000000005,0.0313416830144937,0.0120333939972041,387.09544423830135
0.2000000000000001,-0.075,53109.00000000003,0.031042591061807,0.011960073100314,382.37476808905376
0.2000000000000001,-0.0725,53084.00000000002,0.0307462471020007,0.011887262880046,368.212739641311
0.2000000000000001,-0.07,53049.00000000005,0.0304523511706533,0.0118240715130004,363.4920634920634
0.2000000000000001,-0.0675,53052.00000000003,0.030164059605419,0.011759924589034,354.0507111935683
0.2000000000000001,-0.065,52996.00000000005,0.0298750471562732,0.011701320296799,344.6093588950731
0.2000000000000001,-0.0625,52958.00000000005,0.0295939639520518,0.0116498882707104,335.1680065965779
0.2000000000000001,-0.06,52949.00000000002,0.0293114260991528,0.0116007595607081,323.12925170068024
0.2000000000000001,-0.0575,52937.00000000005,0.0290295786913144,0.0115627412827319,315.58441558441564
0.2000000000000001,-0.055,52908.00000000003,0.0287533788993152,0.011525356217438,307.7922077922079
0.2000000000000001,-0.0525,52891.00000000005,0.0284856210237761,0.0114903404585791,296.10389610389615
0.2000000000000001,-0.05,52867.00000000005,0.0282159180335516,0.0114685172353838,288.3116883116884
0.2000000000000001,-0.0475,52832.00000000003,0.0279469818257864,0.0114455037119678,280.51948051948057
0.2000000000000001,-0.045,52817.00000000005,0.0276846484124974,0.0114274208770777,268.8311688311689
0.2000000000000001,-0.0425,52827.00000000003,0.0274194825802339,0.0114206690787777,264.93506493506504
0.2000000000000001,-0.04,52755.00000000005,0.0271651280502803,0.0114121093788026,253.2467532467533
0.2000000000000001,-0.0375,52766.00000000003,0.0269146321370753,0.0114114791471921,241.5584415584416
0.2000000000000001,-0.035,52767.00000000002,0.0266715257444547,0.0114131566278324,233.43640486497628
0.2000000000000001,-0.0325,52728.00000000003,0.0264234006671117,0.0114242058192024,230.3648732220161
0.2000000000000001,-0.03,52742.00000000003,0.0261786949097773,0.011442340092673,218.0787466501752
0.2000000000000001,-0.0275,52704.00000000005,0.0259417760858147,0.0114606257076867,208.86415172129452
0.2000000000000001,-0.025,52672.00000000003,0.0257112602915695,0.0114850152735892,196.5780251494537
0.2000000000000001,-0.0225,52665.00000000005,0.0254799829306311,0.0115198189899756,190.4349618635333
0.2000000000000001,-0.02,52610.00000000003,0.0252524553280899,0.0115544638032894,178.14883529169242
0.2000000000000001,-0.0175,52594.00000000005,0.0250344016165742,0.0115927640332051,168.9342403628118
0.2000000000000001,-0.015,52571.00000000003,0.0248144864397457,0.0116412871984689,162.21397649969074
0.2000000000000001,-0.0124999999999999,52599.00000000005,0.0246019187871914,0.0116911063627152,152.79323850752422
0.2000000000000001,-0.01,52572.00000000003,0.0243892404809777,0.0117503415472978,143.80540094825813
0.2000000000000001,-0.0075,52538.00000000005,0.0241883496230883,0.0118098489195347,137.0645227788085
0.2000000000000001,-0.005,52535.00000000003,0.0239880378336239,0.0118782172086977,125.82972582972582
0.2000000000000001,-0.0025,52518.00000000005,0.0237919148320852,0.0119474381331982,119.08884766027624
0.2000000000000001,0.0,52504.00000000003,0.0236020921809979,0.0120223141294772,110.1010101010101
0.2000000000000001,0.0025,52511.00000000005,0.0234162578705882,0.0121029734612441,89.87837559266131
0.2000000000000001,0.0049999999999999,52460.00000000003,0.023228380264246,0.012189439947615,87.63141620284478
0.2000000000000001,0.0074999999999999,52470.00000000005,0.023054517334784,0.0122792996841672,82.56029684601117
0.2000000000000001,0.0099999999999999,52468.00000000003,0.0228818583509286,0.0123734497989089,66.85219542362402
0.2000000000000001,0.0124999999999999,52475.00000000005,0.0227072000692302,0.0124730183237434,56.89548546691405
0.2000000000000001,0.015,52448.00000000003,0.0225494289485949,0.0125785750143158,51.205936920222655
0.2000000000000001,0.0175,52451.00000000005,0.022390702246849,0.0126862439862887,42.671614100185536
0.2000000000000001,0.0199999999999999,52428.00000000003,0.0222402732625081,0.0127987296996246,32.714904143475565
0.2000000000000001,0.0224999999999999,52431.00000000005,0.0220911248735808,0.0129174425739013,25.602968460111317
0.2000000000000001,0.0249999999999999,52440.00000000003,0.0219452472527898,0.0130348595054938,17.068645640074195
0.2000000000000001,0.0274999999999999,52453.00000000005,0.0218066890803244,0.0131594914405251,8.534322820037119
0.2000000000000001,0.03,52472.00000000003,0.021674248434187,0.0132896152040973,-3.030303030303031
0.2000000000000001,0.0325,52432.00000000005,0.0215443127668162,0.0134223200096397,-12.801484230055664
0.2000000000000001,0.035,52457.00000000002,0.021418767026157,0.0135557401306132,-19.9134199134199
0.2000000000000001,0.0375,52461.00000000004,0.0213014992874305,0.0136953175313379,-29.870129870129876
0.2000000000000001,0.04,52449.00000000005,0.0211889244486128,0.0138399737456354,-36.98206555349413
0.2000000000000001,0.0425,52472.00000000003,0.0210789736389977,0.0139890198029992,-45.51638837353124
0.2000000000000001,0.0449999999999999,52486.00000000005,0.0209799379242167,0.0141389259481503,-54.05071119356836
0.2000000000000001,0.0474999999999999,52513.00000000003,0.020877485031663,0.0142886942544011,-64.00742115027832
0.2000000000000001,0.0499999999999999,52533.00000000004,0.0207841624611096,0.0144483639089398,-73.96413110698829
0.2000000000000001,0.0524999999999999,52557.00000000004,0.0206915826586703,0.0146125793988611,-83.1374974232117
0.2000000000000001,0.0549999999999999,52592.00000000003,0.0206077571685413,0.0147726146399421,-92.12533498247784
0.2000000000000001,0.0574999999999999,52620.00000000004,0.0205271169594866,0.0149374309325734,-101.11317254174398
0.2000000000000001,0.06,52635.00000000003,0.0204543505287152,0.0151092238022089,-110.1010101010101
0.2000000000000001,0.0625,52658.00000000004,0.0203871644673512,0.0152796113754202,-119.08884766027626
0.2000000000000001,0.065,52641.00000000004,0.0203232216993103,0.0154519016756962,-128.07668521954236
0.2000000000000001,0.0675,52705.00000000003,0.0202614238693545,0.0156335583388439,-137.0645227788085
0.2000000000000001,0.07,52700.00000000004,0.0202095395181977,0.0158084638022976,-146.05236033807464
0.2000000000000001,0.0725,52744.00000000002,0.0201600809345448,0.0159925035898152,-155.04019789734076
0.2000000000000001,0.075,52746.00000000004,0.0201183064993091,0.0161781171411933,-168.93424036281178
0.2000000000000001,0.0774999999999999,52746.00000000004,0.0200789127382973,0.0163622452407769,-175.0773036487322
0.2000000000000001,0.0799999999999999,52805.00000000002,0.0200444000984692,0.0165463602459431,-187.36343022057304
0.2000000000000001,0.0824999999999999,52801.00000000004,0.0200138383630846,0.0167405564966203,-196.5780251494537
0.2000000000000001,0.0849999999999999,52829.00000000004,0.0199948839162741,0.0169334697360326,-199.64955679241396
0.2000000000000001,0.0875,52867.00000000003,0.0199756692977618,0.0171269580654786,-211.9356833642548
0.2000000000000001,0.09,52873.00000000004,0.0199635798301282,0.0173226570610896,-221.1502782931354
0.2000000000000001,0.0925,52911.00000000004,0.0199530284988355,0.0175213807610232,-230.3648732220161
0.2000000000000001,0.095,52902.000000000015,0.0199487649590332,0.0177203851697919,-239.57946815089676
0.2000000000000001,0.0975,52924.00000000004,0.0199516449577049,0.0179197231556628,-249.3506493506494
0.2000000000000001,0.1,52921.00000000004,0.0199538571288909,0.0181268300954507,-257.1428571428572
0.2999999999999998,-0.1,53394.00000000005,0.0348825616147844,0.0132064272848007,490.4761904761905
0.2999999999999998,-0.0975,53376.00000000003,0.0345633187800856,0.0130853394149397,482.4366110080396
0.2999999999999998,-0.095,53377.00000000002,0.0342455584750342,0.0129647453062727,471.34611420325706
0.2999999999999998,-0.0925,53351.00000000005,0.0339305172761042,0.0128478891127166,465.8008658008658
0.2999999999999998,-0.09,53353.00000000003,0.033607905181098,0.0127354415037263,454.7103689960833
0.2999999999999998,-0.0875,53347.00000000002,0.0332963021130861,0.0126295199270942,449.16512059369205
0.2999999999999998,-0.085,53308.00000000005,0.0329888694855397,0.0125239483874664,438.0746237889096
0.2999999999999998,-0.0825,53265.00000000005,0.0326818187839379,0.0124251100392487,426.984126984127
0.2999999999999998,-0.08,53248.00000000002,0.0323752934536694,0.0123261843860927,421.43887858173576
0.2999999999999998,-0.0775,53217.00000000005,0.0320680424883936,0.0122381157914791,415.8936301793445
0.2999999999999998,-0.075,53192.00000000003,0.0317688247162696,0.0121473062136743,401.257472686044
0.2999999999999998,-0.0725,53183.00000000002,0.031467248670268,0.0120676969816682,391.8161203875489
0.2999999999999998,-0.07,53148.00000000005,0.0311708543564913,0.0119918264395755,387.0954442383013
0.2999999999999998,-0.0675,53118.00000000003,0.0308731149545731,0.0119165053507998,377.65409193980616
0.2999999999999998,-0.065,53105.00000000005,0.0305869646686134,0.0118502968008336,372.93341579055857
0.2999999999999998,-0.0625,53089.00000000005,0.0302969527187032,0.0117856995427666,358.77138734281584
0.2999999999999998,-0.06,53066.00000000003,0.0300080833745115,0.0117287686796907,349.3300350443207
0.2999999999999998,-0.0575,53047.00000000005,0.0297207458556545,0.0116740626950642,339.8886827458255
0.2999999999999998,-0.055,53024.00000000003,0.0294419557613297,0.011625268819662,330.4473304473304
0.2999999999999998,-0.0525,53019.00000000005,0.0291574673222667,0.0115823955599825,323.37662337662346
0.2999999999999998,-0.05,52995.00000000005,0.0288841051462671,0.0115431107434527,311.6883116883118
0.2999999999999998,-0.0475,52967.00000000002,0.028610736126106,0.01151284318376,300.00000000000006
0.2999999999999998,-0.045,52944.00000000005,0.0283398695973927,0.0114819956061648,296.10389610389615
0.2999999999999998,-0.0425,52940.00000000003,0.0280688988276823,0.0114586346690085,288.3116883116884
0.2999999999999998,-0.04,52902.00000000005,0.0278076069196857,0.0114414505527992,276.6233766233767
0.2999999999999998,-0.0375,52858.00000000003,0.0275443305046163,0.0114273097203103,268.8311688311689
0.2999999999999998,-0.035,52863.00000000002,0.0272947437857152,0.0114192954979697,261.0389610389611
0.2999999999999998,-0.0325,52865.00000000003,0.0270430604607958,0.0114179812720803,249.3506493506494
0.2999999999999998,-0.03,52858.00000000002,0.0267947766589539,0.0114207837541281,239.57946815089676
0.2999999999999998,-0.0275,52833.00000000005,0.0265483617209435,0.0114292925743943,227.29334157905583
0.2999999999999998,-0.025,52818.00000000002,0.0263049955867091,0.0114439202768947,221.1502782931354
0.2999999999999998,-0.0225,52815.00000000005,0.0260677452858233,0.0114605443346569,215.00721500721497
0.2999999999999998,-0.02,52781.00000000003,0.0258340471093981,0.0114834334450038,202.72108843537416
0.2999999999999998,-0.0175,52762.00000000005,0.0256042676152322,0.0115156840498223,196.5780251494537
0.2999999999999998,-0.015,52695.00000000003,0.0253816514701921,0.0115488829280442,187.36343022057304
0.2999999999999998,-0.0124999999999999,52717.00000000005,0.0251569839311441,0.01158637217739,175.07730364873223
0.2999999999999998,-0.01,52687.00000000003,0.0249317792249977,0.011628566146489,168.9342403628118
0.2999999999999998,-0.0075,52694.00000000005,0.0247224512630554,0.0116813380980182,159.53411667697384
0.2999999999999998,-0.005,52660.00000000003,0.0245033987614745,0.0117361100212829,148.29931972789117
0.2999999999999998,-0.0025,52645.00000000005,0.024296465397558,0.0117956001396065,143.8054009482581
0.2999999999999998,0.0,52631.00000000003,0.024096866023652,0.0118585643788216,132.57060399917543
0.2999999999999998,0.0025,52600.00000000005,0.0238978516345882,0.011929011499154,123.5827664399093
0.2999999999999998,0.0049999999999999,52596.00000000003,0.0237042092761311,0.0120022046414535,112.34796949082664
0.2999999999999998,0.0074999999999999,52613.00000000005,0.0235122642374646,0.0120819578740383,105.60709132137706
0.2999999999999998,0.0099999999999999,52580.00000000003,0.0233270089287344,0.0121658301940093,92.12533498247784
0.2999999999999998,0.0124999999999999,52541.00000000005,0.0231503677565428,0.0122531172336635,85.38445681302824
0.2999999999999998,0.015,52564.00000000003,0.0229761236795372,0.0123459742157419,73.96413110698826
0.2999999999999998,0.0175,52549.00000000005,0.0228020804799996,0.0124454705301538,65.42980828695117
0.2999999999999998,0.0199999999999999,52543.00000000003,0.022638970215041,0.012546319583927,56.89548546691407
0.2999999999999998,0.0224999999999999,52520.00000000005,0.0224759114840546,0.0126524908401406,48.36116264687695
0.2999999999999998,0.0249999999999999,52517.00000000003,0.0223211691746422,0.0127607611151423,39.82683982683983
0.2999999999999998,0.0274999999999999,52503.00000000005,0.0221683784430752,0.0128760522607601,29.870129870129876
0.2999999999999998,0.03,52525.00000000003,0.0220148432136445,0.0129946618465845,17.068645640074223
0.2999999999999998,0.0325,52522.00000000005,0.0218711594031906,0.0131177571855528,11.379097093382825
0.2999999999999998,0.035,52521.00000000002,0.0217392952353254,0.0132417022211179,2.844774273345706
0.2999999999999998,0.0375,52510.00000000005,0.0216052132350229,0.0133757148436811,-5.689548546691412
0.2999999999999998,0.04,52493.00000000005,0.0214773204044823,0.0135089534034351,-15.64625850340134
0.2999999999999998,0.0425,52514.00000000003,0.0213557137275341,0.0136516584560875,-24.18058132343846
0.2999999999999998,0.0449999999999999,52513.00000000005,0.0212382111625283,0.0137908019945999,-35.55967841682127
0.2999999999999998,0.0474999999999999,52518.00000000002,0.0211268011987991,0.0139365651615483,-42.671614100185536
0.2999999999999998,0.0499999999999999,52544.00000000004,0.0210249409267723,0.0140842026982668,-51.205936920222655
0.2999999999999998,0.0524999999999999,52557.00000000005,0.0209159348500536,0.0142378771681469,-59.74025974025976
0.2999999999999998,0.0549999999999999,52586.00000000003,0.0208214350327541,0.0143955347966695,-68.27458256029688
0.2999999999999998,0.0574999999999999,52596.00000000004,0.0207314292362519,0.0145533637622541,-76.80890538033397
0.2999999999999998,0.06,52620.00000000002,0.0206442215568379,0.0147132984077049,-87.63141620284478
0.2999999999999998,0.0625,52657.00000000004,0.0205617093119323,0.0148811963939656,-96.61925376211092
0.2999999999999998,0.065,52624.00000000005,0.0204853491501334,0.0150474355426511,-105.60709132137704
0.2999999999999998,0.0675,52682.00000000003,0.0204135867151767,0.0152174107594934,-116.84188827045972
0.2999999999999998,0.07,52705.00000000004,0.0203482982573613,0.0153908150261204,-125.82972582972582
0.2999999999999998,0.0725,52719.00000000002,0.0202844941363574,0.0155675316259697,-134.81756338899197
0.2999999999999998,0.075,52731.00000000004,0.020230884755741,0.0157461067461263,-141.5584415584416
0.2999999999999998,0.0774999999999999,52748.00000000004,0.0201752815406556,0.0159211701714349,-155.04019789734076
0.2999999999999998,0.0799999999999999,52764.00000000002,0.0201288283919856,0.0161065892763445,-164.0280354566069
0.2999999999999998,0.0824999999999999,52824.00000000004,0.0200883374884638,0.0162929191833661,-172.005772005772
0.2999999999999998,0.0849999999999999,52791.00000000004,0.0200505399936939,0.0164792304004278,-181.22036693465265
0.2999999999999998,0.0875,52820.00000000002,0.0200163823420644,0.0166703083687732,-187.36343022057304
0.2999999999999998,0.09,52840.00000000004,0.0199859106668942,0.0168635751481432,-196.5780251494537
0.2999999999999998,0.0925,52875.00000000004,0.0199682800859288,0.0170558515361793,-205.79262007833435
0.2999999999999998,0.095,52872.00000000002,0.0199498434704953,0.0172503889086747,-218.0787466501752
0.2999999999999998,0.0975,52904.00000000004,0.0199351930989477,0.0174499107026717,-224.2218099360956
0.2999999999999998,0.1,52906.00000000004,0.0199286767633821,0.0176541140897709,-239.57946815089676
0.4000000000000003,-0.1,53556.00000000005,0.0357074152722134,0.0134960738015693,515.9554730983302
0.4000000000000003,-0.0975,53542.00000000003,0.0353832653420651,0.0133651681022924,503.2158317872604
0.4000000000000003,-0.095,53507.00000000002,0.0350611874470941,0.0132338862527175,490.4761904761905
0.4000000000000003,-0.0925,53482.00000000005,0.0347409116366002,0.0131073386097187,482.4366110080396
0.4000000000000003,-0.09,53478.00000000005,0.0344276551958601,0.0129867617282617,476.8913626056483
0.4000000000000003,-0.0875,53424.00000000002,0.034109293843527,0.0128678572261621,465.8008658008658
0.4000000000000003,-0.085,53413.00000000005,0.0337905778769367,0.012755707864895,460.25561739847456
0.4000000000000003,-0.0825,53391.00000000005,0.0334793463326793,0.012646038302496,449.16512059369205
0.4000000000000003,-0.08,53353.00000000003,0.0331651990080581,0.0125418696237215,438.0746237889096
0.4000000000000003,-0.0775,53334.00000000005,0.0328590766556511,0.0124403254372349,426.984126984127
0.4000000000000003,-0.075,53343.00000000005,0.0325543659753603,0.0123447559210714,426.984126984127
0.4000000000000003,-0.0725,53346.00000000002,0.0322454088880768,0.0122512266555638,415.8936301793445
0.4000000000000003,-0.07,53324.00000000005,0.0319445259291295,0.0121606129744067,405.9781488352916
0.4000000000000003,-0.0675,53275.00000000003,0.0316400681856765,0.0120808610509022,391.8161203875489
0.4000000000000003,-0.065,53254.00000000005,0.0313420636854442,0.0120033847797425,382.37476808905376
0.4000000000000003,-0.0625,53202.00000000004,0.0310447811626638,0.0119274586755107,372.93341579055857
0.4000000000000003,-0.06,53198.00000000002,0.0307506948398949,0.0118602152217921,368.212739641311
0.4000000000000003,-0.0575,53186.00000000005,0.0304653944501241,0.0117958444275616,358.77138734281584
0.4000000000000003,-0.055,53154.00000000003,0.0301773544728774,0.0117349949468131,349.3300350443207
0.4000000000000003,-0.0525,53104.00000000005,0.0298879434322924,0.0116830130985339,339.8886827458255
0.4000000000000003,-0.05,53104.00000000005,0.0296060311603715,0.0116311643121483,330.4473304473304
0.4000000000000003,-0.0475,53092.00000000002,0.0293268621728902,0.0115857539600098,318.8208616780045
0.4000000000000003,-0.045,53104.00000000005,0.0290437135377524,0.0115496144463038,315.5844155844157
0.4000000000000003,-0.0425,53060.00000000003,0.0287697031403256,0.0115157185142438,307.7922077922079
0.4000000000000003,-0.04,53053.00000000005,0.0285009491694458,0.0114805972294247,300.00000000000006
0.4000000000000003,-0.0375,53049.00000000005,0.028229294978956,0.0114595172501917,292.20779220779224
0.4000000000000003,-0.035,53021.00000000002,0.0279607611794766,0.0114396300240374,280.51948051948057
0.4000000000000003,-0.0325,52994.00000000003,0.0277057426269966,0.0114235769820955,268.8311688311689
0.4000000000000003,-0.03,53016.00000000002,0.0274413468422497,0.0114165976124365,261.0389610389611
0.4000000000000003,-0.0275,52987.00000000005,0.0271880498630531,0.0114106682427915,253.2467532467533
0.4000000000000003,-0.025,52944.00000000003,0.02693656815856,0.0114146168927996,247.3510616367759
0.4000000000000003,-0.0225,52937.00000000005,0.0266851517709412,0.0114227738102919,236.5079365079365
0.4000000000000003,-0.02,52911.00000000003,0.026442293129297,0.0114335712307297,227.29334157905583
0.4000000000000003,-0.0175,52875.00000000005,0.0262026453299926,0.0114496210165682,218.0787466501752
0.4000000000000003,-0.015,52874.00000000003,0.025965017317143,0.0114708911994558,208.86415172129455
0.4000000000000003,-0.0124999999999999,52846.00000000005,0.0257354473323089,0.0114990469838724,199.64955679241396
0.4000000000000003,-0.01,52800.00000000003,0.0255008619726584,0.0115328347751831,187.36343022057304
0.4000000000000003,-0.0075,52753.00000000005,0.0252727727005517,0.0115709710340609,181.22036693465265
0.4000000000000003,-0.005,52745.00000000003,0.0250522248263635,0.0116138749652763,168.93424036281178
0.4000000000000003,-0.0025,52792.00000000005,0.0248360306835796,0.0116626212451808,162.21397649969072
0.4000000000000003,0.0,52738.00000000003,0.0246206418147145,0.0117148648327879,155.04019789734076
0.4000000000000003,0.0025,52738.00000000005,0.0244076904418448,0.0117724133917286,139.31148216862505
0.4000000000000003,0.0049999999999999,52689.00000000003,0.0242047175342921,0.0118360149707773,130.3236446093589
0.4000000000000003,0.0074999999999999,52694.00000000005,0.0240019926987743,0.0119059861380497,125.82972582972585
0.4000000000000003,0.0099999999999999,52680.00000000003,0.0238089819909817,0.0119763189055025,116.84188827045972
0.4000000000000003,0.0124999999999999,52704.00000000005,0.0236197209573719,0.0120524317370818,110.1010101010101
0.4000000000000003,0.015,52679.00000000003,0.0234354354546914,0.0121364217492651,96.61925376211092
0.4000000000000003,0.0175,52651.00000000005,0.0232489775290259,0.0122224896091924,87.63141620284478
0.4000000000000003,0.0199999999999999,52670.00000000003,0.0230708683701412,0.0123135486476487,75.22160379303239
0.4000000000000003,0.0224999999999999,52617.00000000005,0.022895671921584,0.0124104271613574,68.27458256029688
0.4000000000000003,0.0249999999999999,52618.00000000003,0.0227274820218746,0.0125119331800413,59.74025974025976
0.4000000000000003,0.0274999999999999,52635.00000000005,0.0225625872011059,0.0126191658123033,51.205936920222655
0.4000000000000003,0.03,52605.00000000002,0.022402428042353,0.0127264409471515,42.671614100185536
0.4000000000000003,0.0325,52594.00000000003,0.0222484167780352,0.012841281422327,34.13729128014842
0.4000000000000003,0.035,52607.00000000002,0.0220918980313783,0.0129601253322172,24.18058132343846
0.4000000000000003,0.0375,52583.00000000003,0.0219490039198742,0.0130797256362526,15.64625850340134
0.4000000000000003,0.04,52605.00000000005,0.0218091508795128,0.0132046196354564,5.689548546691412
0.4000000000000003,0.0425,52596.00000000003,0.0216725069370286,0.0133390074628687,-3.030303030303031
0.4000000000000003,0.0449999999999999,52581.00000000005,0.0215404259432711,0.0134712511545548,-11.379097093382825
0.4000000000000003,0.0474999999999999,52600.00000000002,0.0214158283095589,0.0136083075387817,-19.9134199134199
0.4000000000000003,0.0499999999999999,52612.00000000005,0.0212944165943577,0.0137485590095311,-29.870129870129876
0.4000000000000003,0.0524999999999999,52606.00000000005,0.0211761112513973,0.0138953406554515,-38.40445269016698
0.4000000000000003,0.0549999999999999,52600.00000000003,0.0210670256309253,0.0140443364114936,-48.36116264687695
0.4000000000000003,0.0574999999999999,52632.00000000004,0.0209601211484122,0.0141971385166982,-56.89548546691407
0.4000000000000003,0.06,52649.00000000002,0.0208545971320327,0.0143497770135848,-65.42980828695117
0.4000000000000003,0.0625,52674.00000000004,0.0207599492139621,0.0145083008476892,-73.96413110698826
0.4000000000000003,0.065,52672.00000000005,0.0206665262634958,0.014671954927101,-82.56029684601117
0.4000000000000003,0.0675,52696.00000000003,0.0205780768522119,0.0148359730865014,-92.12533498247784
0.4000000000000003,0.07,52704.00000000004,0.0205049682398797,0.0150003210293379,-101.11317254174398
0.4000000000000003,0.0725,52741.00000000002,0.020425430771162,0.0151696881902899,-110.1010101010101
0.4000000000000003,0.075,52751.00000000004,0.0203556532356884,0.0153445965354586,-119.08884766027624
0.4000000000000003,0.0774999999999999,52739.00000000004,0.0202892012706551,0.0155167626775859,-128.07668521954236
0.4000000000000003,0.0799999999999999,52764.00000000002,0.020226687717652,0.0156947957927352,-137.0645227788085
0.4000000000000003,0.0824999999999999,52764.00000000003,0.0201711883917992,0.0158728157028278,-146.05236033807464
0.4000000000000003,0.0849999999999999,52820.00000000004,0.0201237652883755,0.0160555338014264,-155.04019789734076
0.4000000000000003,0.0875,52837.00000000002,0.0200774712315188,0.0162438810338019,-165.86270871985158
0.4000000000000003,0.09,52865.00000000004,0.0200397862732954,0.0164307909357711,-175.07730364873223
0.4000000000000003,0.0925,52852.00000000004,0.019999896622344,0.0166177318625403,-184.29189857761284
0.4000000000000003,0.095,52871.00000000002,0.0199675993355349,0.0168120515638039,-190.4349618635333
0.4000000000000003,0.0975,52912.00000000004,0.019945640419883,0.0170085134186408,-202.72108843537416
0.4000000000000003,0.1,52909.00000000004,0.0199215036874791,0.0172021960082644,-211.9356833642548
0.5,-0.1,53719.00000000005,0.0365409500938136,0.0137951183848506,528.6951144094
0.5,-0.0975,53671.00000000003,0.0362116360609439,0.01365468345309,522.3252937538653
0.5,-0.095,53618.00000000002,0.0358824497412591,0.0135173769232876,515.9554730983302
0.5,-0.0925,53648.00000000005,0.0355541279381083,0.0133858388416174,503.2158317872604
0.5,-0.09,53612.00000000003,0.0352333605556696,0.0132539304165163,496.8460111317255
0.5,-0.0875,53586.00000000002,0.0349112377888737,0.0131268645903243,488.5178313749742
0.5,-0.085,53571.00000000005,0.0345942734864223,0.0130092319246784,482.4366110080396
0.5,-0.0825,53518.00000000004,0.0342769052187525,0.0128868601449361,471.34611420325706
0.5,-0.08,53529.00000000002,0.0339558865589561,0.0127741118034741,460.25561739847456
0.5,-0.0775,53461.00000000005,0.0336382522878433,0.0126639307840355,449.16512059369205
0.5,-0.075,53441.00000000003,0.0333291533947408,0.0125581396975797,449.16512059369205
0.5,-0.0725,53420.00000000002,0.0330136892050349,0.0124569256386983,438.0746237889096
0.5,-0.07,53407.00000000005,0.0327134377392064,0.0123567906637214,426.984126984127
0.5,-0.0675,53404.00000000003,0.0324031805567131,0.0122656889749513,421.43887858173576
0.5,-0.065,53384.00000000005,0.0321013485531455,0.0121759306364863,410.6369820655535
0.5,-0.0625,53373.00000000005,0.0317951450527937,0.012092631110097,401.257472686044
0.5,-0.06,53309.00000000002,0.0314969775633608,0.0120104950890676,391.8161203875489
0.5,-0.0575,53297.00000000005,0.0311926552010804,0.0119375498701232,382.37476808905376
0.5,-0.055,53270.00000000003,0.0308947442719287,0.0118667141310298,372.93341579055857
0.5,-0.0525,53251.00000000005,0.0306037597329169,0.0117996709602423,368.212739641311
0.5,-0.05,53245.00000000004,0.0303129902039143,0.0117415941868816,358.77138734281584
0.5,-0.0475,53225.00000000002,0.0300255038635284,0.0116865182498155,349.3300350443207
0.5,-0.045,53202.00000000005,0.0297404182418657,0.0116344325117862,339.8886827458255
0.5,-0.0425,53155.00000000003,0.0294553365769647,0.0115886163270154,327.437641723356
0.5,-0.04,53125.00000000005,0.029169140328877,0.011547496593102,315.58441558441564
0.5,-0.0375,53135.00000000005,0.0288920029652306,0.0115127900461086,307.7922077922079
0.5,-0.035,53115.00000000002,0.0286207348457003,0.0114829858887028,300.00000000000006
0.5,-0.0325,53102.00000000005,0.0283472787292892,0.0114599535842959,288.3116883116884
0.5,-0.03,53079.00000000002,0.0280769620436851,0.0114372332939078,284.4155844155845
0.5,-0.0275,53077.00000000003,0.0278175873669771,0.0114232980909738,276.6233766233767
0.5,-0.025,53024.00000000003,0.0275479694060967,0.0114164480693452,264.935064935065
0.5,-0.0225,53008.00000000005,0.0272940816936735,0.0114092472728105,257.1428571428572
0.5,-0.02,53038.00000000003,0.0270414186772528,0.0114088579294397,243.86724386724387
0.5,-0.0175,52988.00000000005,0.0267933872652369,0.0114141831134085,233.43640486497628
0.5,-0.015,52998.00000000003,0.0265436322760716,0.0114282668306361,227.29334157905583
0.5,-0.0124999999999999,52945.00000000005,0.0263029517805364,0.0114402815124177,218.0787466501752
0.5,-0.01,52942.00000000003,0.0260654695230473,0.0114625145108281,215.00721500721497
0.5,-0.0075,52923.00000000005,0.0258293883809307,0.0114899314047604,199.64955679241396
0.5,-0.005,52887.00000000003,0.0255946020405878,0.0115213183319161,193.50649350649348
0.5,-0.0025,52852.00000000005,0.0253684702028943,0.01155818534182,184.29189857761284
0.5,0.0,52864.00000000003,0.0251395040681788,0.0116006497054274,175.07730364873223
0.5,0.0025,52862.00000000005,0.0249203204762061,0.0116449501255154,162.21397649969074
0.5,0.0049999999999999,52825.00000000003,0.0247076238187341,0.0116975354195203,152.79323850752422
0.5,0.0074999999999999,52833.00000000005,0.0244997450053379,0.0117586527577501,148.29931972789117
0.5,0.0099999999999999,52801.00000000003,0.0242943927532346,0.0118176757350164,134.81756338899197
0.5,0.0124999999999999,52828.00000000005,0.0240922591238167,0.0118861241517206,132.57060399917543
0.5,0.015,52795.00000000003,0.023897073789093,0.0119549698845849,119.08884766027624
0.5,0.0175,52776.00000000005,0.0237001678452353,0.0120329081973127,112.3479694908266
0.5,0.0199999999999999,52762.00000000003,0.0235066576065958,0.0121150029952063,98.86621315192744
0.5,0.0224999999999999,52772.00000000005,0.023325583157897,0.0122004233416321,85.38445681302824
0.5,0.0249999999999999,52754.00000000003,0.0231441791986355,0.0122933425028645,80.72562358276647
0.5,0.0274999999999999,52723.00000000005,0.0229657048249852,0.0123880295755152,72.54174397031541
0.5,0.03,52717.00000000003,0.0227934899211733,0.0124863456473453,62.585034013605465
0.5,0.0325,52725.00000000003,0.0226322861920782,0.0125942698149022,54.05071119356836
0.5,0.035,52719.00000000002,0.0224702073265911,0.0127027219388701,45.51638837353124
0.5,0.0375,52726.00000000003,0.0223132654540627,0.0128135144921031,36.98206555349413
0.5,0.04,52711.00000000005,0.0221605969307757,0.0129323093548236,27.025355596784166
0.5,0.0425,52692.00000000003,0.0220084244203443,0.0130525119977232,15.646258503401356
0.5,0.0449999999999999,52680.00000000005,0.0218646097194677,0.013177652603171,9.956709956709972
0.5,0.0474999999999999,52673.00000000002,0.0217273038652388,0.0133073384607096,0.0
0.5,0.0499999999999999,52681.00000000005,0.0215900915946631,0.01344113225111,-8.534322820037119
0.5,0.0524999999999999,52682.00000000005,0.021459141742804,0.0135769931982303,-17.068645640074195
0.5,0.0549999999999999,52670.00000000003,0.0213368795824108,0.0137210634837561,-27.025355596784166
0.5,0.0574999999999999,52669.00000000005,0.0212181186528237,0.0138637773733326,-35.55967841682127
0.5,0.06,52735.00000000002,0.0211045188620687,0.0140142880193855,-44.09400123685839
0.5,0.0625,52719.00000000004,0.0210002637378695,0.0141647402670775,-52.62832405689551
0.5,0.065,52779.00000000005,0.0208912029132597,0.0143181803588672,-62.585034013605465
0.5,0.0675,52763.00000000003,0.0207963626226025,0.0144787418224054,-71.11935683364258
0.5,0.07,52737.00000000004,0.0206983894092951,0.0146388763708096,-82.56029684601117
0.5,0.0725,52781.00000000002,0.0206111065397013,0.0148008110125405,-87.63141620284478
0.5,0.075,52804.00000000004,0.0205255919750706,0.0149677269412641,-96.61925376211092
0.5,0.0774999999999999,52835.00000000004,0.0204440207029514,0.0151389216652535,-105.60709132137704
0.5,0.0799999999999999,52853.00000000002,0.0203723004175742,0.0153093736031908,-114.59492888064318
0.5,0.0824999999999999,52847.00000000004,0.0202994179147378,0.0154839584016685,-123.5827664399093
0.5,0.0849999999999999,52881.00000000004,0.0202321112118199,0.0156656537168112,-132.57060399917543
0.5,0.0875,52885.00000000002,0.0201746726998521,0.0158457145969081,-141.5584415584416
0.5,0.09,52915.00000000004,0.0201184068641333,0.0160267815629927,-150.54627911770768
0.5,0.0925,52944.00000000004,0.0200689102396701,0.0162149752439612,-162.21397649969074
0.5,0.095,52960.00000000002,0.020026616382306,0.0164023105239966,-172.005772005772
0.5,0.0975,52975.00000000004,0.0199838240309193,0.0165896536694878,-181.22036693465265
0.5,0.1,52973.00000000004,0.0199504755933494,0.0167833243350115,-187.36343022057304
0.6000000000000005,-0.1,53772.00000000005,0.0372881218471771,0.0141121087941014,554.1743970315399
0.6000000000000005,-0.0975,53719.00000000003,0.0369641645402467,0.0139658818508959,541.4347557204701
0.6000000000000005,-0.095,53725.00000000002,0.0366386839963884,0.0138210423858697,535.0649350649351
0.6000000000000005,-0.0925,53684.00000000005,0.0363072762332019,0.0136781249112373,528.6951144094
0.6000000000000005,-0.09,53651.00000000003,0.0359830430841385,0.0135424315452575,515.9554730983302
0.6000000000000005,-0.0875,53620.00000000002,0.0356540341282532,0.013407576764474,509.5856524427953
0.6000000000000005,-0.085,53604.00000000005,0.035334863575827,0.0132763143711767,503.2158317872604
0.6000000000000005,-0.0825,53585.00000000003,0.0350081401156241,0.0131493846197339,490.4761904761905
0.6000000000000005,-0.08,53532.00000000002,0.0346915973911099,0.0130276290473295,482.4366110080396
0.6000000000000005,-0.0775,53511.00000000005,0.034373954158719,0.0129048291767679,471.34611420325706
0.6000000000000005,-0.075,53513.00000000003,0.0340542215466599,0.0127932531330093,460.25561739847456
0.6000000000000005,-0.0725,53465.00000000002,0.0337347330199745,0.0126802177037887,454.7103689960833
0.6000000000000005,-0.07,53412.00000000005,0.0334269537918713,0.0125743705219052,449.16512059369205
0.6000000000000005,-0.0675,53395.00000000003,0.0331115869407701,0.0124689162367349,438.0746237889096
0.6000000000000005,-0.065,53363.00000000005,0.0328000616466132,0.0123700923568634,426.984126984127
0.6000000000000005,-0.0625,53346.00000000005,0.0324996687015737,0.0122756853120979,415.8936301793445
0.6000000000000005,-0.06,53350.00000000002,0.0321953773555323,0.0121860924368993,404.803133374562
0.6000000000000005,-0.0575,53297.00000000005,0.0318897601512644,0.012100569629444,405.9781488352916
0.6000000000000005,-0.055,53284.00000000003,0.0315878015585945,0.0120192112621997,396.5367965367965
0.6000000000000005,-0.0525,53275.00000000005,0.031290061228806,0.0119450537882584,382.37476808905376
0.6000000000000005,-0.05,53262.00000000005,0.0309863352297639,0.0118717461679672,372.93341579055857
0.6000000000000005,-0.0475,53223.00000000003,0.0306989472002503,0.011804520572449,363.4920634920634
0.6000000000000005,-0.045,53209.00000000005,0.0304093427343345,0.0117437661901132,354.0507111935683
0.6000000000000005,-0.0425,53202.00000000003,0.0301156126779084,0.0116860810124931,344.6093588950731
0.6000000000000005,-0.04,53183.00000000005,0.0298277850191831,0.0116370863341531,339.8886827458255
0.6000000000000005,-0.0375,53176.00000000005,0.0295528315164028,0.0115874798771724,325.72665429808285
0.6000000000000005,-0.035,53117.00000000002,0.0292630105467307,0.0115451703931623,319.48051948051955
0.6000000000000005,-0.0325,53101.00000000005,0.0289875558150214,0.0115088330157851,315.5844155844157
0.6000000000000005,-0.03,53074.00000000003,0.0287131317192604,0.011478922507713,300.00000000000006
0.6000000000000005,-0.0275,53043.00000000005,0.0284420520463807,0.0114496646446615,296.10389610389615
0.6000000000000005,-0.025,53024.00000000003,0.0281690671933652,0.0114304250679978,284.4155844155845
0.6000000000000005,-0.0225,53031.00000000005,0.0279055893526979,0.0114136619677954,272.7272727272728
0.6000000000000005,-0.02,53024.00000000003,0.0276412129634951,0.0114024813370617,264.935064935065
0.6000000000000005,-0.0175,53025.00000000005,0.0273851997389471,0.0113951412846532,257.1428571428572
0.6000000000000005,-0.015,52978.00000000003,0.0271315460404106,0.0113930453652482,249.3506493506494
0.6000000000000005,-0.0124999999999999,52979.00000000005,0.0268826318703223,0.0113993422716267,240.38342609771183
0.6000000000000005,-0.01,52951.00000000003,0.0266323567921082,0.0114084057633226,227.29334157905583
0.6000000000000005,-0.0075,52900.00000000005,0.0263894010059657,0.0114211638949051,221.1502782931354
0.6000000000000005,-0.005,52904.00000000003,0.0261467486963261,0.0114410492216763,211.9356833642548
0.6000000000000005,-0.0025,52879.00000000005,0.0259074982644229,0.0114643518579354,205.79262007833435
0.6000000000000005,0.0,52852.00000000003,0.0256749839881987,0.0114970678443786,193.50649350649348
0.6000000000000005,0.0025,52846.00000000005,0.0254483288396627,0.0115333011738508,184.29189857761284
0.6000000000000005,0.0049999999999999,52804.00000000003,0.0252185698244622,0.0115706498506703,181.22036693465265
0.6000000000000005,0.0074999999999999,52819.00000000005,0.0250052744819955,0.01161343695111,170.19171304885586
0.6000000000000005,0.0099999999999999,52798.00000000003,0.0247865314628356,0.0116685996477933,156.89548546691398
0.6000000000000005,0.0124999999999999,52799.00000000005,0.0245687735926023,0.0117225979752455,152.79323850752425
0.6000000000000005,0.015,52806.00000000003,0.0243614540086788,0.0117847021279155,141.55844155844156
0.6000000000000005,0.0175,52825.00000000005,0.0241560531133185,0.0118493643368022,130.3236446093589
0.6000000000000005,0.0199999999999999,52812.00000000003,0.023953272469581,0.0119204810288138,123.5827664399093
0.6000000000000005,0.0224999999999999,52761.00000000005,0.0237614955196894,0.0119923104896402,114.59492888064317
0.6000000000000005,0.0249999999999999,52743.00000000002,0.0235644245764999,0.012074946844883,103.36013193156052
0.6000000000000005,0.0274999999999999,52742.00000000005,0.02338712584321,0.0121597783439569,94.3722943722944
0.6000000000000005,0.03,52733.00000000002,0.0231995612658371,0.0122460916002231,84.39497010925587
0.6000000000000005,0.0325,52737.00000000005,0.0230230890521161,0.0123389964919503,75.38651824366111
0.6000000000000005,0.035,52710.00000000002,0.0228450111712281,0.0124378403289976,66.85219542362402
0.6000000000000005,0.0375,52722.00000000003,0.0226801328128984,0.0125392153249871,58.31787260358692
0.6000000000000005,0.04,52729.00000000005,0.0225161682347299,0.0126480937468029,48.36116264687695
0.6000000000000005,0.0425,52704.00000000003,0.0223573390703491,0.0127600665297133,39.82683982683983
0.6000000000000005,0.0449999999999999,52705.00000000005,0.0221997085625086,0.0128749795035628,27.025355596784166
0.6000000000000005,0.0474999999999999,52682.00000000003,0.022045697511395,0.012994953382498,21.335807050092757
0.6000000000000005,0.0499999999999999,52670.00000000003,0.0219010066523768,0.0131177478437248,12.801484230055678
0.6000000000000005,0.0524999999999999,52694.00000000005,0.021760937449488,0.0132408009875868,4.0404040404040416
0.6000000000000005,0.0549999999999999,52668.00000000003,0.0216237349890529,0.0133792721062301,-5.689548546691412
0.6000000000000005,0.0574999999999999,52662.00000000005,0.0214889763211122,0.0135130142752474,-14.223871366728517
0.6000000000000005,0.06,52689.00000000003,0.0213621093792602,0.0136553239094166,-22.758194186765607
0.6000000000000005,0.0625,52678.00000000005,0.0212397342746403,0.0137937631498625,-32.71490414347558
0.6000000000000005,0.065,52706.00000000005,0.0211239831635576,0.0139423639436978,-44.09400123685839
0.6000000000000005,0.0675,52686.00000000003,0.0210159648257979,0.0140905725588366,-49.7835497835498
0.6000000000000005,0.07,52687.00000000004,0.0209063042343994,0.0142462933227927,-58.31787260358692
0.6000000000000005,0.0725,52717.00000000002,0.0208074066957078,0.0144035518216219,-68.27458256029688
0.6000000000000005,0.075,52730.00000000004,0.0207115969560465,0.0145635798991679,-77.05627705627708
0.6000000000000005,0.0774999999999999,52702.00000000004,0.0206180378100799,0.0147256131698671,-87.63141620284478
0.6000000000000005,0.0799999999999999,52761.00000000002,0.020529272007429,0.0148931689769237,-98.86621315192748
0.6000000000000005,0.0824999999999999,52762.00000000003,0.0204474213162954,0.0150639791212569,-103.36013193156052
0.6000000000000005,0.0849999999999999,52778.00000000004,0.0203714022537473,0.0152324773258177,-112.34796949082664
0.6000000000000005,0.0875,52786.00000000002,0.0203039275962543,0.0154077577264039,-123.5827664399093
0.6000000000000005,0.09,52802.00000000004,0.0202351247312071,0.0155839939837017,-134.81756338899197
0.6000000000000005,0.0925,52851.00000000004,0.020174891559769,0.0157646953168676,-143.8054009482581
0.6000000000000005,0.095,52854.00000000002,0.0201145490436808,0.0159449585489538,-152.79323850752422
0.6000000000000005,0.0975,52917.00000000003,0.0200670517980365,0.0161253881129735,-156.89548546691398
0.6000000000000005,0.1,52886.00000000004,0.020023455783499,0.0163145499034244,-168.93424036281178
0.7000000000000002,-0.1,53856.00000000005,0.0380488442711099,0.0144627303281778,575.5514326942898
0.7000000000000002,-0.0975,53828.00000000005,0.037718692736105,0.0143118024222636,566.9140383426097
0.7000000000000002,-0.095,53785.00000000002,0.0373840689704928,0.0141553459568641,554.1743970315399
0.7000000000000002,-0.0925,53759.00000000005,0.0370525049458511,0.0140118269181783,547.804576376005
0.7000000000000002,-0.09,53725.00000000003,0.0367269095372684,0.0138649458533498,541.4347557204701
0.7000000000000002,-0.0875,53719.00000000002,0.0364020966471153,0.0137207563086072,528.6951144094
0.7000000000000002,-0.085,53659.00000000005,0.0360671205613488,0.013584129174681,515.9554730983302
0.7000000000000002,-0.0825,53649.00000000003,0.035754396568484,0.0134487671691709,515.9554730983302
0.7000000000000002,-0.08,53612.00000000002,0.0354236336769134,0.0133184748444039,503.2158317872604
0.7000000000000002,-0.0775,53584.00000000005,0.0351057899044359,0.0131878446197252,490.4761904761905
0.7000000000000002,-0.075,53553.00000000003,0.0347830953298235,0.0130629913773385,482.4366110080396
0.7000000000000002,-0.0725,53547.00000000002,0.0344672385802222,0.0129432089040842,476.89136260564834
0.7000000000000002,-0.07,53501.00000000005,0.0341446368869783,0.0128244245634651,471.34611420325706
0.7000000000000002,-0.0675,53493.00000000003,0.0338306300693833,0.0127141197713007,460.25561739847456
0.7000000000000002,-0.065,53455.00000000005,0.0335183339818896,0.0126043412363796,449.16512059369205
0.7000000000000002,-0.0625,53422.00000000005,0.0332043269451093,0.0124989367268759,438.0746237889096
0.7000000000000002,-0.06,53386.00000000003,0.0329002079103068,0.0123966368411895,432.5293753865183
0.7000000000000002,-0.0575,53383.00000000005,0.0325883113595063,0.0123012370836447,421.43887858173576
0.7000000000000002,-0.055,53373.00000000003,0.0322806066070221,0.0122094692670149,415.8936301793445
0.7000000000000002,-0.0525,53332.00000000005,0.031980976607967,0.0121233405990282,410.6369820655535
0.7000000000000002,-0.05,53322.00000000005,0.0316772108833818,0.0120438528305616,396.5367965367965
0.7000000000000002,-0.0475,53293.00000000002,0.0313850051384973,0.0119632299643495,387.0954442383013
0.7000000000000002,-0.045,53290.00000000005,0.031089983771938,0.0118910981568609,382.3747680890537
0.7000000000000002,-0.0425,53281.00000000003,0.0307952785910165,0.0118242854005331,372.93341579055857
0.7000000000000002,-0.04,53252.00000000005,0.0305054602941477,0.0117597269173358,363.4920634920634
0.7000000000000002,-0.0375,53230.00000000004,0.0302147392818025,0.0117010371729964,349.3300350443207
0.7000000000000002,-0.035,53232.00000000002,0.0299250003039327,0.0116506924822298,344.6093588950731
0.7000000000000002,-0.0325,53165.00000000005,0.0296420875271635,0.0116019667396237,339.8886827458255
0.7000000000000002,-0.03,53138.00000000002,0.0293611199113507,0.0115570711423493,327.437641723356
0.7000000000000002,-0.0275,53098.00000000005,0.0290849305570462,0.0115214568298955,315.58441558441564
0.7000000000000002,-0.025,53077.00000000003,0.0288035861147981,0.0114878407909827,307.7922077922079
0.7000000000000002,-0.0225,53090.00000000005,0.0285342244635125,0.0114569119168946,300.00000000000006
0.7000000000000002,-0.02,53048.00000000003,0.0282633283199091,0.0114357564414055,288.3116883116884
0.7000000000000002,-0.0175,53050.00000000005,0.027998490881531,0.0114148693163981,284.4155844155845
0.7000000000000002,-0.015,53018.00000000003,0.0277353574064312,0.011401789710607,272.7272727272728
0.7000000000000002,-0.0124999999999999,53017.00000000005,0.0274742941462888,0.011396600642282,264.935064935065
0.7000000000000002,-0.01,52994.00000000003,0.0272232028572117,0.011391140246998,257.1428571428572
0.7000000000000002,-0.0075,52970.00000000005,0.02696764739718,0.0113963008677389,250.834879406308
0.7000000000000002,-0.005,52946.00000000003,0.0267216308583765,0.0114035698188914,236.5079365079365
0.7000000000000002,-0.0025,52932.00000000005,0.0264719642919044,0.0114199258900908,230.3648732220161
0.7000000000000002,0.0,52912.00000000003,0.0262353983108197,0.0114338610744757,215.00721500721505
0.7000000000000002,0.0025,52904.00000000005,0.0260002060874859,0.0114560641320369,205.79262007833435
0.7000000000000002,0.0049999999999999,52852.00000000003,0.0257664134001439,0.0114875502850081,196.5780251494537
0.7000000000000002,0.0074999999999999,52856.00000000005,0.0255360094736851,0.0115200980706605,190.4349618635333
0.7000000000000002,0.0099999999999999,52818.00000000003,0.0253112897040255,0.0115603051183236,178.14883529169242
0.7000000000000002,0.0124999999999999,52795.00000000005,0.0250919398856062,0.0116033786990127,172.005772005772
0.7000000000000002,0.015,52825.00000000003,0.0248782826214038,0.0116508554409096,164.8732220160791
0.7000000000000002,0.0175,52812.00000000005,0.0246611446161411,0.0117035215394026,152.79323850752422
0.7000000000000002,0.0199999999999999,52799.00000000003,0.0244566739355357,0.0117655854131016,143.8054009482581
0.7000000000000002,0.0224999999999999,52789.00000000005,0.0242490524928658,0.0118302592209606,134.81756338899197
0.7000000000000002,0.0249999999999999,52779.00000000003,0.0240432347912204,0.0118999298257728,128.07668521954238
0.7000000000000002,0.0274999999999999,52768.00000000005,0.0238557494143453,0.0119715203984398,116.84188827045968
0.7000000000000002,0.03,52785.00000000002,0.023659965455895,0.0120489027508989,107.85405071119357
0.7000000000000002,0.0325,52751.00000000003,0.0234725506718694,0.0121314293816505,96.61925376211092
0.7000000000000002,0.035,52741.00000000002,0.0232849800581119,0.0122187350705642,87.63141620284478
0.7000000000000002,0.0375,52735.00000000003,0.0231081138855473,0.0123101904237408,77.05627705627708
0.7000000000000002,0.04,52707.00000000005,0.0229329841008087,0.0124074110789814,69.69696969696973
0.7000000000000002,0.0425,52770.00000000003,0.0227634128367827,0.0125082001854751,61.16264687693261
0.7000000000000002,0.0449999999999999,52711.00000000005,0.0225940697269998,0.0126140323511202,54.05071119356836
0.7000000000000002,0.0474999999999999,52715.00000000003,0.0224409444203836,0.0127240709243617,45.51638837353124
0.7000000000000002,0.0499999999999999,52727.00000000003,0.0222792693683752,0.0128389827720631,32.71490414347558
0.7000000000000002,0.0524999999999999,52689.00000000005,0.0221263169561725,0.0129591241547464,21.335807050092757
0.7000000000000002,0.0549999999999999,52707.00000000003,0.0219777447165481,0.0130788091146196,15.64625850340134
0.7000000000000002,0.0574999999999999,52729.00000000005,0.0218330237936477,0.0132066503363378,7.1119356833642655
0.7000000000000002,0.06,52726.00000000003,0.0216936604944074,0.0133383115808941,-2.0202020202020208
0.7000000000000002,0.0625,52719.00000000005,0.021561583244558,0.0134733203491914,-11.379097093382825
0.7000000000000002,0.065,52715.00000000005,0.0214349205055,0.0136095529967972,-19.9134199134199
0.7000000000000002,0.0675,52685.00000000003,0.0213039150649633,0.0137540548003331,-31.29251700680273
0.7000000000000002,0.07,52686.00000000005,0.0211868584525568,0.0139000537253884,-38.40445269016698
0.7000000000000002,0.0725,52706.00000000002,0.0210718109366596,0.0140504837781933,-46.938775510204096
0.7000000000000002,0.075,52698.00000000003,0.0209654759749599,0.0142026714102191,-55.473098330241214
0.7000000000000002,0.0774999999999999,52707.00000000005,0.0208624103312892,0.0143529223660107,-68.27458256029688
0.7000000000000002,0.0799999999999999,52746.00000000002,0.0207645181264624,0.0145145031652897,-69.6969696969697
0.7000000000000002,0.0824999999999999,52741.00000000004,0.020668889479182,0.0146765087751954,-86.22964337250056
0.7000000000000002,0.0849999999999999,52774.00000000004,0.0205778494605297,0.0148419156358322,-87.63141620284478
0.7000000000000002,0.0875,52769.00000000002,0.0204971796879412,0.0150082926731245,-101.11317254174398
0.7000000000000002,0.09,52780.00000000004,0.0204129596819277,0.0151795135216362,-110.1010101010101
0.7000000000000002,0.0925,52822.00000000004,0.020340326810564,0.0153530509298176,-119.08884766027624
0.7000000000000002,0.095,52800.00000000002,0.0202716253654511,0.0155268297862473,-128.07668521954236
0.7000000000000002,0.0975,52842.00000000004,0.0202058551490797,0.0157086715841473,-137.0645227788085
0.7000000000000002,0.1,52896.00000000004,0.0201460168675699,0.0158877999270307,-146.05236033807464
0.8000000000000007,-0.1,53902.00000000005,0.0388202811492587,0.0148416075574779,597.1346114203258
0.8000000000000007,-0.0975,53862.00000000003,0.038492017580308,0.0146798587065893,582.7458256029685
0.8000000000000007,-0.095,53862.00000000002,0.0381508431363227,0.0145201417876041,582.7458256029685
0.8000000000000007,-0.0925,53824.00000000005,0.0378194978542377,0.0143667516310577,569.6969696969697
0.8000000000000007,-0.09,53783.00000000003,0.0374835402236982,0.014213489301018,566.9140383426097
0.8000000000000007,-0.0875,53766.00000000002,0.0371592407055547,0.0140629737506166,554.1743970315399
0.8000000000000007,-0.085,53755.00000000005,0.0368278773884636,0.0139186744742214,541.4347557204701
0.8000000000000007,-0.0825,53745.00000000003,0.0365006788323382,0.0137750475053642,535.0649350649351
0.8000000000000007,-0.08,53732.00000000002,0.0361730427487963,0.0136328375878432,528.6951144094
0.8000000000000007,-0.0775,53685.00000000005,0.0358496472590206,0.0134975078509334,515.9554730983302
0.8000000000000007,-0.075,53671.00000000003,0.0355243844113812,0.0133672643622168,503.2158317872604
0.8000000000000007,-0.0725,53615.00000000002,0.0352051509163864,0.0132357218702666,503.2158317872604
0.8000000000000007,-0.07,53580.00000000005,0.0348844802151712,0.0131076850137828,488.5178313749743
0.8000000000000007,-0.0675,53542.00000000003,0.0345643593789904,0.0129886993615732,482.4366110080396
0.8000000000000007,-0.065,53538.00000000005,0.0342414819187948,0.0128674752892846,471.34611420325706
0.8000000000000007,-0.0625,53501.00000000005,0.0339281725121867,0.012757811693408,460.25561739847456
0.8000000000000007,-0.06,53487.00000000002,0.0336144334680557,0.0126461713133977,454.7103689960833
0.8000000000000007,-0.0575,53478.00000000005,0.0333015648187773,0.0125418094691529,443.6198721913008
0.8000000000000007,-0.055,53455.00000000003,0.0329974591667734,0.0124400486729676,438.0746237889096
0.8000000000000007,-0.0525,53401.00000000005,0.0326881109016236,0.0123405488815854,426.984126984127
0.8000000000000007,-0.05,53390.00000000005,0.0323735919067027,0.012246982267501,421.43887858173576
0.8000000000000007,-0.0475,53398.00000000002,0.0320755666662726,0.0121604602629633,405.50401978973406
0.8000000000000007,-0.045,53346.00000000005,0.0317684614767798,0.0120772306101701,405.9781488352916
0.8000000000000007,-0.0425,53308.00000000003,0.0314734373396091,0.0119966454793074,396.5367965367965
0.8000000000000007,-0.04,53281.00000000005,0.0311736536678852,0.011924058557002,387.0954442383013
0.8000000000000007,-0.0375,53258.00000000005,0.0308756542094564,0.0118537309814189,377.65409193980616
0.8000000000000007,-0.035,53226.00000000002,0.0305857656370781,0.0117857293162425,368.212739641311
0.8000000000000007,-0.0325,53189.00000000005,0.0302933040529323,0.0117292014872986,354.0507111935683
0.8000000000000007,-0.03,53187.00000000002,0.0300062640892668,0.0116729247451404,344.6093588950731
0.8000000000000007,-0.0275,53148.00000000005,0.0297239723092204,0.0116237779972665,335.1680065965779
0.8000000000000007,-0.025,53131.00000000003,0.0294388759161044,0.0115789200821465,331.7460317460318
0.8000000000000007,-0.0225,53101.00000000005,0.0291581627601447,0.0115375954410226,323.12925170068024
0.8000000000000007,-0.02,53086.00000000003,0.0288843196359025,0.0115014703115982,315.5844155844157
0.8000000000000007,-0.0175,53060.00000000005,0.0286149801334312,0.0114742919234942,307.7922077922079
0.8000000000000007,-0.015,53024.00000000003,0.0283478075609089,0.0114480101207385,292.2077922077923
0.8000000000000007,-0.0124999999999999,53025.00000000005,0.0280814213594187,0.0114276356436372,284.4155844155845
0.8000000000000007,-0.01,53032.00000000003,0.0278203919438585,0.0114145631389992,272.7272727272728
0.8000000000000007,-0.0075,53021.00000000005,0.027565059790226,0.0114051306150297,264.935064935065
0.8000000000000007,-0.005,53015.00000000003,0.027305564433927,0.0113994029670573,261.0389610389611
0.8000000000000007,-0.0025,52971.00000000005,0.0270545276096876,0.0113987063970292,250.834879406308
0.8000000000000007,0.0,52954.00000000003,0.0268075125927377,0.0114051807132229,240.38342609771183
0.8000000000000007,0.0025,52921.00000000005,0.0265646135466637,0.0114178299855314,230.3648732220161
0.8000000000000007,0.0049999999999999,52914.00000000003,0.0263273602089121,0.0114314396866278,224.22180993609567
0.8000000000000007,0.0074999999999999,52879.00000000005,0.0260836852333486,0.0114527315407381,215.00721500721497
0.8000000000000007,0.0099999999999999,52904.00000000003,0.0258513203959356,0.0114794735522612,199.64955679241396
0.8000000000000007,0.0124999999999999,52809.00000000005,0.0256257680435155,0.0115122522781208,196.5780251494537
0.8000000000000007,0.015,52826.00000000003,0.0253995048438204,0.0115501345227188,187.36343022057304
0.8000000000000007,0.0175,52835.00000000005,0.0251734714170248,0.011590516926383,175.07730364873223
0.8000000000000007,0.0199999999999999,52824.00000000003,0.0249584008130194,0.0116377831457169,170.19171304885586
0.8000000000000007,0.0224999999999999,52822.00000000005,0.0247454036101682,0.0116907730261954,159.55473098330236
0.8000000000000007,0.0249999999999999,52834.00000000003,0.0245372075726212,0.0117452526003864,146.05236033807464
0.8000000000000007,0.0274999999999999,52808.00000000005,0.0243356225674889,0.0118091379733379,141.55844155844156
0.8000000000000007,0.03,52808.00000000002,0.0241373577910447,0.0118752534759877,128.07668521954236
0.8000000000000007,0.0325,52803.00000000003,0.0239401651429902,0.0119470206341696,119.08884766027624
0.8000000000000007,0.035,52791.00000000002,0.0237473107658222,0.0120234223206389,110.1010101010101
0.8000000000000007,0.0375,52786.00000000003,0.0235589098797235,0.0121046221056322,103.36013193156052
0.8000000000000007,0.04,52772.00000000005,0.0233749238630185,0.0121905033832588,94.3722943722944
0.8000000000000007,0.0425,52748.00000000003,0.0232005739314662,0.0122829644503255,80.72562358276647
0.8000000000000007,0.0449999999999999,52753.00000000005,0.0230269782725481,0.0123775871923394,72.54174397031541
0.8000000000000007,0.0474999999999999,52737.00000000002,0.0228558146527602,0.0124781264550316,64.00742115027832
0.8000000000000007,0.0499999999999999,52767.00000000003,0.0226867295664305,0.0125828769643757,56.89548546691407
0.8000000000000007,0.0524999999999999,52737.00000000005,0.0225278592495534,0.0126913406032526,46.938775510204096
0.8000000000000007,0.0549999999999999,52745.00000000003,0.0223698916203164,0.0128068063509204,35.55967841682127
0.8000000000000007,0.0574999999999999,52769.00000000005,0.022219298629886,0.0129232422017829,27.025355596784166
0.8000000000000007,0.06,52746.00000000003,0.02206805228162,0.0130447810133683,18.491032776747048
0.8000000000000007,0.0625,52745.00000000003,0.0219263841214472,0.0131696287798202,12.80148423005565
0.8000000000000007,0.065,52769.00000000005,0.0217838468407788,0.0132954133770265,4.040404040404027
0.8000000000000007,0.0675,52778.00000000003,0.0216522959979224,0.0134284668527902,-8.080808080808097
0.8000000000000007,0.07,52761.00000000005,0.0215219457068777,0.0135646607056583,-12.80148423005565
0.8000000000000007,0.0725,52777.00000000002,0.0214059089937146,0.0137101669428548,-25.602968460111317
0.8000000000000007,0.075,52753.00000000003,0.021281635567552,0.013852526462067,-35.55967841682127
0.8000000000000007,0.0774999999999999,52754.00000000005,0.0211683951626263,0.0140006179331744,-44.09400123685839
0.8000000000000007,0.0799999999999999,52758.00000000002,0.0210553541415661,0.0141520414814829,-49.7835497835498
0.8000000000000007,0.0824999999999999,52773.00000000004,0.0209518688614989,0.0143044049189969,-61.16264687693261
0.8000000000000007,0.0849999999999999,52784.00000000004,0.0208539396015955,0.0144632509325404,-72.54174397031541
0.8000000000000007,0.0875,52759.00000000003,0.0207559403530153,0.0146246423640906,-82.56029684601117
0.8000000000000007,0.09,52811.00000000004,0.0206668380112668,0.0147852857192801,-88.06431663574526
0.8000000000000007,0.0925,52808.00000000004,0.020578994234032,0.0149544392499089,-98.86621315192744
0.8000000000000007,0.095,52795.00000000002,0.02049566750609,0.0151229495824543,-107.85405071119357
0.8000000000000007,0.0975,52846.00000000004,0.0204219153950888,0.0152927615683842,-114.59492888064318
0.8000000000000007,0.1,52827.00000000004,0.0203441887195361,0.015471056938805,-123.5827664399093
0.9000000000000004,-0.1,53996.00000000005,0.039642780826219,0.0152267240018498,618.7177901463615
0.9000000000000004,-0.0975,53920.00000000003,0.039305954502243,0.0150573225390576,611.523397237683
0.9000000000000004,-0.095,53887.00000000002,0.0389710406393815,0.0148932463634213,597.1346114203258
0.9000000000000004,-0.0925,53863.00000000005,0.0386260099244195,0.0147313043961404,597.1346114203258
0.9000000000000004,-0.09,53820.00000000003,0.0382892765040898,0.0145698402371791,582.7458256029685
0.9000000000000004,-0.0875,53811.00000000002,0.0379644977267084,0.014412385276078,568.3570397856113
0.9000000000000004,-0.085,53798.00000000005,0.0376363947955636,0.0142593476442241,566.9140383426097
0.9000000000000004,-0.0825,53741.00000000003,0.0372938036244368,0.0141089398684816,554.1743970315399
0.9000000000000004,-0.08,53721.00000000002,0.0369640846580379,0.0139643387790879,541.4347557204701
0.9000000000000004,-0.0775,53707.00000000005,0.0366408475370746,0.013818018110207,541.4347557204701
0.9000000000000004,-0.075,53704.00000000003,0.0363125821591331,0.0136758380912224,528.6951144094
0.9000000000000004,-0.0725,53678.00000000002,0.0359879355834242,0.0135408345109257,515.9554730983302
0.9000000000000004,-0.07,53662.00000000005,0.0356620692456527,0.0134063060461642,515.9554730983302
0.9000000000000004,-0.0675,53632.00000000003,0.035337072156243,0.0132754452340001,503.2158317872604
0.9000000000000004,-0.065,53595.00000000005,0.0350176011638409,0.013146518392525,490.4761904761905
0.9000000000000004,-0.0625,53557.00000000003,0.034696579133071,0.0130246251597508,482.4366110080396
0.9000000000000004,-0.06,53549.00000000003,0.0343764159551173,0.0129056789297237,471.34611420325706
0.9000000000000004,-0.0575,53519.00000000005,0.0340625071196502,0.012793126676661,465.8008658008658
0.9000000000000004,-0.055,53493.00000000003,0.0337508711246422,0.0126808265415052,454.7103689960833
0.9000000000000004,-0.0525,53438.00000000005,0.0334376546875279,0.0125729438876184,449.16512059369205
0.9000000000000004,-0.05,53449.00000000003,0.0331289125291981,0.0124694668011097,438.0746237889096
0.9000000000000004,-0.0475,53412.00000000002,0.0328211510589374,0.0123709589837533,432.5293753865183
0.9000000000000004,-0.045,53378.00000000005,0.0325112325232468,0.0122751519468524,415.8936301793445
0.9000000000000004,-0.0425,53358.00000000003,0.0322072336074956,0.0121875039970802,410.3483817769532
0.9000000000000004,-0.04,53310.00000000005,0.0319012327464558,0.0121010784369958,410.6369820655535
0.9000000000000004,-0.0375,53309.00000000003,0.0315992259170461,0.0120214320932838,391.8161203875489
0.9000000000000004,-0.035,53286.00000000002,0.0313054451760289,0.011946891982839,387.0954442383013
0.9000000000000004,-0.0325,53266.00000000005,0.0310112798091269,0.0118737362923031,377.65409193980616
0.9000000000000004,-0.03,53250.00000000002,0.0307148457188119,0.0118064243653136,368.212739641311
0.9000000000000004,-0.0275,53230.00000000005,0.030426636561868,0.0117451375186902,358.77138734281584
0.9000000000000004,-0.025,53227.00000000003,0.0301377562226401,0.0116877923357082,354.05071119356825
0.9000000000000004,-0.0225,53195.00000000005,0.0298541313433811,0.0116378981840098,344.6093588950731
0.9000000000000004,-0.02,53148.00000000003,0.029573095205638,0.0115880388750046,335.168006596578
0.9000000000000004,-0.0175,53141.00000000005,0.0292886427496143,0.0115466638843605,318.8208616780045
0.9000000000000004,-0.015,53162.00000000003,0.0290120335768074,0.0115107479908514,315.5844155844157
0.9000000000000004,-0.0124999999999999,53115.00000000005,0.0287406196794802,0.0114774489930758,303.896103896104
0.9000000000000004,-0.01,53079.00000000003,0.0284753997027347,0.0114490260679902,296.10389610389615
0.9000000000000004,-0.0075,53047.00000000005,0.0282028944340875,0.0114292419206555,288.3116883116884
0.9000000000000004,-0.005,53061.00000000003,0.0279401923644565,0.0114093316898305,284.4155844155845
0.9000000000000004,-0.0025,53034.00000000005,0.0276832426998583,0.0113991463885476,268.8311688311689
0.9000000000000004,0.0,53030.00000000003,0.0274262296740517,0.0113926464932506,261.0389610389611
0.9000000000000004,0.0025,53022.00000000005,0.0271713375867272,0.0113894535696619,253.2467532467533
0.9000000000000004,0.0049999999999999,52976.00000000003,0.026919360782015,0.0113947545098848,240.38342609771183
0.9000000000000004,0.0074999999999999,52935.00000000005,0.026664788072245,0.0114037972242591,230.3648732220161
0.9000000000000004,0.0099999999999999,52933.00000000003,0.026431613033462,0.0114163769900432,227.29334157905583
0.9000000000000004,0.0124999999999999,52888.00000000005,0.0261869151927975,0.0114361284819397,218.0787466501752
0.9000000000000004,0.015,52862.00000000003,0.0259576735723406,0.011459035706908,208.86415172129455
0.9000000000000004,0.0175,52831.00000000005,0.0257210727095345,0.0114888078005618,199.6495567924139
0.9000000000000004,0.0199999999999999,52833.00000000003,0.0254948716077045,0.0115255946459537,190.4349618635333
0.9000000000000004,0.0224999999999999,52822.00000000005,0.0252714151513339,0.0115655231750745,184.29189857761284
0.9000000000000004,0.0249999999999999,52805.00000000002,0.0250557990325521,0.0116101764025246,172.85095856524424
0.9000000000000004,0.0274999999999999,52792.00000000005,0.0248375496437952,0.0116647012390828,159.55473098330236
0.9000000000000004,0.03,52815.00000000002,0.0246222868004032,0.0117180967604202,152.79323850752422
0.9000000000000004,0.0325,52813.00000000003,0.0244178379488281,0.0117774191317026,146.05236033807464
0.9000000000000004,0.035,52785.00000000002,0.0242102093358048,0.0118444425265104,130.3236446093589
0.9000000000000004,0.0375,52770.00000000003,0.024011858431618,0.0119138805917816,128.07668521954238
0.9000000000000004,0.04,52765.00000000005,0.0238233916622301,0.011986236867421,116.84188827045968
0.9000000000000004,0.0425,52757.00000000003,0.0236300229953915,0.0120671832443557,101.11317254174398
0.9000000000000004,0.0449999999999999,52767.00000000005,0.0234472880400568,0.0121534226916987,96.6192537621109
0.9000000000000004,0.0474999999999999,52723.00000000002,0.0232670107879733,0.0122403286258412,84.39497010925587
0.9000000000000004,0.0499999999999999,52709.00000000003,0.023093196124195,0.0123327944906211,78.89095031952178
0.9000000000000004,0.0524999999999999,52670.00000000005,0.0229207699783923,0.0124321969829123,66.85219542362402
0.9000000000000004,0.0549999999999999,52700.00000000003,0.0227507207586915,0.0125362600920052,58.31787260358692
0.9000000000000004,0.0574999999999999,52667.00000000005,0.0225879028712818,0.0126442176315866,49.7835497835498
0.9000000000000004,0.06,52686.00000000002,0.0224302230504299,0.0127557671757963,41.24922696351268
0.9000000000000004,0.0625,52718.00000000003,0.0222780003683215,0.0128708332050551,32.71490414347558
0.9000000000000004,0.065,52709.00000000005,0.0221247905533554,0.012990023623666,21.335807050092757
0.9000000000000004,0.0675,52702.00000000003,0.0219799126914112,0.0131145207738149,12.801484230055678
0.9000000000000004,0.07,52700.00000000005,0.0218347855864206,0.0132419072534142,4.0404040404040416
0.9000000000000004,0.0725,52701.00000000002,0.0216986945272764,0.013375885644488,-4.0404040404040416
0.9000000000000004,0.075,52702.00000000003,0.0215701125315826,0.0135098769139228,-12.801484230055678
0.9000000000000004,0.0774999999999999,52728.00000000005,0.0214449201865209,0.0136524774568682,-21.335807050092757
0.9000000000000004,0.0799999999999999,52730.00000000002,0.0213207025671481,0.0137954390530286,-32.71490414347558
0.9000000000000004,0.0824999999999999,52704.00000000003,0.0212078905798222,0.0139459963688835,-41.24922696351268
0.9000000000000004,0.0849999999999999,52751.00000000005,0.0210934474522333,0.0140945047605097,-49.7835497835498
0.9000000000000004,0.0875,52739.00000000002,0.0209832265274368,0.0142519127110077,-58.31787260358692
0.9000000000000004,0.09,52757.00000000004,0.020883354530062,0.0144069290820591,-69.6969696969697
0.9000000000000004,0.0925,52791.00000000005,0.0207888056172793,0.0145695541154349,-75.38651824366111
0.9000000000000004,0.095,52795.00000000002,0.0206959888029718,0.0147320144020397,-84.39497010925587
0.9000000000000004,0.0975,52804.00000000003,0.0206079983021931,0.0148972427946174,-94.3722943722944
0.9000000000000004,0.1,52822.00000000004,0.0205240321092108,0.0150658622941537,-103.36013193156052
1.0,-0.1,53888.00000000005,0.0403579791554903,0.0156312088450824,640.3009688723974
1.0,-0.0975,53876.00000000003,0.0400169946491155,0.0154558778981207,625.9121830550403
1.0,-0.095,53851.00000000002,0.0396817725575899,0.0152845757551917,625.9121830550403
1.0,-0.0925,53798.00000000005,0.039339752654733,0.0151172212955051,611.523397237683
1.0,-0.09,53808.00000000003,0.0390087284637159,0.0149515716731354,604.3290043290044
1.0,-0.0875,53764.00000000002,0.0386711481684273,0.0147865893472737,597.1346114203258
1.0,-0.085,53731.00000000005,0.0383317975740938,0.0146260296078416,582.7458256029685
1.0,-0.0825,53685.00000000003,0.0380022722556599,0.0144673485085694,575.5514326942898
1.0,-0.08,53704.00000000002,0.0376758360903526,0.0143160273468848,566.9140383426097
1.0,-0.0775,53651.00000000005,0.0373408117302226,0.014159629632864,554.1743970315399
1.0,-0.075,53660.00000000003,0.0370094425833338,0.0140144937822408,554.1743970315399
1.0,-0.0725,53598.00000000002,0.0366838123910086,0.0138697028810903,541.4347557204701
1.0,-0.07,53605.00000000005,0.0363571182580786,0.0137291533624428,528.6951144094
1.0,-0.0675,53554.00000000003,0.0360238877892653,0.0135904962640601,528.6951144094
1.0,-0.065,53546.00000000005,0.0357102724821775,0.0134533727582602,515.9554730983302
1.0,-0.0625,53532.00000000005,0.0353869862747324,0.0133236456405387,503.2158317872604
1.0,-0.06,53522.00000000002,0.035061521620666,0.0131936295284025,496.8460111317254
1.0,-0.0575,53482.00000000005,0.0347460722855828,0.0130695127441392,487.9818594104309
1.0,-0.055,53456.00000000003,0.0344276585890669,0.0129512802095682,476.89136260564834
1.0,-0.0525,53427.00000000005,0.0341083960313564,0.0128336711198663,471.34611420325706
1.0,-0.05,53399.00000000005,0.0337957813243485,0.0127213928782076,460.25561739847456
1.0,-0.0475,53340.00000000002,0.0334830249470113,0.0126127534476169,449.16512059369205
1.0,-0.045,53359.00000000005,0.0331716496861736,0.0125086034420259,443.6198721913008
1.0,-0.0425,53323.00000000003,0.0328669078483512,0.0124085088772365,432.5293753865183
1.0,-0.04,53303.00000000005,0.0325540179552965,0.0123116529304792,421.43887858173576
1.0,-0.0375,53278.00000000003,0.0322486226812017,0.0122192445353437,421.43887858173576
1.0,-0.035,53237.00000000002,0.0319512819812571,0.0121338104775022,405.50401978973406
1.0,-0.0325,53231.00000000005,0.0316449693719939,0.0120542703559123,396.5367965367965
1.0,-0.03,53204.00000000002,0.0313493527637817,0.0119738904817994,387.0954442383013
1.0,-0.0275,53209.00000000005,0.0310540985442755,0.0119042140234355,387.0954442383013
1.0,-0.025,53178.00000000003,0.0307601399439913,0.0118353761212267,372.93341579055857
1.0,-0.0225,53153.00000000005,0.0304718023104197,0.0117689277788359,368.212739641311
1.0,-0.02,53135.00000000003,0.0301844747791866,0.0117100583775205,354.0507111935683
1.0,-0.0175,53129.00000000005,0.0298968370373963,0.0116589846918129,344.6093588950731
1.0,-0.015,53084.00000000004,0.0296186045097333,0.0116104630861439,335.1680065965779
1.0,-0.0124999999999999,53054.00000000005,0.0293385995031153,0.0115666093321298,327.437641723356
1.0,-0.01,53007.00000000004,0.0290613018020332,0.0115258522974881,319.48051948051955
1.0,-0.0075,53012.00000000005,0.0287945391068586,0.011492879737195,311.6883116883118
1.0,-0.005,53001.00000000005,0.0285247789053223,0.0114644214049793,296.10389610389615
1.0,-0.0025,52996.00000000005,0.028259703990013,0.0114435298352594,292.20779220779224
1.0,0.0,52990.00000000003,0.02799405882859,0.0114224854520444,280.51948051948057
1.0,0.0025,52939.00000000005,0.0277331960085858,0.0114087517212646,276.6233766233767
1.0,0.0049999999999999,52936.00000000003,0.027476879102793,0.0114059359565892,264.935064935065
1.0,0.0074999999999999,52945.00000000005,0.0272276982077842,0.0113984839806627,257.1428571428572
1.0,0.0099999999999999,52882.00000000003,0.0269755637808106,0.0114013239665872,243.86724386724387
1.0,0.0124999999999999,52936.00000000005,0.0267312281215763,0.0114102727053946,239.5794681508967
1.0,0.015,52838.00000000003,0.0264882846232328,0.0114250199691816,233.43640486497628
1.0,0.0175,52830.00000000005,0.0262517441526037,0.0114365489914517,221.15027829313544
1.0,0.0199999999999999,52812.00000000002,0.0260123406744326,0.0114620742342966,208.86415172129452
1.0,0.0224999999999999,52769.00000000005,0.0257854078557699,0.0114899314891246,199.64955679241396
1.0,0.0249999999999999,52799.00000000003,0.025559192683753,0.0115217220529224,196.5780251494537
1.0,0.0274999999999999,52771.00000000005,0.0253403109572045,0.0115588338899853,181.22036693465265
1.0,0.03,52776.00000000002,0.025117837685575,0.0116029827469635,172.005772005772
1.0,0.0325,52747.00000000003,0.0249006879030467,0.0116520215592267,167.53246753246748
1.0,0.035,52719.00000000002,0.0246911508619069,0.0117033877151759,152.79323850752422
1.0,0.0375,52741.00000000003,0.0244840153876535,0.0117653901281282,143.8054009482581
1.0,0.04,52705.00000000005,0.0242794621048973,0.0118261145574505,134.81756338899197
1.0,0.0425,52726.00000000003,0.0240808123625824,0.0118954789514756,125.82972582972585
1.0,0.0449999999999999,52682.00000000005,0.0238931988637957,0.0119685712868327,116.84188827045968
1.0,0.0474999999999999,52686.00000000002,0.0236973298831767,0.0120464368801764,107.85405071119357
1.0,0.0499999999999999,52676.00000000003,0.0235109268103166,0.0121273207562933,98.86621315192744
1.0,0.0524999999999999,52651.00000000005,0.0233253073208514,0.0122157792875449,87.63141620284478
1.0,0.0549999999999999,52674.00000000003,0.0231507010112639,0.0123079223146169,82.56029684601117
1.0,0.0574999999999999,52647.00000000005,0.022980436034725,0.0124049861106436,72.54174397031541
1.0,0.06,52638.00000000002,0.0228168352418024,0.0125064235871997,61.16264687693261
1.0,0.0625,52649.00000000003,0.0226501545253545,0.0126119004778027,52.62832405689551
1.0,0.065,52639.00000000005,0.0224963556347617,0.012723165733337,44.09400123685839
1.0,0.0675,52634.00000000003,0.0223378463373088,0.0128366655764377,34.13729128014843
1.0,0.07,52687.00000000005,0.0221862010224188,0.0129583977452981,25.602968460111317
1.0,0.0725,52675.00000000002,0.0220412469360473,0.0130812283559625,18.491032776747048
1.0,0.075,52683.00000000003,0.0218969542502637,0.0132067672109461,7.1119356833642655
1.0,0.0774999999999999,52698.00000000005,0.0217594169891777,0.0133388743771878,-2.0202020202020208
1.0,0.0799999999999999,52662.00000000002,0.0216331655464564,0.0134725932869756,-9.956709956709972
1.0,0.0824999999999999,52675.00000000003,0.0215030656568656,0.0136106218539031,-19.9134199134199
1.0,0.0849999999999999,52728.00000000005,0.0213737319908649,0.0137569221149391,-28.44774273345702
1.0,0.0875,52675.00000000002,0.0212581577174141,0.0139018644707133,-35.559678416821285
1.0,0.09,52713.00000000003,0.0211461248011569,0.0140525675455084,-46.938775510204096
1.0,0.0925,52709.00000000005,0.0210369329886689,0.0142069175599757,-55.473098330241214
1.0,0.095,52700.00000000002,0.0209335364801616,0.014356668923219,-64.00742115027832
1.0,0.0975,52755.00000000003,0.0208328681662093,0.0145185747711797,-75.38651824366111
1.0,0.1,52702.00000000004,0.0207422172714288,0.0146815164553952,-82.56029684601117
1.1000000000000003,-0.1,53816.00000000005,0.041046374195551,0.0160357247685834,657.555143269429
1.1000000000000003,-0.0975,53775.00000000003,0.0407040024484815,0.0158540441489204,654.1743970315398
1.1000000000000003,-0.095,53745.00000000002,0.0403666855647808,0.0156818493131445,640.3009688723974
1.1000000000000003,-0.0925,53732.00000000005,0.040025927057865,0.0155083202120811,633.1065759637188
1.1000000000000003,-0.09,53696.00000000003,0.039688968362262,0.0153367742832934,625.9121830550403
1.1000000000000003,-0.0875,53672.00000000002,0.0393574926087455,0.0151706199805819,611.523397237683
1.1000000000000003,-0.085,53645.00000000005,0.0390224211307924,0.015004531777347,604.3290043290044
1.1000000000000003,-0.0825,53645.00000000003,0.038686891585985,0.0148393655607145,597.1346114203258
1.1000000000000003,-0.08,53601.00000000002,0.0383507954077938,0.0146771224796659,582.7458256029685
1.1000000000000003,-0.0775,53548.00000000005,0.0380162942784549,0.0145182289845002,582.7458256029685
1.1000000000000003,-0.075,53555.00000000003,0.0376868503006092,0.0143656222295427,576.4790764790766
1.1000000000000003,-0.0725,53528.00000000002,0.0373609983021757,0.0142109529803642,566.9140383426097
1.1000000000000003,-0.07,53512.00000000003,0.0370264064998684,0.0140626739817205,554.1743970315399
1.1000000000000003,-0.0675,53505.00000000003,0.0367018255841011,0.0139170135325714,541.4347557204701
1.1000000000000003,-0.065,53483.00000000005,0.0363788861805252,0.0137738534607939,541.4347557204701
1.1000000000000003,-0.0625,53437.00000000003,0.0360472233219643,0.0136341644105041,528.6951144094
1.1000000000000003,-0.06,53416.00000000002,0.0357264569997356,0.0134971476626197,515.9554730983302
1.1000000000000003,-0.0575,53414.00000000005,0.0354066654831022,0.0133651670759826,503.2158317872604
1.1000000000000003,-0.055,53383.00000000003,0.0350778313751315,0.0132360212070606,503.2158317872604
1.1000000000000003,-0.0525,53355.00000000005,0.0347624129084332,0.0131086995164733,493.5271078128221
1.1000000000000003,-0.05,53344.00000000005,0.0344461694095213,0.0129875505515616,482.4366110080396
1.1000000000000003,-0.0475,53347.00000000002,0.0341220073183327,0.012868431098598,471.34611420325706
1.1000000000000003,-0.045,53324.00000000005,0.0338109569711484,0.0127569757031637,460.25561739847456
1.1000000000000003,-0.0425,53297.00000000003,0.0334975458856791,0.0126458693163865,454.7103689960833
1.1000000000000003,-0.04,53249.00000000005,0.0331814810478007,0.0125429710010201,443.6198721913008
1.1000000000000003,-0.0375,53220.00000000004,0.0328759535154399,0.0124397697298071,438.0746237889096
1.1000000000000003,-0.035,53193.00000000002,0.0325677873845775,0.0123420458323167,426.984126984127
1.1000000000000003,-0.0325,53162.00000000005,0.032252603267804,0.0122504774082699,415.8936301793445
1.1000000000000003,-0.03,53125.00000000002,0.0319589389642999,0.0121627786624565,404.803133374562
1.1000000000000003,-0.0275,53081.00000000005,0.0316531744088399,0.0120793146540056,401.257472686044
1.1000000000000003,-0.025,53042.00000000003,0.0313600590393858,0.0119985313837416,391.8161203875489
1.1000000000000003,-0.0225,53046.00000000005,0.0310609077149449,0.0119250550290276,382.37476808905376
1.1000000000000003,-0.02,53014.00000000003,0.0307662432917175,0.0118552274324353,372.93341579055857
1.1000000000000003,-0.0175,52998.00000000005,0.0304728730197947,0.0117875810958259,363.4920634920634
1.1000000000000003,-0.015,52973.00000000003,0.0301857332010898,0.0117300635130622,354.0507111935683
1.1000000000000003,-0.0124999999999999,52969.00000000005,0.029897413851444,0.0116730085209727,344.6093588950731
1.1000000000000003,-0.01,52934.00000000004,0.0296131176450878,0.0116250980366064,335.1680065965779
1.1000000000000003,-0.0075,52879.00000000005,0.0293335201902131,0.01157998546709,330.4473304473304
1.1000000000000003,-0.005,52864.00000000003,0.0290617823647189,0.0115387333214049,319.48051948051955
1.1000000000000003,-0.0025,52865.00000000005,0.0287911178676631,0.0115029431481608,311.6883116883118
1.1000000000000003,0.0,52824.00000000003,0.0285224956805632,0.0114712862541842,300.00000000000006
1.1000000000000003,0.0025,52826.00000000005,0.0282499673842524,0.011443910065036,292.2077922077923
1.1000000000000003,0.0049999999999999,52827.00000000003,0.0279873307266853,0.0114239072287503,284.4155844155845
1.1000000000000003,0.0074999999999999,52757.00000000005,0.0277303706749609,0.0114098776860385,272.7272727272728
1.1000000000000003,0.0099999999999999,52743.00000000003,0.0274746853104842,0.011398639057789,264.935064935065
1.1000000000000003,0.0124999999999999,52761.00000000005,0.0272194349538234,0.0113917598325411,253.2467532467533
1.1000000000000003,0.015,52706.00000000003,0.0269675972307158,0.0113917014737674,247.3510616367759
1.1000000000000003,0.0175,52699.00000000005,0.0267238214665965,0.0113978385340073,239.57946815089676
1.1000000000000003,0.0199999999999999,52671.00000000003,0.0264840514019216,0.0114089894981109,227.29334157905583
1.1000000000000003,0.0224999999999999,52650.00000000005,0.0262471951037951,0.0114214039780462,221.1502782931354
1.1000000000000003,0.0249999999999999,52645.00000000002,0.0260134849587516,0.0114430935829828,211.9356833642548
1.1000000000000003,0.0274999999999999,52617.00000000005,0.0257829879659204,0.011465684261994,202.72108843537416
1.1000000000000003,0.03,52610.00000000002,0.0255556866808649,0.0114997281062022,193.50649350649348
1.1000000000000003,0.0325,52607.00000000003,0.0253357745335372,0.0115357182947675,184.29189857761284
1.1000000000000003,0.035,52594.00000000002,0.0251194636798767,0.0115756619192114,175.07730364873223
1.1000000000000003,0.0375,52571.00000000003,0.0249053853605078,0.0116204886117812,162.21397649969074
1.1000000000000003,0.04,52546.00000000005,0.0246926735297151,0.0116744748501356,159.53411667697384
1.1000000000000003,0.0425,52562.00000000003,0.0244856357489599,0.011731174595467,146.05236033807464
1.1000000000000003,0.0449999999999999,52533.00000000005,0.024286668058981,0.0117926142677413,139.31148216862505
1.1000000000000003,0.0474999999999999,52559.00000000002,0.0240905668715874,0.01185654700468,128.07668521954236
1.1000000000000003,0.0499999999999999,52541.00000000003,0.0238941792124327,0.011929998363979,119.08884766027624
1.1000000000000003,0.0524999999999999,52519.00000000005,0.0237033750084845,0.0120062544002161,110.1010101010101
1.1000000000000003,0.0549999999999999,52496.00000000003,0.0235141399461648,0.0120874043681847,98.86621315192744
1.1000000000000003,0.0574999999999999,52494.00000000005,0.023331015852379,0.0121752862954469,94.3722943722944
1.1000000000000003,0.06,52476.00000000002,0.023152304482319,0.0122648716103496,84.39497010925587
1.1000000000000003,0.0625,52465.00000000003,0.0229848785364051,0.0123584801966543,72.54174397031541
1.1000000000000003,0.065,52456.00000000005,0.0228153857107615,0.0124628091156085,64.00742115027832
1.1000000000000003,0.0675,52456.00000000003,0.0226482450407895,0.0125680789432341,58.31787260358692
1.1000000000000003,0.07,52436.00000000005,0.022490722803809,0.0126756194034565,46.938775510204096
1.1000000000000003,0.0725,52446.00000000002,0.022333682814216,0.0127918213473471,38.40445269016698
1.1000000000000003,0.075,52484.00000000003,0.0221850628965256,0.0129081288465153,28.44774273345702
1.1000000000000003,0.0774999999999999,52462.00000000005,0.0220354892509519,0.013030308147214,18.491032776747048
1.1000000000000003,0.0799999999999999,52467.00000000002,0.0218933105326183,0.0131545276516982,9.956709956709972
1.1000000000000003,0.0824999999999999,52498.00000000003,0.0217509876954431,0.013282241884558,2.0202020202020208
1.1000000000000003,0.0849999999999999,52511.00000000005,0.0216227857474074,0.0134164190220309,-7.1119356833642655
1.1000000000000003,0.0875,52499.00000000002,0.021491088138679,0.0135538283200503,-15.64625850340134
1.1000000000000003,0.09,52524.00000000003,0.0213713736587392,0.013699836450115,-24.18058132343846
1.1000000000000003,0.0925,52499.00000000005,0.0212487643553008,0.0138427994060026,-34.13729128014843
1.1000000000000003,0.095,52512.00000000002,0.0211360352052949,0.0139918956852593,-41.24922696351268
1.1000000000000003,0.0975,52538.00000000003,0.0210272736199751,0.0141422159076355,-52.62832405689551
1.1000000000000003,0.1,52557.00000000004,0.0209216859271258,0.014296285342019,-61.16264687693261
1.2000000000000002,-0.1,53674.00000000005,0.0417526322629732,0.0164571704269829,681.6120387548958
1.2000000000000002,-0.0975,53639.00000000003,0.0414086538854348,0.0162740375997938,673.5930735930735
1.2000000000000002,-0.095,53645.00000000002,0.0410783822731945,0.0160935380714855,665.5741084312513
1.2000000000000002,-0.0925,53607.00000000005,0.0407348658256639,0.0159118655588305,654.1743970315398
1.2000000000000002,-0.09,53574.00000000003,0.040394557178141,0.0157361275275865,647.4953617810761
1.2000000000000002,-0.0875,53575.00000000002,0.0400602224291162,0.0155642159227231,640.3009688723974
1.2000000000000002,-0.085,53554.00000000005,0.0397279466295194,0.0153917211205141,625.9121830550403
1.2000000000000002,-0.0825,53494.00000000003,0.0393876612781986,0.0152222512507849,618.7177901463615
1.2000000000000002,-0.08,53485.00000000002,0.039051359915737,0.0150540351732138,611.523397237683
1.2000000000000002,-0.0775,53456.00000000005,0.0387137181372655,0.0148916985192583,597.1346114203258
1.2000000000000002,-0.075,53437.00000000003,0.038376513723204,0.0147286612925525,597.1346114203258
1.2000000000000002,-0.0725,53378.00000000002,0.0380500106799695,0.0145690921284746,582.7458256029685
1.2000000000000002,-0.07,53378.00000000003,0.0377215821111045,0.0144123943795607,568.3570397856113
1.2000000000000002,-0.0675,53350.00000000003,0.0373948550756527,0.014259770530278,566.9140383426097
1.2000000000000002,-0.065,53309.00000000005,0.0370672062895771,0.0141084978228541,554.1743970315399
1.2000000000000002,-0.0625,53280.00000000003,0.0367371317018348,0.013963327294377,547.804576376005
1.2000000000000002,-0.06,53265.00000000002,0.0364168853642497,0.0138193513510113,541.4347557204701
1.2000000000000002,-0.0575,53229.00000000005,0.0360992509252122,0.0136767179007801,528.6951144094
1.2000000000000002,-0.055,53211.00000000003,0.0357707527832779,0.013541132542671,522.3252937538653
1.2000000000000002,-0.0525,53200.00000000005,0.0354460356577524,0.0134065423304639,515.9554730983302
1.2000000000000002,-0.05,53174.00000000005,0.0351272933739477,0.0132758998481416,503.2158317872604
1.2000000000000002,-0.0475,53156.00000000002,0.0348075863733697,0.0131493461592469,490.4761904761905
1.2000000000000002,-0.045,53176.00000000005,0.0344939936306839,0.0130251101209587,482.4366110080396
1.2000000000000002,-0.0425,53139.00000000003,0.0341753928808034,0.0129075990928966,476.89136260564834
1.2000000000000002,-0.04,53129.00000000005,0.0338596611506802,0.0127938031225018,465.8008658008658
1.2000000000000002,-0.0375,53087.00000000003,0.0335457879945142,0.0126833882130325,460.25561739847456
1.2000000000000002,-0.035,53070.00000000002,0.0332400273075111,0.0125773784383033,449.16512059369205
1.2000000000000002,-0.0325,53060.00000000005,0.0329313206033109,0.0124729209013314,438.0746237889096
1.2000000000000002,-0.03,53044.00000000002,0.0326240723735069,0.0123750436060376,432.5293753865183
1.2000000000000002,-0.0275,53004.00000000005,0.032327853156692,0.0122797685338692,415.8936301793445
1.2000000000000002,-0.025,52980.00000000003,0.0320211760134996,0.0121908482987993,415.8936301793445
1.2000000000000002,-0.0225,52927.00000000005,0.0317160580663411,0.0121046271005402,401.257472686044
1.2000000000000002,-0.02,52905.00000000003,0.0314191320664869,0.0120283204313174,391.8161203875489
1.2000000000000002,-0.0175,52912.00000000005,0.0311254132845977,0.0119506402857951,387.0954442383013
1.2000000000000002,-0.015,52848.00000000003,0.0308354048555197,0.0118787777466053,377.65409193980616
1.2000000000000002,-0.0124999999999999,52873.00000000005,0.0305408746681442,0.0118100720333714,368.212739641311
1.2000000000000002,-0.01,52841.00000000003,0.0302614576473468,0.0117486455627462,358.77138734281584
1.2000000000000002,-0.0075,52799.00000000005,0.0299679805380664,0.0116925686858065,349.3300350443207
1.2000000000000002,-0.005,52791.00000000003,0.0296836249399062,0.0116426010846057,339.8886827458255
1.2000000000000002,-0.0025,52737.00000000005,0.0294091206326626,0.0115931304983596,335.168006596578
1.2000000000000002,0.0,52700.00000000004,0.0291307185690787,0.0115521095353626,318.8208616780045
1.2000000000000002,0.0025,52706.00000000005,0.0288596023887742,0.0115164017861445,315.5844155844157
1.2000000000000002,0.0049999999999999,52707.00000000003,0.0285866308036633,0.0114834990663956,303.896103896104
1.2000000000000002,0.0074999999999999,52663.00000000005,0.0283204501564376,0.0114548442553566,296.10389610389615
1.2000000000000002,0.0099999999999999,52631.00000000003,0.028056715727104,0.0114336456225426,288.3116883116884
1.2000000000000002,0.0124999999999999,52618.00000000005,0.0277942695909614,0.0114155757085979,284.4155844155845
1.2000000000000002,0.015,52580.00000000003,0.0275398828246497,0.0114036597412365,264.935064935065
1.2000000000000002,0.0175,52577.00000000005,0.0272878406666187,0.0113981785004008,257.1428571428572
1.2000000000000002,0.0199999999999999,52566.00000000003,0.0270420215106196,0.0113940533525443,249.3506493506494
1.2000000000000002,0.0224999999999999,52519.00000000005,0.0267943834054133,0.0113996375515503,240.38342609771183
1.2000000000000002,0.0249999999999999,52497.00000000003,0.0265516527525638,0.0114084692378996,233.43640486497628
1.2000000000000002,0.0274999999999999,52495.00000000003,0.0263182732899329,0.0114219967561407,224.2218099360956
1.2000000000000002,0.03,52518.00000000002,0.0260856798399509,0.0114402535848343,215.00721500721505
1.2000000000000002,0.0325,52487.00000000003,0.0258494277172427,0.0114636151470278,205.79262007833435
1.2000000000000002,0.035,52448.00000000002,0.0256234632034262,0.0114937806459117,196.5780251494537
1.2000000000000002,0.0375,52428.00000000003,0.0254073136185413,0.0115295532592334,187.36343022057304
1.2000000000000002,0.04,52428.00000000005,0.0251871196608507,0.0115682655234666,178.14883529169242
1.2000000000000002,0.0425,52394.00000000002,0.0249724955438576,0.0116136484082885,168.93424036281178
1.2000000000000002,0.0449999999999999,52421.00000000005,0.0247592450486879,0.0116652702457099,162.21397649969072
1.2000000000000002,0.0474999999999999,52375.00000000002,0.0245515985039912,0.0117182117562952,152.79323850752422
1.2000000000000002,0.0499999999999999,52386.00000000003,0.0243528914089407,0.0117790237876283,143.8054009482581
1.2000000000000002,0.0524999999999999,52333.00000000005,0.0241493127620958,0.0118448842974494,137.0645227788085
1.2000000000000002,0.0549999999999999,52355.00000000003,0.0239548671701952,0.011913935856164,125.82972582972585
1.2000000000000002,0.0574999999999999,52319.00000000005,0.023772171100924,0.0119911436421213,116.84188827045968
1.2000000000000002,0.06,52308.00000000002,0.0235758550868688,0.0120699723608793,107.85405071119357
1.2000000000000002,0.0625,52323.00000000003,0.0233985750432732,0.0121551770344384,98.86621315192744
1.2000000000000002,0.065,52292.00000000005,0.0232228256178288,0.0122423001054197,87.63141620284478
1.2000000000000002,0.0675,52315.00000000003,0.023049212881549,0.0123371058726995,77.05627705627708
1.2000000000000002,0.07,52298.00000000003,0.0228798495691105,0.0124375098491177,66.85219542362402
1.2000000000000002,0.0725,52301.00000000002,0.0227125142175031,0.012541172305386,58.31787260358692
1.2000000000000002,0.075,52284.00000000003,0.0225515305223775,0.0126502930949472,49.7835497835498
1.2000000000000002,0.0774999999999999,52319.00000000005,0.0224013800417208,0.0127627276150636,41.24922696351268
1.2000000000000002,0.0799999999999999,52329.00000000002,0.0222516640025988,0.012880881710715,35.559678416821285
1.2000000000000002,0.0824999999999999,52311.00000000003,0.022104478755883,0.0130005937054521,21.335807050092757
1.2000000000000002,0.0849999999999999,52305.00000000005,0.0219584065059724,0.0131254687508467,14.223871366728504
1.2000000000000002,0.0875,52319.00000000002,0.0218174247304793,0.0132545764532236,4.267161410018559
1.2000000000000002,0.09,52355.00000000003,0.0216852849032247,0.0133895380039546,-4.0404040404040416
1.2000000000000002,0.0925,52308.00000000005,0.0215571304642943,0.0135234192730039,-12.801484230055678
1.2000000000000002,0.095,52350.00000000002,0.0214359463452782,0.0136639582172441,-24.18058132343846
1.2000000000000002,0.0975,52355.00000000003,0.0213144492810777,0.0138106471972281,-31.29251700680273
1.2000000000000002,0.1,52354.00000000005,0.0211986041041886,0.0139617409329314,-39.82683982683983
1.3000000000000007,-0.1,53295.00000000003,0.0422958736078353,0.0168912501055638,705.6689342403629
1.3000000000000007,-0.0975,53290.00000000003,0.0419588758848172,0.0167057200826723,697.6499690785404
1.3000000000000007,-0.095,53250.00000000002,0.0416212040355494,0.0165166720487251,681.6120387548958
1.3000000000000007,-0.0925,53206.00000000005,0.0412738198809151,0.0163370675944323,673.5930735930735
1.3000000000000007,-0.09,53205.00000000003,0.0409443200869772,0.0161581119262471,665.5741084312513
1.3000000000000007,-0.0875,53142.00000000002,0.0406072956950525,0.0159748784112593,657.555143269429
1.3000000000000007,-0.085,53149.00000000005,0.0402721757218618,0.0157947295748913,647.4953617810761
1.3000000000000007,-0.0825,53102.00000000003,0.0399381354036143,0.0156204296624477,640.3009688723974
1.3000000000000007,-0.08,53095.00000000002,0.0396073034226689,0.0154484005310121,633.1065759637188
1.3000000000000007,-0.0775,53068.00000000005,0.0392756766711996,0.0152782049163763,625.9121830550403
1.3000000000000007,-0.075,53046.00000000003,0.038937589762492,0.015111682362121,611.523397237683
1.3000000000000007,-0.0725,53026.00000000002,0.0386117772183342,0.0149423276555828,611.523397237683
1.3000000000000007,-0.07,53001.00000000005,0.0382790347617152,0.0147818286366747,597.1346114203258
1.3000000000000007,-0.0675,52961.00000000003,0.0379495623517983,0.0146233624617864,582.7458256029685
1.3000000000000007,-0.065,52935.00000000005,0.0376201691194062,0.0144685858523342,582.7458256029685
1.3000000000000007,-0.0625,52884.00000000003,0.0372962346762956,0.0143128297344883,566.9140383426097
1.3000000000000007,-0.06,52885.00000000003,0.0369691994901591,0.0141614587714953,560.5442176870749
1.3000000000000007,-0.0575,52832.00000000005,0.036645016464182,0.0140161249796158,554.1743970315399
1.3000000000000007,-0.055,52819.00000000003,0.0363222795018622,0.013869609343528,541.4347557204701
1.3000000000000007,-0.0525,52774.00000000005,0.0360021830077799,0.0137285295312223,535.0649350649351
1.3000000000000007,-0.05,52759.00000000005,0.0356840678914026,0.0135892487223312,528.6951144094
1.3000000000000007,-0.0475,52727.00000000002,0.0353605980165759,0.0134543413956489,515.9554730983302
1.3000000000000007,-0.045,52726.00000000005,0.0350466958200375,0.0133223613655128,503.2158317872604
1.3000000000000007,-0.0425,52719.00000000003,0.0347339364001489,0.0131951918184561,496.8460111317254
1.3000000000000007,-0.04,52724.00000000005,0.0344190288524268,0.0130700706360536,488.5178313749743
1.3000000000000007,-0.0375,52702.00000000003,0.0341072726662441,0.0129539802295002,482.4366110080396
1.3000000000000007,-0.035,52658.00000000002,0.0337964200235695,0.0128323167437135,471.34611420325706
1.3000000000000007,-0.0325,52665.00000000005,0.0334871461900081,0.0127218825902814,460.25561739847456
1.3000000000000007,-0.03,52653.00000000002,0.0331793526274874,0.0126144145028691,454.7103689960833
1.3000000000000007,-0.0275,52630.00000000005,0.0328774513862404,0.0125105804812873,443.6198721913008
1.3000000000000007,-0.025,52605.00000000003,0.0325718436583148,0.0124085882992538,432.5293753865183
1.3000000000000007,-0.0225,52553.00000000005,0.0322741603640171,0.0123137194665777,426.984126984127
1.3000000000000007,-0.02,52533.00000000003,0.0319711992321407,0.0122211562264535,415.8936301793445
1.3000000000000007,-0.0175,52490.00000000005,0.0316699351080374,0.0121358952550842,405.50401978973406
1.3000000000000007,-0.015,52465.00000000003,0.0313794821279528,0.012055752448789,401.2574726860441
1.3000000000000007,-0.0124999999999999,52410.00000000005,0.031078704527358,0.011976197724616,387.0954442383013
1.3000000000000007,-0.01,52391.00000000003,0.0307889658702394,0.0119035691100916,377.65409193980616
1.3000000000000007,-0.0075,52373.00000000005,0.0305038192184212,0.0118362703802828,368.212739641311
1.3000000000000007,-0.005,52327.00000000003,0.0302193177397898,0.0117714520764576,358.77138734281584
1.3000000000000007,-0.0025,52304.00000000005,0.0299372503467481,0.0117136503410481,349.3300350443207
1.3000000000000007,0.0,52287.00000000004,0.0296585783440314,0.0116606168168436,344.6093588950731
1.3000000000000007,0.0025,52266.00000000005,0.0293833759463974,0.0116127430972921,339.8886827458255
1.3000000000000007,0.0049999999999999,52239.00000000003,0.0291076076190534,0.011570711886883,327.437641723356
1.3000000000000007,0.0074999999999999,52231.00000000005,0.0288386522573107,0.0115292429058684,319.48051948051955
1.3000000000000007,0.0099999999999999,52174.00000000003,0.0285723750904658,0.0114960923586315,311.6883116883118
1.3000000000000007,0.0124999999999999,52185.00000000005,0.0283084155277721,0.0114702799506109,307.7922077922079
1.3000000000000007,0.015,52154.00000000003,0.028042080297944,0.0114472782944167,288.3116883116884
1.3000000000000007,0.0175,52127.00000000005,0.027782464983512,0.01142794004234,280.51948051948057
1.3000000000000007,0.0199999999999999,52117.00000000003,0.0275332564693628,0.011414086703712,272.7272727272728
1.3000000000000007,0.0224999999999999,52083.00000000005,0.0272825820273356,0.0114093916765283,264.935064935065
1.3000000000000007,0.0249999999999999,52068.00000000002,0.027030131902152,0.0114026107033817,261.0389610389611
1.3000000000000007,0.0274999999999999,52060.00000000005,0.0267899323950841,0.0114049375130745,250.834879406308
1.3000000000000007,0.03,52008.00000000002,0.0265496919663346,0.0114115073960551,236.5079365079365
1.3000000000000007,0.0325,52012.00000000003,0.0263143502033685,0.0114278085358718,227.29334157905583
1.3000000000000007,0.035,52021.00000000002,0.0260846886708666,0.0114424884252564,218.0787466501752
1.3000000000000007,0.0375,52029.00000000003,0.0258525167108391,0.0114665296058892,208.86415172129452
1.3000000000000007,0.04,51993.00000000005,0.0256324798461717,0.0114953323484509,205.79262007833435
1.3000000000000007,0.0425,51981.00000000003,0.0254122325347623,0.0115271829926715,190.4349618635333
1.3000000000000007,0.0449999999999999,51989.00000000005,0.025197433654651,0.0115658670339317,184.29189857761284
1.3000000000000007,0.0474999999999999,51970.00000000002,0.0249830251225713,0.0116114632934559,175.07730364873223
1.3000000000000007,0.0499999999999999,51955.00000000003,0.0247736340325047,0.0116579169638095,164.8732220160791
1.3000000000000007,0.0524999999999999,51915.00000000005,0.0245680723370878,0.0117115008176365,156.895485466914
1.3000000000000007,0.0549999999999999,51931.00000000003,0.0243676551296506,0.0117730189360739,150.5462791177077
1.3000000000000007,0.0574999999999999,51895.00000000005,0.0241687010959792,0.0118343841251566,134.81756338899197
1.3000000000000007,0.06,51871.00000000002,0.0239788787544043,0.0119022479111604,125.82972582972585
1.3000000000000007,0.0625,51867.00000000003,0.0237975084239639,0.0119752477287839,116.84188827045968
1.3000000000000007,0.065,51843.00000000005,0.0236071435198078,0.0120543718417959,110.1010101010101
1.3000000000000007,0.0675,51839.00000000002,0.0234294089911359,0.0121350896709919,98.86621315192744
1.3000000000000007,0.07,51801.00000000003,0.0232490699172631,0.0122229219190063,89.87837559266131
1.3000000000000007,0.0725,51818.00000000002,0.0230765947185157,0.0123178367260814,82.56029684601117
1.3000000000000007,0.075,51788.00000000003,0.0229094678152479,0.0124131166251853,73.96413110698826
1.3000000000000007,0.0774999999999999,51847.00000000005,0.0227487808008412,0.0125152484564689,62.585034013605465
1.3000000000000007,0.0799999999999999,51827.00000000002,0.0225865338750721,0.0126222279090877,52.62832405689551
1.3000000000000007,0.0824999999999999,51848.00000000003,0.0224371504177102,0.0127336960278981,44.09400123685839
1.3000000000000007,0.0849999999999999,51844.00000000005,0.0222831320580301,0.0128502651114024,32.71490414347558
1.3000000000000007,0.0875,51840.00000000002,0.0221392631064838,0.0129674781324401,27.025355596784166
1.3000000000000007,0.09,51842.00000000003,0.0219956689816627,0.0130885793392931,18.491032776747048
1.3000000000000007,0.0925,51815.00000000005,0.0218588376133578,0.0132163624888118,8.534322820037119
1.3000000000000007,0.095,51842.00000000002,0.0217213124389885,0.0133484416766076,1.0101010101010104
1.3000000000000007,0.0975,51859.00000000003,0.0215992643196979,0.0134824145348353,-9.956709956709972
1.3000000000000007,0.1,51895.00000000005,0.0214711890916326,0.0136218943510793,-18.491032776747048
1.4000000000000004,-0.1,52625.00000000003,0.0426776523418045,0.0173389418539726,729.7258297258297
1.4000000000000004,-0.0975,52593.00000000003,0.0423459598182313,0.0171475841020436,713.6878994021852
1.4000000000000004,-0.095,52566.00000000002,0.0420058725314038,0.0169554296337913,705.6689342403629
1.4000000000000004,-0.0925,52532.00000000005,0.0416672245955439,0.0167682803459463,697.6499690785404
1.4000000000000004,-0.09,52524.00000000003,0.0413395252858055,0.0165768952437478,689.6310039167181
1.4000000000000004,-0.0875,52503.00000000002,0.0409991158151757,0.0163964117932236,681.6120387548958
1.4000000000000004,-0.085,52476.00000000005,0.0406659938627395,0.016217062043685,673.5930735930735
1.4000000000000004,-0.0825,52432.00000000003,0.0403377936172137,0.0160332763044907,665.5741084312513
1.4000000000000004,-0.08,52402.00000000002,0.0400010280555052,0.0158524400421956,654.1743970315398
1.4000000000000004,-0.0775,52352.00000000005,0.0396760642255937,0.0156793888802972,640.3009688723974
1.4000000000000004,-0.075,52345.00000000003,0.0393436190096511,0.0155038810080285,640.3009688723974
1.4000000000000004,-0.0725,52335.00000000002,0.0390194232453647,0.0153338518225526,625.9121830550403
1.4000000000000004,-0.07,52324.00000000005,0.0386981727300404,0.0151614876149038,618.7177901463615
1.4000000000000004,-0.0675,52302.00000000003,0.0383723081112309,0.014997734184606,611.523397237683
1.4000000000000004,-0.065,52267.00000000005,0.0380464258035603,0.0148347523744635,597.1346114203258
1.4000000000000004,-0.0625,52254.00000000003,0.0377236660377601,0.0146730644434359,589.9402185116471
1.4000000000000004,-0.06,52232.00000000002,0.0374020674417125,0.0145183670039042,582.7458256029685
1.4000000000000004,-0.0575,52174.00000000005,0.0370753113160929,0.0143625351885536,576.4790764790765
1.4000000000000004,-0.055,52196.00000000003,0.0367582580743302,0.0142083205112133,566.9140383426097
1.4000000000000004,-0.0525,52165.00000000005,0.0364419049149779,0.0140614736195547,554.1743970315399
1.4000000000000004,-0.05,52102.00000000003,0.0361209085342779,0.013913248089999,541.4347557204701
1.4000000000000004,-0.0475,52073.00000000002,0.0358070605339153,0.0137691966797546,541.4347557204701
1.4000000000000004,-0.045,52044.00000000005,0.035492911105966,0.0136302103128676,528.6951144094
1.4000000000000004,-0.0425,52042.00000000003,0.0351812357829412,0.0134941056769397,515.9554730983302
1.4000000000000004,-0.04,52010.00000000005,0.0348653628390244,0.0133619076803955,509.5856524427954
1.4000000000000004,-0.0375,51979.00000000003,0.0345523954388355,0.0132329519792601,503.2158317872604
1.4000000000000004,-0.035,51975.00000000002,0.0342431659553349,0.0131081383381272,494.47536590393736
1.4000000000000004,-0.0325,51972.00000000003,0.0339379533489413,0.0129865722998456,482.4366110080396
1.4000000000000004,-0.03,51921.00000000002,0.0336347255747537,0.0128638598224389,476.89136260564834
1.4000000000000004,-0.0275,51912.00000000005,0.033332387916106,0.0127537509675086,465.8008658008658
1.4000000000000004,-0.025,51860.00000000003,0.0330256199480173,0.0126432703182824,454.7103689960833
1.4000000000000004,-0.0225,51872.00000000005,0.0327272621485976,0.0125400309702209,449.16512059369205
1.4000000000000004,-0.02,51854.00000000003,0.0324273771570131,0.0124345072253178,438.0746237889096
1.4000000000000004,-0.0175,51800.00000000005,0.0321320770634304,0.0123388848498655,432.5293753865183
1.4000000000000004,-0.015,51787.00000000003,0.0318373058814953,0.0122456353315131,421.43887858173576
1.4000000000000004,-0.0124999999999999,51782.00000000005,0.0315424114630039,0.0121588671475575,415.7699443413729
1.4000000000000004,-0.01,51738.00000000003,0.0312529444473085,0.0120723960574469,405.9781488352916
1.4000000000000004,-0.0075,51744.00000000005,0.0309646891126751,0.0119949661530006,391.8161203875489
1.4000000000000004,-0.005,51715.00000000003,0.0306828621139431,0.0119204208010962,382.37476808905376
1.4000000000000004,-0.0025,51692.00000000005,0.0303950032901624,0.0118509800482302,372.93341579055857
1.4000000000000004,0.0,51659.00000000003,0.0301175507729673,0.011783175803116,368.212739641311
1.4000000000000004,0.0025,51622.00000000005,0.0298358708426606,0.011724350149239,358.77138734281584
1.4000000000000004,0.0049999999999999,51552.00000000003,0.0295638097396569,0.0116689555827894,349.3300350443207
1.4000000000000004,0.0074999999999999,51555.00000000005,0.0292892265626028,0.0116209415760582,339.8886827458255
1.4000000000000004,0.0099999999999999,51526.00000000003,0.0290206704437665,0.0115741787761077,327.437641723356
1.4000000000000004,0.0124999999999999,51485.00000000005,0.0287531755062443,0.0115327611843741,323.12925170068024
1.4000000000000004,0.015,51504.00000000003,0.0284851087597976,0.0114981422744112,311.6883116883118
1.4000000000000004,0.0175,51484.00000000005,0.028227891652954,0.0114695723797096,303.896103896104
1.4000000000000004,0.0199999999999999,51484.00000000003,0.0279706713530994,0.0114440998519526,292.20779220779224
1.4000000000000004,0.0224999999999999,51432.00000000005,0.0277158556027543,0.0114223196228406,288.3116883116884
1.4000000000000004,0.0249999999999999,51393.00000000003,0.0274604099997479,0.0114101217136533,280.5194805194806
1.4000000000000004,0.0274999999999999,51407.00000000003,0.0272135195488267,0.0114007902583386,264.935064935065
1.4000000000000004,0.03,51384.00000000002,0.026972855999366,0.0113939367361932,257.1428571428572
1.4000000000000004,0.0325,51343.00000000003,0.0267311623407126,0.0113916925126441,247.3510616367759
1.4000000000000004,0.035,51345.00000000002,0.0264949867228245,0.0113998897299202,240.38342609771183
1.4000000000000004,0.0375,51331.00000000003,0.0262630013368242,0.0114098781261268,230.3648732220161
1.4000000000000004,0.04,51318.00000000005,0.0260330857529649,0.0114250727051589,221.1502782931354
1.4000000000000004,0.0425,51322.00000000002,0.0258084842947315,0.0114465620646158,218.0787466501752
1.4000000000000004,0.0449999999999999,51283.00000000003,0.0255863452214106,0.0114704792684448,199.64955679241396
1.4000000000000004,0.0474999999999999,51289.00000000002,0.0253737996426224,0.0115051795402579,196.5780251494537
1.4000000000000004,0.0499999999999999,51283.00000000003,0.0251533743246928,0.0115424686291806,184.29189857761284
1.4000000000000004,0.0524999999999999,51278.00000000005,0.024946510570611,0.0115830889085096,178.14883529169242
1.4000000000000004,0.0549999999999999,51246.00000000003,0.0247389329569617,0.011628473386705,167.53246753246748
1.4000000000000004,0.0574999999999999,51231.00000000005,0.0245369230598315,0.0116838310698423,159.55473098330236
1.4000000000000004,0.06,51203.00000000002,0.0243378965909512,0.0117409098378242,148.29931972789117
1.4000000000000004,0.0625,51173.00000000003,0.0241445525865182,0.0118010485389494,139.31148216862505
1.4000000000000004,0.065,51166.00000000005,0.0239569799439938,0.011866196276997,130.3236446093589
1.4000000000000004,0.0675,51160.00000000003,0.0237707857807682,0.0119396957384379,119.08884766027624
1.4000000000000004,0.07,51113.00000000003,0.023590953410593,0.012014218035038,112.34796949082664
1.4000000000000004,0.0725,51141.00000000002,0.0234114751218209,0.0121004846789693,103.36013193156052
1.4000000000000004,0.075,51111.00000000003,0.0232357120950793,0.012188774762503,94.3722943722944
1.4000000000000004,0.0774999999999999,51106.00000000005,0.0230656885541282,0.0122765679658642,88.06431663574526
1.4000000000000004,0.0799999999999999,51107.00000000002,0.0229047531986721,0.0123703426890721,75.22160379303239
1.4000000000000004,0.0824999999999999,51115.00000000003,0.0227425475176973,0.0124759722359875,68.27458256029688
1.4000000000000004,0.0849999999999999,51115.00000000005,0.0225812985355961,0.0125809353811522,54.05071119356836
1.4000000000000004,0.0875,51117.00000000002,0.0224308995870316,0.012690662587446,46.938775510204096
1.4000000000000004,0.09,51110.00000000003,0.0222794912654139,0.0128081285244053,41.24922696351268
1.4000000000000004,0.0925,51133.00000000005,0.0221387958634807,0.0129226692420918,27.025355596784166
1.4000000000000004,0.095,51155.00000000002,0.0219950573355754,0.013046093992924,19.9134199134199
1.4000000000000004,0.0975,51130.00000000003,0.0218585028096431,0.013172176579891,12.80148423005565
1.4000000000000004,0.1,51161.00000000005,0.0217244138146976,0.0133032783195935,3.030303030303031
1.5,-0.1,51804.00000000003,0.0429733856680616,0.0177905643852625,742.8571428571427
1.5,-0.0975,51771.00000000003,0.0426443403843246,0.0175917397063251,733.5188620902907
1.5,-0.095,51756.00000000002,0.0423070949290368,0.0174013331071112,729.7258297258297
1.5,-0.0925,51748.00000000003,0.0419731462452328,0.0172088278566388,713.6878994021852
1.5,-0.09,51729.00000000003,0.0416427421528694,0.017017492093743,713.6878994021852
1.5,-0.0875,51705.00000000002,0.0413176087952284,0.0168265984404922,705.6689342403629
1.5,-0.085,51717.00000000003,0.0409817887995365,0.0166433974830795,697.6499690785404
1.5,-0.0825,51667.00000000003,0.0406565091528462,0.0164564793303475,681.6120387548958
1.5,-0.08,51655.00000000002,0.0403290334376539,0.0162777705162389,673.5930735930735
1.5,-0.0775,51619.00000000003,0.0400005727578447,0.0160964711568628,665.5741084312513
1.5,-0.075,51581.00000000003,0.0396667447341242,0.0159151604556313,657.555143269429
1.5,-0.0725,51564.00000000002,0.0393465399623735,0.0157381458716619,647.4953617810761
1.5,-0.07,51542.00000000003,0.039021738765834,0.0155653826158096,640.3009688723974
1.5,-0.0675,51493.00000000003,0.0386983989749624,0.0153960676726299,625.9121830550403
1.5,-0.065,51487.00000000005,0.0383813107636619,0.0152214283310016,625.9121830550403
1.5,-0.0625,51447.00000000003,0.0380616920602662,0.015054895264844,611.523397237683
1.5,-0.06,51426.00000000002,0.0377442971457743,0.0148884744521728,597.1346114203258
1.5,-0.0575,51426.00000000005,0.0374264434553708,0.0147311667031517,597.1346114203258
1.5,-0.055,51379.00000000003,0.0371062907452889,0.0145721695916878,582.7458256029685
1.5,-0.0525,51362.00000000005,0.0367904594933211,0.014416876774181,575.5514326942898
1.5,-0.05,51339.00000000003,0.0364744448049357,0.0142619497574635,566.9140383426097
1.5,-0.0475,51322.00000000002,0.0361594090371389,0.0141114276914317,554.1743970315399
1.5,-0.045,51288.00000000005,0.0358424734593732,0.0139669058795796,547.804576376005
1.5,-0.0425,51233.00000000003,0.0355386543113852,0.0138200759603324,541.4347557204701
1.5,-0.04,51192.00000000005,0.0352309815836556,0.0136786451460265,528.6951144094
1.5,-0.0375,51186.00000000003,0.0349219475754746,0.0135432039398271,522.3252937538653
1.5,-0.035,51191.00000000002,0.0346124027285688,0.0134082282667495,515.9554730983302
1.5,-0.0325,51143.00000000005,0.0343063128145634,0.0132790172020122,503.2158317872604
1.5,-0.03,51096.00000000002,0.0340023517598671,0.0131520220876754,496.8460111317254
1.5,-0.0275,51055.00000000005,0.0336987787016355,0.0130293467636118,487.9818594104309
1.5,-0.025,51043.00000000003,0.0334013878991048,0.0129090859018199,476.89136260564834
1.5,-0.0225,51027.00000000005,0.0331019218597259,0.0127956864887333,471.34611420325706
1.5,-0.02,50994.00000000003,0.0328054662646961,0.0126848169962755,460.25561739847456
1.5,-0.0175,50992.00000000005,0.0325068244318703,0.0125778028389984,454.7103689960833
1.5,-0.015,50950.00000000003,0.0322157900149199,0.0124737014342669,443.6198721913008
1.5,-0.0124999999999999,50916.00000000005,0.031929250450212,0.0123755547548685,432.5293753865183
1.5,-0.01,50913.00000000004,0.0316415943990047,0.0122814967150273,421.43887858173576
1.5,-0.0075,50896.00000000005,0.0313510029982358,0.0121898912870474,415.8936301793445
1.5,-0.005,50867.00000000003,0.0310645078194494,0.012105829405315,405.50401978973406
1.5,-0.0025,50880.00000000005,0.0307798075595092,0.0120297915478316,396.5367965367965
1.5,0.0,50851.00000000004,0.0305022535644363,0.0119499221471058,387.0954442383013
1.5,0.0025,50816.00000000005,0.0302254342264676,0.0118800093991573,377.65409193980616
1.5,0.0049999999999999,50789.00000000003,0.0299499567121721,0.0118136043452249,368.212739641311
1.5,0.0074999999999999,50771.00000000005,0.0296780233499919,0.0117508592511776,358.77138734281584
1.5,0.0099999999999999,50723.00000000003,0.0294033172733631,0.0116954206652454,349.3300350443207
1.5,0.0124999999999999,50714.00000000005,0.0291378751225488,0.0116448147180685,344.6093588950731
1.5,0.015,50675.00000000003,0.0288696664948258,0.0115960557214098,330.4473304473304
1.5,0.0175,50664.00000000005,0.028609767408674,0.0115553676279909,323.12925170068024
1.5,0.0199999999999999,50653.00000000003,0.0283448296860873,0.0115183513148889,319.4805194805196
1.5,0.0224999999999999,50653.00000000005,0.0280948514530313,0.0114855140850348,303.896103896104
1.5,0.0249999999999999,50625.00000000002,0.0278393821411827,0.0114584487649701,296.10389610389615
1.5,0.0274999999999999,50592.00000000005,0.0275914445841778,0.0114364761187997,292.20779220779224
1.5,0.03,50577.00000000002,0.0273424986326188,0.0114159936849567,276.6233766233767
1.5,0.0325,50567.00000000003,0.0270990962304636,0.0114039152807728,272.7272727272728
1.5,0.035,50517.00000000002,0.0268632996072286,0.0114018077418141,264.935064935065
1.5,0.0375,50489.00000000003,0.0266300401510458,0.0113966829265358,257.1428571428572
1.5,0.04,50481.00000000005,0.026393226192134,0.0113999616719895,247.3510616367759
1.5,0.0425,50471.00000000002,0.0261692719942293,0.0114103902795262,233.43640486497628
1.5,0.0449999999999999,50460.00000000003,0.0259439759936209,0.0114256932247856,230.3648732220161
1.5,0.0474999999999999,50462.00000000002,0.0257232856825139,0.0114422070553396,215.00721500721505
1.5,0.0499999999999999,50462.00000000003,0.0255059411679515,0.0114664982717134,211.9356833642548
1.5,0.0524999999999999,50431.00000000005,0.0252928897607338,0.0114984105917368,199.64955679241396
1.5,0.0549999999999999,50396.00000000003,0.0250828048766115,0.0115323360326904,190.4349618635333
1.5,0.0574999999999999,50383.00000000003,0.0248781893996697,0.011572550643994,181.22036693465265
1.5,0.06,50376.00000000002,0.0246802018468437,0.0116180172586273,172.85095856524424
1.5,0.0625,50355.00000000003,0.0244791446824299,0.0116678239624598,159.55473098330236
1.5,0.065,50310.00000000005,0.0242872418791491,0.0117211092300154,152.79323850752422
1.5,0.0675,50295.00000000003,0.0240971867602501,0.0117820055002407,143.8054009482581
1.5,0.07,50274.00000000003,0.0239065871795295,0.0118464512066772,132.57060399917543
1.5,0.0725,50261.00000000002,0.0237243583046246,0.0119148954952853,125.82972582972585
1.5,0.075,50250.00000000003,0.0235540356031636,0.0119898800174933,114.59492888064317
1.5,0.0774999999999999,50236.00000000003,0.0233725204913927,0.0120690921876664,103.36013193156052
1.5,0.0799999999999999,50274.00000000002,0.0232075588250233,0.0121526332992514,94.37229437229436
1.5,0.0824999999999999,50220.00000000003,0.0230401019709312,0.0122424222993081,86.22964337250056
1.5,0.0849999999999999,50214.00000000005,0.02287790838472,0.0123378755018826,77.05627705627708
1.5,0.0875,50208.00000000002,0.0227203951811229,0.0124348473022337,69.6969696969697
1.5,0.09,50210.00000000003,0.0225645299245941,0.0125393665510532,58.31787260358692
1.5,0.0925,50249.00000000003,0.0224127135829511,0.0126482347165607,52.62832405689551
1.5,0.095,50233.00000000002,0.022269389387349,0.0127611033067538,41.24922696351268
1.5,0.0975,50265.00000000003,0.0221291820626769,0.0128766012185476,36.98206555349414
1.5,0.1,50273.00000000003,0.0219907061419893,0.0129983377631386,21.335807050092757
1.6000000000000003,-0.1,50745.00000000003,0.0430339758016301,0.0182542699739665,769.3877551020406
1.6000000000000003,-0.0975,50727.00000000003,0.0427077616988001,0.0180565312589153,760.5442176870747
1.6000000000000003,-0.095,50691.00000000002,0.0423815439400748,0.0178594078051825,751.7006802721087
1.6000000000000003,-0.0925,50675.00000000003,0.0420543821708284,0.017660936717818,734.0136054421766
1.6000000000000003,-0.09,50670.00000000003,0.0417396215205725,0.0174692476314625,729.7258297258297
1.6000000000000003,-0.0875,50649.00000000002,0.0414112686096887,0.0172766574713011,721.7068645640074
1.6000000000000003,-0.085,50635.00000000003,0.041088678939409,0.0170862244020707,713.6878994021852
1.6000000000000003,-0.0825,50620.00000000003,0.0407653829215715,0.0168957274260663,697.6499690785404
1.6000000000000003,-0.08,50618.00000000002,0.0404442611235733,0.0167083758464825,697.6499690785404
1.6000000000000003,-0.0775,50588.00000000003,0.0401269970214517,0.0165197466682597,689.6310039167181
1.6000000000000003,-0.075,50539.00000000003,0.0398081031044302,0.0163381996963834,681.6120387548958
1.6000000000000003,-0.0725,50562.00000000002,0.0394881737769467,0.0161629318401227,665.5741084312513
1.6000000000000003,-0.07,50516.00000000003,0.0391682923692612,0.0159814834488998,665.5741084312513
1.6000000000000003,-0.0675,50486.00000000002,0.0388578533174205,0.0157997149241236,654.6897546897547
1.6000000000000003,-0.065,50465.00000000005,0.0385450055841982,0.0156278007218042,640.3009688723974
1.6000000000000003,-0.0625,50405.00000000003,0.0382226390037189,0.0154547538814971,640.3009688723974
1.6000000000000003,-0.06,50380.00000000002,0.0379046210297578,0.0152850625961005,625.9121830550403
1.6000000000000003,-0.0575,50391.00000000005,0.0375975576657371,0.0151172451778497,611.523397237683
1.6000000000000003,-0.055,50359.00000000003,0.0372862512824779,0.0149498306406292,611.523397237683
1.6000000000000003,-0.0525,50315.00000000005,0.0369725881357297,0.0147882506284488,597.1346114203258
1.6000000000000003,-0.05,50310.00000000003,0.0366677827538431,0.0146297759665133,589.9402185116471
1.6000000000000003,-0.0475,50292.00000000002,0.0363548135999131,0.0144750132415098,582.7458256029685
1.6000000000000003,-0.045,50257.00000000005,0.0360541320520648,0.0143180609373166,569.6969696969697
1.6000000000000003,-0.0425,50248.00000000003,0.0357477080130355,0.0141668041666591,560.5442176870749
1.6000000000000003,-0.04,50211.00000000005,0.0354476451171028,0.0140223406313763,554.1743970315399
1.6000000000000003,-0.0375,50186.00000000003,0.0351468700506641,0.0138753949390715,541.4347557204701
1.6000000000000003,-0.035,50138.00000000002,0.0348431096434033,0.0137334518013701,535.0649350649351
1.6000000000000003,-0.0325,50126.00000000003,0.0345450331526392,0.0135953748823928,528.6951144094
1.6000000000000003,-0.03,50109.00000000002,0.0342503589713093,0.013460533184557,515.9554730983302
1.6000000000000003,-0.0275,50091.00000000005,0.0339576287741108,0.0133293878050932,509.5856524427954
1.6000000000000003,-0.025,50062.00000000002,0.0336617273465692,0.0132019466052131,496.8460111317254
1.6000000000000003,-0.0225,50022.00000000005,0.0333711519784966,0.0130765483721601,494.47536590393736
1.6000000000000003,-0.02,49993.00000000003,0.0330792226662981,0.0129591546305702,482.4366110080396
1.6000000000000003,-0.0175,49975.00000000005,0.032794018807594,0.0128395071302111,476.89136260564834
1.6000000000000003,-0.015,49978.00000000003,0.0325030118974521,0.0127283449902641,465.8008658008658
1.6000000000000003,-0.0124999999999999,49971.00000000005,0.0322156717549598,0.0126206439325785,454.7103689960833
1.6000000000000003,-0.01,49941.00000000003,0.0319355858391606,0.0125161424041477,443.6198721913008
1.6000000000000003,-0.0075,49923.00000000005,0.0316488913816671,0.0124174610881053,443.6198721913008
1.6000000000000003,-0.005,49897.00000000003,0.0313658982932719,0.0123214393583915,432.5293753865183
1.6000000000000003,-0.0025,49885.00000000005,0.0310864691323871,0.0122279189902062,415.8936301793445
1.6000000000000003,0.0,49870.00000000004,0.0308095298025344,0.0121438879577529,410.6369820655535
1.6000000000000003,0.0025,49836.00000000005,0.0305344201596904,0.0120622972213575,401.2574726860441
1.6000000000000003,0.0049999999999999,49819.00000000003,0.0302585827178432,0.0119824550815186,391.8161203875489
1.6000000000000003,0.0074999999999999,49820.00000000004,0.0299910439193369,0.0119132695628766,382.3747680890537
1.6000000000000003,0.0099999999999999,49792.00000000003,0.0297232764265946,0.0118453737249058,368.212739641311
1.6000000000000003,0.0124999999999999,49763.00000000004,0.0294610746048271,0.0117795534169102,368.212739641311
1.6000000000000003,0.015,49749.00000000003,0.0291955460736729,0.0117232794757115,358.77138734281584
1.6000000000000003,0.0175,49738.00000000005,0.0289392837181008,0.01166850417641,354.05071119356825
1.6000000000000003,0.0199999999999999,49704.00000000003,0.0286842726467477,0.0116207691697279,339.8886827458255
1.6000000000000003,0.0224999999999999,49694.00000000005,0.0284230896709096,0.0115775697264508,327.437641723356
1.6000000000000003,0.0249999999999999,49678.00000000003,0.0281789000414233,0.0115361238443733,318.8208616780045
1.6000000000000003,0.0274999999999999,49662.00000000005,0.0279271013452624,0.0115031932677366,315.5844155844157
1.6000000000000003,0.03,49643.00000000002,0.0276814515885056,0.0114765171499272,303.896103896104
1.6000000000000003,0.0325,49634.00000000003,0.0274389353596775,0.0114520383136072,296.10389610389615
1.6000000000000003,0.035,49606.00000000002,0.0272013883967843,0.0114317429999505,288.3116883116884
1.6000000000000003,0.0375,49578.00000000003,0.0269645208396823,0.0114205090857793,272.7272727272728
1.6000000000000003,0.04,49556.00000000005,0.0267310765239976,0.0114114587884733,264.935064935065
1.6000000000000003,0.0425,49529.00000000002,0.0264967306016795,0.0114060382768958,261.0389610389611
1.6000000000000003,0.0449999999999999,49492.00000000003,0.0262774146250916,0.0114069825210873,247.3510616367759
1.6000000000000003,0.0474999999999999,49485.00000000002,0.026055784899921,0.0114147177104988,243.86724386724387
1.6000000000000003,0.0499999999999999,49475.00000000003,0.0258386525162229,0.0114271746040032,227.29334157905583
1.6000000000000003,0.0524999999999999,49460.00000000004,0.0256178869214547,0.0114426202931963,221.15027829313544
1.6000000000000003,0.0549999999999999,49418.00000000003,0.0254085715179837,0.0114639523738468,211.9356833642548
1.6000000000000003,0.0574999999999999,49415.00000000003,0.0251981678279408,0.0114910306873472,202.72108843537413
1.6000000000000003,0.06,49384.000000000015,0.0249978167757977,0.011524262393147,190.4349618635333
1.6000000000000003,0.0625,49367.00000000003,0.0247983490066784,0.0115618614802147,187.36343022057304
1.6000000000000003,0.065,49353.00000000003,0.0246047030419729,0.0116028095898363,175.07730364873223
1.6000000000000003,0.0675,49354.00000000002,0.0244100311697438,0.0116512242620771,170.19171304885586
1.6000000000000003,0.07,49290.00000000003,0.0242146973058042,0.0117047795513825,154.23623995052563
1.6000000000000003,0.0725,49310.00000000002,0.0240345156258896,0.0117628942783783,143.8054009482581
1.6000000000000003,0.075,49263.00000000003,0.0238505681701262,0.0118248157471541,137.06452277880848
1.6000000000000003,0.0774999999999999,49238.00000000003,0.023673446625452,0.0118905301599978,128.07668521954238
1.6000000000000003,0.0799999999999999,49229.00000000002,0.0234980087740783,0.0119655620417991,116.84188827045968
1.6000000000000003,0.0824999999999999,49186.00000000003,0.0233273425311381,0.0120415906085732,110.1010101010101
1.6000000000000003,0.0849999999999999,49216.00000000003,0.0231657379054906,0.0121243409603661,98.86621315192744
1.6000000000000003,0.0875,49184.00000000002,0.0230019266399395,0.0122125557834624,89.87837559266131
1.6000000000000003,0.09,49210.00000000003,0.0228458329542972,0.0123049670650058,82.56029684601117
1.6000000000000003,0.0925,49195.00000000003,0.0226900848615695,0.0123997472409141,71.55225726654302
1.6000000000000003,0.095,49191.00000000002,0.022537873961369,0.0125032712709789,65.42980828695117
1.6000000000000003,0.0975,49206.00000000003,0.0223923179156303,0.0126084696392405,56.89548546691407
1.6000000000000003,0.1,49222.00000000003,0.0222523343852747,0.0127189212747708,46.938775510204096
1.7000000000000002,-0.1,49541.00000000003,0.0429606628835348,0.0187474910246684,787.0748299319727
1.7000000000000002,-0.0975,49544.00000000003,0.0426475560273907,0.0185410151512616,778.2312925170066
1.7000000000000002,-0.095,49509.000000000015,0.042330509955402,0.0183419692385775,769.3877551020406
1.7000000000000002,-0.0925,49492.00000000003,0.0420150643282214,0.0181423406518584,760.5442176870747
1.7000000000000002,-0.09,49472.00000000003,0.0416907615611115,0.0179443394823059,751.7006802721087
1.7000000000000002,-0.0875,49434.000000000015,0.041377572417505,0.0177485337261033,742.8571428571427
1.7000000000000002,-0.085,49426.00000000003,0.0410605065558033,0.0175527267804413,734.0136054421766
1.7000000000000002,-0.0825,49398.00000000003,0.040747426535804,0.0173610251187972,729.7258297258297
1.7000000000000002,-0.08,49365.000000000015,0.040435977830691,0.0171710874408519,721.7068645640074
1.7000000000000002,-0.0775,49381.00000000003,0.0401282245966779,0.0169774776766362,713.6878994021852
1.7000000000000002,-0.075,49367.00000000003,0.0398095176618587,0.0167915873399414,697.6499690785404
1.7000000000000002,-0.0725,49333.000000000015,0.0395019862324667,0.0166023764821947,689.6310039167181
1.7000000000000002,-0.07,49310.00000000003,0.0391935951134493,0.0164191926688839,681.6120387548958
1.7000000000000002,-0.0675,49303.00000000002,0.0388872898727924,0.0162396360718337,673.5930735930735
1.7000000000000002,-0.065,49264.00000000003,0.0385806491526643,0.0160543031367432,665.5741084312513
1.7000000000000002,-0.0625,49235.00000000003,0.0382727508565209,0.0158799644717978,649.5361781076067
1.7000000000000002,-0.06,49207.000000000015,0.0379729035852514,0.0157035428511744,647.4953617810761
1.7000000000000002,-0.0575,49184.00000000003,0.037662266235934,0.0155301431552671,640.3009688723974
1.7000000000000002,-0.055,49169.00000000003,0.037356897345864,0.0153602907249607,625.9121830550403
1.7000000000000002,-0.0525,49132.00000000003,0.0370570326213351,0.0151868375521319,625.9121830550403
1.7000000000000002,-0.05,49087.00000000003,0.0367527450867751,0.0150250794472774,611.523397237683
1.7000000000000002,-0.0475,49079.00000000002,0.0364509861364358,0.0148593254243146,597.1346114203258
1.7000000000000002,-0.045,49044.00000000003,0.0361511159310405,0.0146994839265718,597.1346114203258
1.7000000000000002,-0.0425,49041.00000000003,0.0358485272373833,0.0145395026127825,582.7458256029685
1.7000000000000002,-0.04,49005.00000000003,0.0355529448080877,0.01438501324314,575.5514326942898
1.7000000000000002,-0.0375,48964.00000000003,0.0352571423311127,0.0142337676224402,566.9140383426097
1.7000000000000002,-0.035,48979.00000000002,0.0349595927760738,0.0140832255486359,554.1743970315399
1.7000000000000002,-0.0325,48933.00000000003,0.0346733526576357,0.013937326414281,547.804576376005
1.7000000000000002,-0.03,48914.00000000002,0.0343727695466717,0.0137976927295947,541.4347557204701
1.7000000000000002,-0.0275,48906.00000000003,0.034087232351991,0.0136579173646966,528.6951144094
1.7000000000000002,-0.025,48860.00000000003,0.0337956733429923,0.0135238650229948,522.3252937538653
1.7000000000000002,-0.0225,48864.00000000003,0.0335124534680273,0.0133884853083567,515.9554730983302
1.7000000000000002,-0.02,48832.00000000002,0.0332262600310601,0.0132575827749292,503.2158317872604
1.7000000000000002,-0.0175,48795.00000000005,0.0329366784363142,0.0131350268689492,494.47536590393736
1.7000000000000002,-0.015,48761.00000000003,0.0326570115750883,0.0130129084302965,482.5602968460112
1.7000000000000002,-0.0124999999999999,48711.00000000005,0.0323813500158174,0.0128950305847712,476.89136260564834
1.7000000000000002,-0.01,48675.00000000003,0.0320960781934838,0.012780593670191,465.8008658008658
1.7000000000000002,-0.0075,48674.00000000005,0.0318185181540405,0.0126733536025696,465.8008658008658
1.7000000000000002,-0.005,48671.00000000003,0.0315406850661493,0.0125673126234606,454.7103689960833
1.7000000000000002,-0.0025,48659.00000000005,0.0312751853253381,0.0124665142683584,438.0746237889096
1.7000000000000002,0.0,48641.00000000003,0.0310058450577527,0.0123704754549047,432.5293753865183
1.7000000000000002,0.0025,48619.00000000005,0.0307359030610166,0.0122772565965522,426.98412698412704
1.7000000000000002,0.0049999999999999,48605.00000000003,0.0304657345383137,0.0121893631521057,410.6369820655535
1.7000000000000002,0.0074999999999999,48618.00000000005,0.0301993308202106,0.0121086788364674,400.3710575139146
1.7000000000000002,0.0099999999999999,48581.00000000003,0.0299354171321239,0.0120262299339765,396.5367965367965
1.7000000000000002,0.0124999999999999,48558.00000000003,0.0296768597162083,0.0119498569282543,391.8161203875489
1.7000000000000002,0.015,48536.00000000003,0.0294177982292295,0.0118837897198464,382.3747680890537
1.7000000000000002,0.0175,48534.00000000005,0.0291620134649489,0.0118193047034656,372.93341579055857
1.7000000000000002,0.0199999999999999,48527.00000000002,0.0289104089937475,0.0117584552535056,363.4920634920634
1.7000000000000002,0.0224999999999999,48487.00000000003,0.0286606447834637,0.0117045098110494,354.05071119356825
1.7000000000000002,0.0249999999999999,48484.00000000002,0.0284166946515776,0.0116520704415051,344.6093588950731
1.7000000000000002,0.0274999999999999,48453.00000000003,0.0281653479481883,0.0116077777656999,336.0544217687075
1.7000000000000002,0.03,48437.00000000002,0.027923012107852,0.011567459243117,327.437641723356
1.7000000000000002,0.0325,48430.00000000003,0.027684202079894,0.0115301866778502,319.4805194805196
1.7000000000000002,0.035,48384.00000000002,0.0274418010779592,0.0115022745917603,303.896103896104
1.7000000000000002,0.0375,48374.00000000003,0.0272146307824705,0.0114771769208621,292.20779220779224
1.7000000000000002,0.04,48359.00000000003,0.0269854981892151,0.0114552801181651,284.4155844155845
1.7000000000000002,0.0425,48338.00000000003,0.0267534964814561,0.011439064230144,280.5194805194806
1.7000000000000002,0.0449999999999999,48355.00000000003,0.0265313856314434,0.01142988294665,272.7272727272728
1.7000000000000002,0.0474999999999999,48284.00000000002,0.0263104235336431,0.0114246806602883,264.935064935065
1.7000000000000002,0.0499999999999999,48273.00000000003,0.0260949581728501,0.0114238914670137,254.31869717584004
1.7000000000000002,0.0524999999999999,48289.00000000004,0.025879844528902,0.0114310849637858,243.86724386724387
1.7000000000000002,0.0549999999999999,48262.00000000003,0.025669749283497,0.0114399967809333,233.41579055864773
1.7000000000000002,0.0574999999999999,48243.00000000003,0.0254639608380892,0.0114540190115527,230.3648732220161
1.7000000000000002,0.06,48237.000000000015,0.0252636105285925,0.0114763116705304,218.0787466501752
1.7000000000000002,0.0625,48233.00000000003,0.0250583533801359,0.011499561663765,205.79262007833435
1.7000000000000002,0.065,48186.00000000004,0.0248663995164806,0.0115306080851857,199.6495567924139
1.7000000000000002,0.0675,48156.00000000002,0.024671006940847,0.0115676955507579,193.5064935064935
1.7000000000000002,0.07,48162.00000000003,0.0244829927471724,0.0116078025201065,181.22036693465265
1.7000000000000002,0.0725,48103.000000000015,0.0242937286448029,0.0116551666975438,175.5102040816326
1.7000000000000002,0.075,48123.00000000003,0.0241071402600652,0.0117082882913746,164.8732220160791
1.7000000000000002,0.0774999999999999,48091.00000000003,0.0239329557217029,0.0117624705495081,156.89548546691398
1.7000000000000002,0.0799999999999999,48120.00000000002,0.0237537707316817,0.0118221827684949,146.05236033807464
1.7000000000000002,0.0824999999999999,48085.00000000003,0.0235854249229698,0.011887349876305,137.06452277880848
1.7000000000000002,0.0849999999999999,48059.00000000003,0.0234164261126107,0.0119565825569067,128.07668521954238
1.7000000000000002,0.0875,48003.00000000002,0.0232520607139595,0.0120337497173206,112.34796949082664
1.7000000000000002,0.09,48040.00000000003,0.0230915971447598,0.0121147953211507,107.8540507111936
1.7000000000000002,0.0925,48052.00000000003,0.0229387667303821,0.012200019743754,96.6192537621109
1.7000000000000002,0.095,48044.00000000002,0.0227851435806006,0.0122886059912303,88.06431663574526
1.7000000000000002,0.0975,48041.00000000003,0.0226351770124254,0.0123831845887252,75.22160379303239
1.7000000000000002,0.1,48037.00000000005,0.0224924345951276,0.0124844976474538,71.11935683364256
1.8000000000000007,-0.1,48235.00000000003,0.0427389740335378,0.0192280938345865,813.6054421768705
1.8000000000000007,-0.0975,48225.00000000003,0.0424269142494442,0.0190251787810054,804.7619047619046
1.8000000000000007,-0.095,48205.000000000015,0.0421156156320721,0.0188193016122165,795.9183673469387
1.8000000000000007,-0.0925,48190.00000000003,0.0418088974478928,0.0186130163200558,787.0748299319727
1.8000000000000007,-0.09,48178.00000000003,0.0414997684237835,0.0184122696966878,778.2312925170066
1.8000000000000007,-0.0875,48153.000000000015,0.0411951026566951,0.0182133872716591,769.3877551020406
1.8000000000000007,-0.085,48118.00000000003,0.0408862765061512,0.0180156610513835,760.5442176870747
1.8000000000000007,-0.0825,48100.00000000003,0.0405784889447945,0.0178172147410841,751.7006802721087
1.8000000000000007,-0.08,48093.000000000015,0.0402756509183714,0.0176221675491668,742.8571428571427
1.8000000000000007,-0.0775,48059.00000000003,0.0399730820136439,0.0174273673381827,729.7258297258297
1.8000000000000007,-0.075,48022.00000000003,0.0396637010170096,0.0172379724820325,721.7068645640074
1.8000000000000007,-0.0725,48007.000000000015,0.0393606227310742,0.0170438408988194,713.6878994021852
1.8000000000000007,-0.07,48007.00000000003,0.0390651283482034,0.0168582579966336,705.6689342403629
1.8000000000000007,-0.0675,47977.00000000002,0.0387679438334247,0.0166703506532531,697.6499690785404
1.8000000000000007,-0.065,47970.00000000003,0.0384655452726489,0.0164857494507888,681.6120387548958
1.8000000000000007,-0.0625,47939.00000000003,0.0381652442964573,0.0163038973995234,681.6120387548958
1.8000000000000007,-0.06,47939.000000000015,0.0378660345509712,0.016120464474412,665.5741084312513
1.8000000000000007,-0.0575,47879.00000000003,0.0375732877733686,0.0159446264321127,665.5741084312513
1.8000000000000007,-0.055,47892.00000000003,0.0372769478200932,0.0157700399449007,654.6897546897547
1.8000000000000007,-0.0525,47870.00000000003,0.0369820150912037,0.0155920583140266,640.3009688723974
1.8000000000000007,-0.05,47810.00000000003,0.0366876205101976,0.015423518974234,633.1065759637188
1.8000000000000007,-0.0475,47782.000000000015,0.0363951794419343,0.0152516961781669,625.9121830550403
1.8000000000000007,-0.045,47765.00000000003,0.036108299944403,0.0150850924215582,611.523397237683
1.8000000000000007,-0.0425,47762.00000000003,0.0358143876386962,0.0149210329955923,604.3290043290044
1.8000000000000007,-0.04,47734.00000000003,0.0355240587453576,0.0147629204580459,597.1346114203258
1.8000000000000007,-0.0375,47721.00000000003,0.0352405164729132,0.0146031037305025,582.7458256029685
1.8000000000000007,-0.035,47698.000000000015,0.0349583352257895,0.0144442237904225,582.7458256029685
1.8000000000000007,-0.0325,47709.00000000003,0.0346677330094673,0.014291562480623,566.9140383426097
1.8000000000000007,-0.03,47667.000000000015,0.0343815027333104,0.014143350437995,560.5442176870749
1.8000000000000007,-0.0275,47616.00000000003,0.0341019330766686,0.0139957991751844,554.1743970315399
1.8000000000000007,-0.025,47619.000000000015,0.0338171419002793,0.0138530050765191,541.4347557204701
1.8000000000000007,-0.0225,47576.00000000003,0.0335419815078056,0.0137090830482725,535.0649350649351
1.8000000000000007,-0.02,47574.00000000003,0.0332673026007375,0.0135749166434379,522.3252937538653
1.8000000000000007,-0.0175,47522.00000000003,0.0329796653293845,0.0134437770231765,515.9554730983302
1.8000000000000007,-0.015,47502.00000000002,0.0327049970957228,0.0133139177119306,509.5856524427954
1.8000000000000007,-0.0124999999999999,47482.00000000003,0.0324370251467833,0.0131865175682381,496.8460111317254
1.8000000000000007,-0.01,47455.00000000003,0.032163653588982,0.0130646558257307,482.5602968460112
1.8000000000000007,-0.0075,47415.00000000004,0.0318922390806741,0.012944773570772,482.4366110080396
1.8000000000000007,-0.005,47403.00000000003,0.0316216992269636,0.0128312831474261,465.8008658008658
1.8000000000000007,-0.0025,47406.00000000004,0.0313600595901394,0.0127209431406479,460.25561739847456
1.8000000000000007,0.0,47360.00000000003,0.03109096418207,0.0126126999968116,449.16512059369205
1.8000000000000007,0.0025,47381.00000000003,0.0308282783679437,0.0125116094258785,443.6198721913008
1.8000000000000007,0.0049999999999999,47371.00000000003,0.0305637753123171,0.0124121781423485,432.5293753865183
1.8000000000000007,0.0074999999999999,47342.00000000003,0.0303051688790379,0.0123193336423456,421.43887858173576
1.8000000000000007,0.0099999999999999,47335.00000000003,0.0300512487381039,0.012227099647024,410.3483817769532
1.8000000000000007,0.0124999999999999,47301.00000000003,0.0297965073451384,0.0121420927283688,405.504019789734
1.8000000000000007,0.015,47319.00000000003,0.0295412808751658,0.0120626886845466,396.5367965367965
1.8000000000000007,0.0175,47295.00000000003,0.0292888343486765,0.0119900912267024,387.0954442383013
1.8000000000000007,0.0199999999999999,47289.00000000002,0.0290454862154108,0.0119164539124421,377.65409193980616
1.8000000000000007,0.0224999999999999,47263.00000000003,0.0287950910313045,0.0118498569091477,368.212739641311
1.8000000000000007,0.0249999999999999,47236.000000000015,0.028553239144957,0.0117854806809332,358.77138734281584
1.8000000000000007,0.0274999999999999,47199.00000000003,0.0283089331347144,0.0117332446466587,349.3300350443207
1.8000000000000007,0.03,47174.000000000015,0.028071213946635,0.0116774355468445,344.6093588950731
1.8000000000000007,0.0325,47183.00000000003,0.0278344981767807,0.011632091461924,335.168006596578
1.8000000000000007,0.035,47127.000000000015,0.0276021805643672,0.0115871062564962,323.12925170068024
1.8000000000000007,0.0375,47118.00000000003,0.0273726130583498,0.0115529024707364,314.5124716553288
1.8000000000000007,0.04,47091.00000000003,0.0271455590827525,0.0115198282413858,311.6883116883118
1.8000000000000007,0.0425,47080.00000000002,0.0269214894614474,0.0114944399858606,303.896103896104
1.8000000000000007,0.0449999999999999,47041.00000000003,0.0266946119760431,0.0114723531746514,284.4155844155845
1.8000000000000007,0.0474999999999999,47030.000000000015,0.0264788046695823,0.0114547796476161,280.5194805194806
1.8000000000000007,0.0499999999999999,46999.00000000003,0.0262680600375936,0.0114438612522712,272.7272727272728
1.8000000000000007,0.0524999999999999,46978.00000000003,0.0260497881247358,0.0114349893293703,261.0389610389611
1.8000000000000007,0.0549999999999999,46971.00000000003,0.0258424414954357,0.0114342841946684,250.834879406308
1.8000000000000007,0.0574999999999999,46940.00000000003,0.0256391243407904,0.0114387790436696,247.35106163677597
1.8000000000000007,0.06,46965.000000000015,0.0254359847612834,0.0114477793829896,240.38342609771183
1.8000000000000007,0.0625,46960.00000000003,0.0252393075202638,0.0114635850298151,230.3648732220161
1.8000000000000007,0.065,46924.00000000003,0.0250447227693667,0.0114780482782349,221.1502782931354
1.8000000000000007,0.0675,46934.000000000015,0.0248494351297447,0.011503297944698,205.79262007833435
1.8000000000000007,0.07,46909.00000000003,0.0246627445449995,0.0115315480416689,202.72108843537413
1.8000000000000007,0.0725,46895.000000000015,0.0244770492067981,0.011565988666913,193.5064935064935
1.8000000000000007,0.075,46884.00000000002,0.0242968890790262,0.0116060137919298,184.29189857761287
1.8000000000000007,0.0774999999999999,46849.00000000003,0.0241165159172792,0.0116526440526988,178.16944959802098
1.8000000000000007,0.0799999999999999,46837.000000000015,0.0239406428800401,0.0117011850344376,162.21397649969072
1.8000000000000007,0.0824999999999999,46826.00000000003,0.0237753277769055,0.0117551669534797,156.89548546691398
1.8000000000000007,0.0849999999999999,46826.00000000003,0.0236037993273311,0.0118163096993586,143.8054009482581
1.8000000000000007,0.0875,46800.000000000015,0.0234428774793558,0.0118809080717887,132.57060399917543
1.8000000000000007,0.09,46794.00000000003,0.0232802409468189,0.0119501448730541,130.32364460935892
1.8000000000000007,0.0925,46771.00000000003,0.0231278484431293,0.0120246725528586,116.84188827045968
1.8000000000000007,0.095,46754.00000000002,0.0229708868752652,0.0121057888103059,107.8540507111936
1.8000000000000007,0.0975,46768.00000000003,0.0228248737641325,0.0121877386113819,98.86621315192744
1.8000000000000007,0.1,46749.00000000003,0.0226771393793364,0.012277879878872,89.89898989898992
1.9000000000000004,-0.1,46993.00000000003,0.0425518156976859,0.0197245350776665,831.4574314574315
1.9000000000000004,-0.0975,46975.00000000003,0.0422506207732635,0.0195120734016147,821.7893217893218
1.9000000000000004,-0.095,46949.000000000015,0.0419444276145159,0.0193053885659761,823.7682951968667
1.9000000000000004,-0.0925,46949.00000000003,0.0416470006368255,0.0191020934797804,804.7619047619046
1.9000000000000004,-0.09,46922.00000000003,0.0413453914075395,0.0188999792337313,795.9183673469387
1.9000000000000004,-0.0875,46903.000000000015,0.0410478121858041,0.0186911086018443,787.0748299319727
1.9000000000000004,-0.085,46904.00000000003,0.0407525670218553,0.0184855316996777,778.2312925170066
1.9000000000000004,-0.0825,46877.00000000003,0.0404537352355182,0.0182882541205526,769.3877551020406
1.9000000000000004,-0.08,46868.000000000015,0.0401582246703564,0.0180879282014295,760.5442176870747
1.9000000000000004,-0.0775,46818.00000000003,0.0398631582383578,0.017887499769759,751.7006802721087
1.9000000000000004,-0.075,46795.00000000003,0.0395699657300509,0.017696294416679,742.8571428571427
1.9000000000000004,-0.0725,46783.000000000015,0.0392676579590025,0.017498510819985,733.5188620902907
1.9000000000000004,-0.07,46761.00000000003,0.0389779405253853,0.0173059967571247,729.7258297258297
1.9000000000000004,-0.0675,46755.00000000002,0.038680787391465,0.0171170409621479,713.6878994021852
1.9000000000000004,-0.065,46728.00000000003,0.0383920606649848,0.0169267203063993,713.6878994021852
1.9000000000000004,-0.0625,46715.00000000003,0.0381049518961237,0.0167386152892415,697.6499690785404
1.9000000000000004,-0.06,46708.000000000015,0.0378106145001699,0.0165554132580859,697.6499690785404
1.9000000000000004,-0.0575,46681.00000000003,0.0375202537553325,0.016371500719182,681.6120387548958
1.9000000000000004,-0.055,46673.00000000002,0.0372297531884996,0.0161892079711795,665.5741084312513
1.9000000000000004,-0.0525,46655.00000000003,0.0369515338994168,0.0160090512426202,665.5741084312513
1.9000000000000004,-0.05,46636.00000000003,0.0366631849958031,0.0158374225279163,654.1743970315399
1.9000000000000004,-0.0475,46605.000000000015,0.0363769602949679,0.0156618454905639,640.3009688723974
1.9000000000000004,-0.045,46601.00000000003,0.0360930384712837,0.0154872039555893,633.1065759637188
1.9000000000000004,-0.0425,46546.000000000015,0.0358073277072643,0.0153177462536889,625.9121830550403
1.9000000000000004,-0.04,46520.00000000003,0.0355284188495559,0.0151522500851078,618.7177901463617
1.9000000000000004,-0.0375,46483.00000000003,0.0352504413366232,0.0149831427287743,611.523397237683
1.9000000000000004,-0.035,46473.000000000015,0.0349681462373838,0.0148233762354371,597.1346114203258
1.9000000000000004,-0.0325,46458.00000000003,0.0346881629291398,0.0146634952889839,589.9402185116471
1.9000000000000004,-0.03,46449.000000000015,0.0344161423366392,0.0145030814358707,582.7458256029685
1.9000000000000004,-0.0275,46433.00000000003,0.0341395647465168,0.0143523958219407,576.4790764790765
1.9000000000000004,-0.025,46405.000000000015,0.0338638367593864,0.0142023725135024,566.9140383426097
1.9000000000000004,-0.0225,46370.00000000003,0.0335917383342954,0.0140525458835069,554.1743970315399
1.9000000000000004,-0.02,46342.00000000003,0.0333164675427094,0.0139106264367864,547.804576376005
1.9000000000000004,-0.0175,46342.00000000003,0.0330464896777642,0.0137682800239281,535.0649350649351
1.9000000000000004,-0.015,46285.00000000003,0.0327791814702114,0.0136273658813221,528.6951144094
1.9000000000000004,-0.0124999999999999,46260.00000000003,0.032507909232662,0.0134957447358551,522.3252937538653
1.9000000000000004,-0.01,46232.00000000003,0.0322439990732368,0.0133626599202182,509.5856524427954
1.9000000000000004,-0.0075,46219.00000000003,0.0319771791250902,0.0132345117740668,503.2158317872604
1.9000000000000004,-0.005,46200.00000000003,0.031716209987214,0.0131134395672923,494.47536590393736
1.9000000000000004,-0.0025,46158.00000000003,0.031454410510826,0.0129927562692139,487.9818594104309
1.9000000000000004,0.0,46155.00000000003,0.0311953398719041,0.0128790232147403,471.34611420325706
1.9000000000000004,0.0025,46130.00000000003,0.0309376484099903,0.0127675731558878,465.8008658008658
1.9000000000000004,0.0049999999999999,46090.00000000003,0.0306805993635427,0.0126598169541108,454.7103689960833
1.9000000000000004,0.0074999999999999,46092.00000000003,0.0304226532842781,0.0125555880373827,443.6198721913008
1.9000000000000004,0.0099999999999999,46086.00000000003,0.0301711547142405,0.0124562929791803,438.0746237889095
1.9000000000000004,0.0124999999999999,46097.00000000003,0.0299179138605617,0.0123611821619469,426.98412698412704
1.9000000000000004,0.015,46065.00000000003,0.0296722250904942,0.0122716790136587,421.43887858173576
1.9000000000000004,0.0175,46046.00000000003,0.0294264438654754,0.0121846943608546,415.7699443413729
1.9000000000000004,0.0199999999999999,46076.00000000002,0.0291822674883978,0.0121026092996893,405.504019789734
1.9000000000000004,0.0224999999999999,46045.00000000003,0.0289387210739879,0.0120262422843326,391.8161203875489
1.9000000000000004,0.0249999999999999,46008.000000000015,0.028705499249337,0.0119530253949497,382.3747680890537
1.9000000000000004,0.0274999999999999,46033.00000000003,0.0284703522189317,0.0118844841096818,372.93341579055857
1.9000000000000004,0.03,45994.000000000015,0.0282297380254534,0.0118204322791501,368.21273964131103
1.9000000000000004,0.0325,45949.00000000003,0.0279990781963555,0.0117618052830728,358.77138734281584
1.9000000000000004,0.035,45917.000000000015,0.0277689854097627,0.011709290229857,349.33003504432065
1.9000000000000004,0.0375,45925.00000000003,0.0275464811417848,0.0116609396838451,339.8886827458256
1.9000000000000004,0.04,45892.00000000003,0.0273162201969888,0.0116177023904573,331.74603174603175
1.9000000000000004,0.0425,45856.00000000002,0.0270948232894102,0.0115784254371694,323.1292517006803
1.9000000000000004,0.0449999999999999,45859.00000000003,0.0268794850039266,0.0115444372166187,311.6883116883118
1.9000000000000004,0.0474999999999999,45863.000000000015,0.0266640621342203,0.0115150560736323,300.00000000000006
1.9000000000000004,0.0499999999999999,45786.00000000003,0.0264451919881906,0.011489054582261,296.10389610389615
1.9000000000000004,0.0524999999999999,45780.00000000003,0.0262382654852091,0.0114700493272007,288.3116883116884
1.9000000000000004,0.0549999999999999,45742.00000000003,0.0260336562256399,0.011458224799923,276.6233766233767
1.9000000000000004,0.0574999999999999,45728.00000000003,0.0258304267099389,0.0114502235933501,268.8311688311689
1.9000000000000004,0.06,45718.000000000015,0.0256261886087953,0.0114447326590763,253.2467532467533
1.9000000000000004,0.0625,45722.00000000003,0.0254303288788701,0.0114478402282685,254.31869717584004
1.9000000000000004,0.065,45708.00000000003,0.0252321102790533,0.0114526599854047,236.8996083281798
1.9000000000000004,0.0675,45688.000000000015,0.0250479061131054,0.0114641382098265,227.29334157905583
1.9000000000000004,0.07,45702.00000000003,0.0248570072305074,0.0114788074633721,218.0787466501752
1.9000000000000004,0.0725,45695.000000000015,0.024669047575932,0.0115006233591999,215.007215007215
1.9000000000000004,0.075,45676.00000000002,0.0244884538695267,0.011527358582372,205.79262007833435
1.9000000000000004,0.0774999999999999,45630.00000000003,0.0243143903752854,0.0115620698535661,196.5780251494537
1.9000000000000004,0.0799999999999999,45620.000000000015,0.0241369767734767,0.0115987902365224,184.29189857761284
1.9000000000000004,0.0824999999999999,45622.00000000003,0.0239707029789074,0.011640358122874,178.14883529169242
1.9000000000000004,0.0849999999999999,45595.00000000003,0.023801425348868,0.0116888084698644,167.53246753246748
1.9000000000000004,0.0875,45592.000000000015,0.0236415456012689,0.011742554304522,156.895485466914
1.9000000000000004,0.09,45587.00000000003,0.023480810306258,0.0118013094700647,146.05236033807464
1.9000000000000004,0.0925,45553.00000000003,0.0233277461873949,0.011861169331862,137.0645227788085
1.9000000000000004,0.095,45550.000000000015,0.0231734524677712,0.0119276517810997,132.57060399917546
1.9000000000000004,0.0975,45522.00000000003,0.0230247265667875,0.0120006083412901,119.08884766027624
1.9000000000000004,0.1,45497.00000000003,0.0228738985505954,0.0120775648165269,110.1010101010101
2.0,-0.1,45768.00000000003,0.0423137757073482,0.02022794204361,860.4617604617605
2.0,-0.0975,45765.00000000003,0.0420168879676669,0.0200196539678461,841.1255411255412
2.0,-0.095,45749.000000000015,0.0417273085746132,0.0198070610399038,841.1255411255412
2.0,-0.0925,45724.00000000003,0.0414337156823117,0.0195969322871519,821.7893217893218
2.0,-0.09,45696.00000000003,0.0411440330072874,0.0193875592451075,821.7893217893218
2.0,-0.0875,45688.000000000015,0.0408535567497478,0.0191829496407435,804.7619047619046
2.0,-0.085,45667.00000000003,0.0405618580903384,0.018978849799594,804.7619047619046
2.0,-0.0825,45651.00000000003,0.0402694983537847,0.0187700671214258,787.0748299319727
2.0,-0.08,45617.000000000015,0.0399814146711029,0.0185637027911282,787.0748299319727
2.0,-0.0775,45595.00000000003,0.0396917472391808,0.0183656463971472,778.2312925170066
2.0,-0.075,45580.00000000002,0.0394075547515098,0.01816754387191,769.3877551020406
2.0,-0.0725,45562.000000000015,0.03912160033321,0.0179654241088269,751.7006802721087
2.0,-0.07,45547.00000000003,0.0388357816522281,0.0177710469889861,751.7006802721087
2.0,-0.0675,45531.000000000015,0.0385499179175739,0.0175737616601305,734.0136054421766
2.0,-0.065,45499.00000000003,0.0382684959059221,0.0173809491660818,729.7258297258297
2.0,-0.0625,45498.00000000003,0.0379822553751676,0.0171925582648155,721.7068645640074
2.0,-0.06,45469.000000000015,0.0377063847849451,0.0169989449522223,713.6878994021852
2.0,-0.0575,45455.00000000003,0.0374258101516572,0.0168112032856029,705.6689342403628
2.0,-0.055,45441.00000000002,0.0371450689420132,0.0166278309454575,697.6499690785404
2.0,-0.0525,45405.00000000003,0.0368679667809072,0.0164385580770626,681.6120387548958
2.0,-0.05,45382.00000000003,0.0365863893093035,0.0162574206522438,681.6120387548958
2.0,-0.0475,45374.000000000015,0.0363112513710512,0.0160760687247509,665.5741084312513
2.0,-0.045,45342.00000000003,0.0360339983852469,0.0159014305027012,657.555143269429
2.0,-0.0425,45324.000000000015,0.0357577313620938,0.0157287038831675,647.4953617810761
2.0,-0.04,45313.00000000003,0.0354853291728339,0.0155509614281724,640.3009688723974
2.0,-0.0375,45293.00000000003,0.0352095046800676,0.0153811166135553,625.9121830550403
2.0,-0.035,45275.000000000015,0.0349420198700732,0.0152121405901487,618.7177901463617
2.0,-0.0325,45245.00000000003,0.0346799364964243,0.0150463576227542,611.523397237683
2.0,-0.03,45246.000000000015,0.0344079199737361,0.0148851786953054,604.3290043290044
2.0,-0.0275,45203.00000000003,0.0341333698718642,0.0147266275101224,597.1346114203258
2.0,-0.025,45197.000000000015,0.0338729446668245,0.0145654002547811,582.7458256029685
2.0,-0.0225,45183.00000000003,0.0336070150722141,0.0144110693956083,575.5514326942898
2.0,-0.02,45159.00000000003,0.0333357266779883,0.0142596614448689,569.6969696969697
2.0,-0.0175,45140.00000000003,0.0330793409012768,0.0141111968817106,560.5442176870749
2.0,-0.015,45129.00000000002,0.0328204448053491,0.0139648424010197,547.804576376005
2.0,-0.0124999999999999,45102.00000000003,0.0325621106276051,0.0138240237529872,541.43475572047
2.0,-0.01,45067.00000000003,0.0322985767614733,0.0136804776597866,535.0649350649351
2.0,-0.0075,45029.00000000003,0.0320441658382401,0.0135464224847695,522.3252937538653
2.0,-0.005,45016.00000000003,0.0317822221675887,0.0134175741038873,515.9554730983302
2.0,-0.0025,44977.00000000003,0.0315308647554712,0.0132880407505964,503.2158317872604
2.0,0.0,44970.00000000003,0.0312800520189964,0.0131624596665571,500.43290043290045
2.0,0.0025,44940.00000000003,0.0310275026222002,0.0130404906548147,488.5178313749743
2.0,0.0049999999999999,44930.00000000003,0.0307787499347658,0.0129241986954271,482.4366110080396
2.0,0.0074999999999999,44869.00000000003,0.0305286701886108,0.0128098597343255,465.8008658008658
2.0,0.0099999999999999,44867.00000000003,0.0302859887693801,0.0127007934685906,460.25561739847456
2.0,0.0124999999999999,44865.00000000003,0.0300372117994562,0.0125950056037026,449.16512059369205
2.0,0.015,44842.00000000003,0.0297971593064558,0.0124946033834015,443.6198721913008
2.0,0.0175,44838.00000000003,0.0295523290321495,0.0123979526144531,432.5293753865183
2.0,0.0199999999999999,44827.00000000002,0.0293161195241457,0.0123065285658953,421.43887858173576
2.0,0.0224999999999999,44815.00000000003,0.0290810214552872,0.0122157016635778,415.7699443413729
2.0,0.0249999999999999,44826.00000000002,0.0288420399686325,0.0121347689790996,405.504019789734
2.0,0.0274999999999999,44829.00000000003,0.0286087873821472,0.0120555264203987,395.2380952380952
2.0,0.03,44799.000000000015,0.0283817300071058,0.0119819485421731,391.8161203875489
2.0,0.0325,44771.00000000003,0.0281587727734804,0.0119097094708733,377.6540919398061
2.0,0.035,44755.000000000015,0.0279274153321671,0.0118478517024078,372.93341579055857
2.0,0.0375,44719.00000000003,0.0277084108109191,0.0117843337454191,354.05071119356825
2.0,0.04,44691.00000000003,0.0274843766169864,0.011732365402274,344.6093588950731
2.0,0.0425,44652.00000000002,0.0272605910091572,0.0116803864956021,339.8886827458256
2.0,0.0449999999999999,44646.00000000003,0.0270485209960076,0.0116347984099603,336.0544217687075
2.0,0.0474999999999999,44642.000000000015,0.0268330409246839,0.0115936488366593,323.1292517006803
2.0,0.0499999999999999,44604.00000000003,0.026623768176594,0.0115606414114624,314.5124716553288
2.0,0.0524999999999999,44615.00000000003,0.0264172291503648,0.0115291839262369,307.7922077922079
2.0,0.0549999999999999,44603.00000000002,0.0262121387413307,0.0115020510297313,300.00000000000006
2.0,0.0574999999999999,44582.00000000003,0.0260105268850855,0.0114834732287234,288.3116883116884
2.0,0.06,44545.000000000015,0.0258183927593891,0.0114656263145393,284.4155844155845
2.0,0.0625,44524.00000000003,0.0256202582421414,0.0114572836447492,268.8311688311689
2.0,0.065,44498.00000000003,0.0254242819669106,0.0114500271797776,261.0389610389611
2.0,0.0675,44476.000000000015,0.0252356682108846,0.0114531148268064,254.31869717584004
2.0,0.07,44464.00000000003,0.0250456776615898,0.0114567283561225,247.35106163677597
2.0,0.0725,44479.000000000015,0.0248686032575364,0.011467264900801,236.8996083281798
2.0,0.075,44454.00000000002,0.0246876123886924,0.0114824613892324,227.2933415790559
2.0,0.0774999999999999,44462.00000000003,0.0245100545937859,0.0115016921819802,218.0787466501752
2.0,0.0799999999999999,44458.000000000015,0.0243355554824677,0.0115259169935868,205.79262007833435
2.0,0.0824999999999999,44446.00000000003,0.0241633813500645,0.0115587802815686,196.5780251494537
2.0,0.0849999999999999,44387.00000000003,0.0239969246797127,0.0115952626736888,190.4349618635333
2.0,0.0875,44410.000000000015,0.0238336542656945,0.0116366135863306,184.29189857761287
2.0,0.09,44362.00000000003,0.0236742025416673,0.011682135815048,172.8509585652442
2.0,0.0925,44369.00000000003,0.0235168035739944,0.011734033995499,159.55473098330236
2.0,0.095,44361.000000000015,0.0233648346048531,0.0117878639275254,154.23623995052563
2.0,0.0975,44352.00000000003,0.0232141293454571,0.01184970310038,146.05236033807464
2.0,0.1,44323.00000000003,0.0230673533647059,0.0119140867566957,130.32364460935892
2.1000000000000005,-0.1,44405.00000000003,0.0419526835246164,0.020742703659592,879.7979797979798
2.1000000000000005,-0.0975,44393.00000000002,0.0416733719417155,0.0205284995741137,870.1298701298701
2.1000000000000005,-0.095,44369.000000000015,0.0413881917711299,0.0203152629375028,860.4617604617605
2.1000000000000005,-0.0925,44352.00000000003,0.0411116827980288,0.0201094029397189,860.4617604617605
2.1000000000000005,-0.09,44321.00000000003,0.0408250599050104,0.0198952801735508,841.1255411255412
2.1000000000000005,-0.0875,44315.000000000015,0.0405462567774159,0.0196833954764596,841.1255411255412
2.1000000000000005,-0.085,44299.00000000003,0.0402674046976427,0.0194721034704693,821.7893217893218
2.1000000000000005,-0.0825,44294.00000000002,0.0399834784144322,0.0192690243583288,814.5124716553288
2.1000000000000005,-0.08,44265.000000000015,0.0397056232638548,0.0190607587956296,804.7619047619046
2.1000000000000005,-0.0775,44258.00000000003,0.0394288952952997,0.0188599708355871,795.9183673469386
2.1000000000000005,-0.075,44228.00000000002,0.0391553964531817,0.0186491236356879,787.0748299319727
2.1000000000000005,-0.0725,44214.000000000015,0.0388754725583728,0.0184476244734261,778.2312925170066
2.1000000000000005,-0.07,44216.00000000003,0.0386022632088081,0.0182496060162939,769.3877551020406
2.1000000000000005,-0.0675,44189.000000000015,0.0383279390353486,0.0180465686491693,760.5442176870747
2.1000000000000005,-0.065,44183.00000000003,0.0380610695934605,0.017846722870973,751.7006802721087
2.1000000000000005,-0.0625,44167.00000000003,0.0377813286053512,0.0176546187892497,742.8571428571427
2.1000000000000005,-0.06,44123.000000000015,0.0375078482428869,0.017459452132518,733.5188620902904
2.1000000000000005,-0.0575,44117.00000000003,0.0372436020143282,0.0172664720835336,721.7068645640074
2.1000000000000005,-0.055,44100.00000000002,0.0369759696748547,0.0170774690170145,713.6878994021852
2.1000000000000005,-0.0525,44095.00000000003,0.0367027590539535,0.0168893124491092,705.6689342403628
2.1000000000000005,-0.05,44079.00000000003,0.0364332861622183,0.0166999614100416,697.6499690785404
2.1000000000000005,-0.0475,44048.000000000015,0.0361653897287633,0.0165156456570074,697.6499690785404
2.1000000000000005,-0.045,44019.00000000003,0.0358915760535011,0.0163305558202422,681.6120387548958
2.1000000000000005,-0.0425,44021.000000000015,0.0356280679081963,0.0161473783664273,673.5930735930735
2.1000000000000005,-0.04,44002.00000000003,0.0353665492752783,0.0159699984032248,665.5741084312513
2.1000000000000005,-0.0375,44006.00000000003,0.0351092779010867,0.0157949207084824,654.1743970315399
2.1000000000000005,-0.035,43967.000000000015,0.0348473459216227,0.0156193568193111,647.4953617810761
2.1000000000000005,-0.0325,43959.00000000003,0.0345823871070283,0.0154464574969922,640.3009688723974
2.1000000000000005,-0.03,43921.000000000015,0.0343261666345829,0.0152756270123592,625.9121830550403
2.1000000000000005,-0.0275,43916.00000000003,0.0340639369582614,0.015111924327198,618.7177901463617
2.1000000000000005,-0.025,43897.000000000015,0.0338051313619753,0.0149451496787834,604.3290043290044
2.1000000000000005,-0.0225,43863.00000000003,0.0335496334134459,0.0147856438397285,597.1346114203258
2.1000000000000005,-0.02,43835.00000000002,0.0333005255112393,0.0146269515650626,589.9402185116471
2.1000000000000005,-0.0175,43818.00000000003,0.0330447696023108,0.0144672814967801,582.7458256029685
2.1000000000000005,-0.015,43814.00000000003,0.0327884508769946,0.0143158108863962,569.6969696969697
2.1000000000000005,-0.0124999999999999,43796.00000000003,0.0325403047718189,0.014165413404142,560.5442176870749
2.1000000000000005,-0.01,43770.00000000003,0.0322942748554316,0.0140149879361713,547.804576376005
2.1000000000000005,-0.0075,43735.00000000003,0.0320359593629184,0.0138762476086825,547.804576376005
2.1000000000000005,-0.005,43725.00000000003,0.0317893994936599,0.0137306360169012,541.43475572047
2.1000000000000005,-0.0025,43692.00000000003,0.0315444200841419,0.013594435426669,535.0649350649351
2.1000000000000005,0.0,43690.00000000002,0.0312987179926273,0.0134630593209474,515.9554730983302
2.1000000000000005,0.0025,43682.00000000003,0.0310561334491484,0.0133342220358825,509.5856524427954
2.1000000000000005,0.0049999999999999,43662.00000000002,0.0308139578306986,0.0132077435776992,496.8460111317254
2.1000000000000005,0.0074999999999999,43605.00000000003,0.0305814398747114,0.0130857912475549,488.5178313749743
2.1000000000000005,0.0099999999999999,43597.00000000003,0.0303416016165505,0.0129648565765914,482.5602968460112
2.1000000000000005,0.0124999999999999,43570.00000000003,0.0300999839984286,0.0128515886732253,476.89136260564834
2.1000000000000005,0.015,43552.00000000003,0.0298716523571239,0.0127420769565424,460.25561739847456
2.1000000000000005,0.0175,43504.00000000003,0.0296335544389885,0.0126346209915903,454.7103689960833
2.1000000000000005,0.0199999999999999,43509.00000000002,0.0294035413023402,0.0125301671568909,449.16512059369205
2.1000000000000005,0.0224999999999999,43535.00000000003,0.0291728470862471,0.0124322086636075,438.0746237889095
2.1000000000000005,0.0249999999999999,43503.000000000015,0.0289433844400547,0.0123412930366596,426.98412698412704
2.1000000000000005,0.0274999999999999,43486.00000000003,0.0287212835302074,0.012249037734289,415.8936301793445
2.1000000000000005,0.03,43486.000000000015,0.0284925673817674,0.0121632604090582,410.6369820655534
2.1000000000000005,0.0325,43501.00000000003,0.0282693724425083,0.0120847561851936,400.3710575139146
2.1000000000000005,0.035,43490.000000000015,0.0280527117646774,0.0120101543547246,396.5367965367965
2.1000000000000005,0.0375,43467.00000000003,0.0278405561139765,0.0119357666704503,382.3747680890537
2.1000000000000005,0.04,43468.00000000003,0.0276231744785401,0.0118699814666109,372.93341579055857
2.1000000000000005,0.0425,43438.00000000002,0.0274055353470776,0.0118070009547032,368.21273964131103
2.1000000000000005,0.0449999999999999,43409.00000000003,0.0271960747841588,0.0117533179154723,358.77138734281584
2.1000000000000005,0.0474999999999999,43383.000000000015,0.0269848844315578,0.0116989108928821,344.6093588950731
2.1000000000000005,0.0499999999999999,43358.00000000003,0.026779944358469,0.0116508641096813,339.8886827458256
2.1000000000000005,0.0524999999999999,43367.00000000003,0.0265754413428216,0.0116084673303055,331.74603174603175
2.1000000000000005,0.0549999999999999,43365.000000000015,0.0263742396892414,0.01157277202733,323.1292517006803
2.1000000000000005,0.0574999999999999,43328.00000000003,0.0261816349449857,0.0115411232652036,314.5124716553288
2.1000000000000005,0.06,43332.000000000015,0.0259837787897197,0.0115152546093318,303.896103896104
2.1000000000000005,0.0625,43293.00000000003,0.0257882899967684,0.0114923633066625,292.20779220779224
2.1000000000000005,0.065,43280.00000000003,0.0256038883973312,0.0114740867233444,284.4155844155845
2.1000000000000005,0.0675,43274.000000000015,0.0254192702938128,0.0114644846465001,276.6233766233767
2.1000000000000005,0.07,43236.00000000003,0.0252313426542364,0.0114548907061397,268.8311688311689
2.1000000000000005,0.0725,43192.000000000015,0.0250527953479312,0.0114525497385768,257.8025149453721
2.1000000000000005,0.075,43222.000000000015,0.024875363312201,0.0114577186156364,247.351061636776
2.1000000000000005,0.0774999999999999,43237.00000000003,0.0247002020837276,0.0114638678906717,240.38342609771183
2.1000000000000005,0.0799999999999999,43198.000000000015,0.0245313099765589,0.0114806405934198,229.9319727891157
2.1000000000000005,0.0824999999999999,43204.00000000002,0.02436145890045,0.0114941557204139,221.1502782931354
2.1000000000000005,0.0849999999999999,43204.00000000003,0.0241957445318743,0.0115181203664008,215.007215007215
2.1000000000000005,0.0875,43201.000000000015,0.0240296055909088,0.0115483891938945,202.72108843537413
2.1000000000000005,0.09,43133.00000000003,0.0238729666206207,0.0115812272632843,196.5780251494537
2.1000000000000005,0.0925,43144.00000000003,0.0237158881573069,0.0116235836225026,184.29189857761287
2.1000000000000005,0.095,43119.000000000015,0.023561811280378,0.0116689854800324,178.16944959802098
2.1000000000000005,0.0975,43126.00000000003,0.0234120825549723,0.0117155546105434,164.8732220160791
2.1000000000000005,0.1,43104.00000000003,0.0232695345339214,0.0117707941442747,159.55473098330236
2.2,-0.1,43077.00000000003,0.0415876335533726,0.0212730491944981,897.1552257266543
2.2,-0.0975,43038.00000000002,0.0413115621950293,0.0210580641022976,899.1341991341992
2.2,-0.095,43012.000000000015,0.0410330047662802,0.0208415912259362,879.7979797979798
2.2,-0.0925,42998.00000000003,0.04075675283958,0.0206261790943039,870.1298701298701
2.2,-0.09,42983.00000000002,0.0404839016927566,0.0204133942520681,860.4617604617605
2.2,-0.0875,42970.000000000015,0.0402182066093236,0.0202008507271673,850.7936507936508
2.2,-0.085,42961.00000000003,0.0399459465921116,0.0199889253198429,841.1255411255412
2.2,-0.0825,42959.00000000002,0.0396788563621626,0.0197763580313738,841.1255411255412
2.2,-0.08,42928.000000000015,0.0394099877817634,0.0195649093598968,821.7893217893218
2.2,-0.0775,42918.00000000003,0.0391365930739081,0.0193618982794934,821.7893217893218
2.2,-0.075,42897.00000000003,0.0388678836413226,0.0191521171839637,804.7619047619046
2.2,-0.0725,42879.000000000015,0.0385985193158472,0.0189416498724892,804.7619047619046
2.2,-0.07,42854.00000000003,0.0383307786796458,0.0187431533225234,787.0748299319727
2.2,-0.0675,42844.000000000015,0.0380660985132691,0.0185429385592202,787.0748299319727
2.2,-0.065,42840.00000000003,0.037800596826286,0.0183407547298773,769.3877551020406
2.2,-0.0625,42827.00000000003,0.0375361032717792,0.018137750877316,769.3877551020406
2.2,-0.06,42795.000000000015,0.0372677947444305,0.0179372218295296,751.7006802721087
2.2,-0.0575,42792.00000000003,0.0370104841670384,0.0177431168450987,751.7006802721087
2.2,-0.055,42788.00000000002,0.0367465121582494,0.0175459712931756,734.0136054421766
2.2,-0.0525,42740.00000000003,0.0364840760598938,0.0173548348946301,729.7258297258297
2.2,-0.05,42744.00000000003,0.0362254401870187,0.0171572179772063,713.6878994021852
2.2,-0.0475,42729.000000000015,0.0359651615146256,0.0169704228571563,705.6689342403628
2.2,-0.045,42699.00000000003,0.0357039475842213,0.0167827930736883,697.6499690785404
2.2,-0.0425,42678.000000000015,0.0354485826221097,0.0165956832586236,689.6310039167181
2.2,-0.04,42660.00000000003,0.0351891523019071,0.0164130812861128,681.6120387548958
2.2,-0.0375,42639.00000000003,0.0349365414018898,0.016230423235798,673.5930735930735
2.2,-0.035,42610.000000000015,0.0346837890125164,0.0160523664298808,665.5741084312513
2.2,-0.0325,42617.00000000003,0.0344277018432869,0.0158726811921244,654.1743970315399
2.2,-0.03,42587.000000000015,0.0341729355096242,0.015697722536674,647.4953617810761
2.2,-0.0275,42566.00000000003,0.0339210833614455,0.0155244089100923,633.1065759637188
2.2,-0.025,42555.000000000015,0.0336764084855322,0.0153533597811224,633.1065759637188
2.2,-0.0225,42525.00000000003,0.0334279109933997,0.015189404825709,618.7177901463617
2.2,-0.02,42488.000000000015,0.0331750664354101,0.0150165465050095,611.523397237683
2.2,-0.0175,42484.00000000003,0.0329276882137434,0.0148579341416104,597.1346114203258
2.2,-0.015,42455.000000000015,0.0326850891479951,0.0146989320377597,597.1346114203258
2.2,-0.0124999999999999,42470.00000000003,0.0324423206651852,0.0145395652810681,589.9402185116471
2.2,-0.01,42462.00000000002,0.0321984250326795,0.014384255599919,576.4790764790765
2.2,-0.0075,42454.00000000003,0.0319612120157779,0.014233116111809,566.9140383426098
2.2,-0.005,42392.00000000002,0.0317194316249927,0.014084339463621,560.5442176870749
2.2,-0.0025,42406.00000000003,0.0314827146685845,0.0139391131755324,554.1743970315399
2.2,0.0,42373.00000000002,0.0312435576729813,0.0137962419155207,541.4347557204701
2.2,0.0025,42352.00000000003,0.0310132504165104,0.0136554646745718,535.0649350649351
2.2,0.0049999999999999,42328.00000000002,0.0307744371384038,0.0135237494479759,515.9554730983302
2.2,0.0074999999999999,42317.00000000003,0.0305434948407983,0.0133879232199892,509.5856524427954
2.2,0.0099999999999999,42286.00000000003,0.0303192951513894,0.0132605384505246,503.2158317872604
2.2,0.0124999999999999,42233.00000000003,0.0300832264568868,0.0131359560387457,494.47536590393736
2.2,0.015,42232.00000000002,0.0298540608124762,0.01301357656409,488.5178313749743
2.2,0.0175,42211.00000000003,0.0296295646904054,0.0129011207022356,476.89136260564834
2.2,0.0199999999999999,42174.000000000015,0.0294024314237195,0.0127878368677355,465.8008658008658
2.2,0.0224999999999999,42171.00000000003,0.0291823047940474,0.0126778687900598,454.7103689960833
2.2,0.0249999999999999,42111.000000000015,0.0289626796489163,0.0125727663172254,443.6198721913008
2.2,0.0274999999999999,42128.00000000003,0.0287418045444859,0.0124721820296659,438.0746237889095
2.2,0.03,42140.000000000015,0.028520900352962,0.0123747580317466,432.5293753865183
2.2,0.0325,42116.00000000003,0.0283066426553662,0.0122840298285763,426.98412698412704
2.2,0.035,42109.000000000015,0.028093154594105,0.0121966595656641,415.7699443413729
2.2,0.0375,42123.00000000002,0.0278813145082755,0.0121133929373671,400.3710575139146
2.2,0.04,42116.00000000003,0.0276704484064256,0.0120368157231575,396.5367965367965
2.2,0.0425,42097.000000000015,0.0274579429252672,0.0119638743656718,387.0954442383013
2.2,0.0449999999999999,42087.00000000003,0.0272510096880471,0.0118944215716785,377.6540919398061
2.2,0.0474999999999999,42066.000000000015,0.0270511614724315,0.0118296977143387,368.21273964131103
2.2,0.0499999999999999,42033.00000000003,0.0268517080489025,0.0117698264137642,358.77138734281584
2.2,0.0524999999999999,42038.00000000003,0.0266555258305439,0.0117173631496929,349.33003504432065
2.2,0.0549999999999999,42029.00000000002,0.0264574153094954,0.0116683170902311,339.8886827458256
2.2,0.0574999999999999,42015.00000000003,0.0262630756463144,0.0116233304761642,331.74603174603175
2.2,0.06,41982.000000000015,0.026066851974932,0.0115849557809659,323.1292517006803
2.2,0.0625,41993.00000000003,0.0258833491272099,0.0115510772485683,314.5124716553288
2.2,0.065,41958.00000000003,0.0256943972637751,0.0115219644088834,303.896103896104
2.2,0.0675,41941.000000000015,0.0255078056756877,0.0114965165002058,300.00000000000006
2.2,0.07,41932.00000000003,0.0253306949491857,0.0114769634327971,284.4155844155845
2.2,0.0725,41913.000000000015,0.0251506402837948,0.0114631502061814,280.5194805194806
2.2,0.075,41894.000000000015,0.0249711396298213,0.011457113046251,268.8311688311689
2.2,0.0774999999999999,41869.00000000003,0.0248001396804931,0.011452923078558,261.0389610389611
2.2,0.0799999999999999,41859.000000000015,0.0246291583719656,0.0114565237822431,254.31869717584004
2.2,0.0824999999999999,41854.00000000003,0.0244639776550999,0.011460644284257,243.8672438672439
2.2,0.0849999999999999,41870.00000000003,0.0243031892947325,0.0114709295684003,229.9319727891157
2.2,0.0875,41849.000000000015,0.0241384685472037,0.0114871746206114,227.2933415790559
2.2,0.09,41847.00000000003,0.0239795400580733,0.0115098589499832,215.007215007215
2.2,0.0925,41828.00000000003,0.0238253471602663,0.0115343627490166,208.86415172129452
2.2,0.095,41805.000000000015,0.0236742665785511,0.0115692580142443,190.4349618635333
2.2,0.0975,41770.000000000015,0.0235209605436994,0.0116073817905513,190.4349618635333
2.2,0.1,41771.00000000003,0.02337547746396,0.0116494730031751,178.14883529169242
2.3000000000000007,-0.1,41689.00000000003,0.0411650423609189,0.0218037849571045,923.3560090702948
2.3000000000000007,-0.0975,41678.00000000002,0.0409019466771871,0.0215819916844403,912.8633271490414
2.3000000000000007,-0.095,41663.000000000015,0.0406347518665019,0.0213625537641562,912.8633271490414
2.3000000000000007,-0.0925,41624.00000000003,0.0403724916076827,0.0211452422384988,889.4660894660894
2.3000000000000007,-0.09,41622.00000000003,0.0401013999996402,0.0209312172648533,889.4660894660894
2.3000000000000007,-0.0875,41607.000000000015,0.0398436341062005,0.0207130347618564,879.7979797979798
2.3000000000000007,-0.085,41589.00000000003,0.0395747948751684,0.0205009684541918,870.1298701298701
2.3000000000000007,-0.0825,41578.00000000002,0.0393225766009603,0.0202875535891079,860.4617604617605
2.3000000000000007,-0.08,41577.000000000015,0.0390656534808436,0.0200724479001554,860.4617604617605
2.3000000000000007,-0.0775,41568.00000000003,0.0388040778942056,0.0198616648777197,841.1255411255412
2.3000000000000007,-0.075,41553.00000000002,0.0385493104676959,0.0196479932222134,841.1255411255412
2.3000000000000007,-0.0725,41541.000000000015,0.0382918849296835,0.0194460098324872,821.7893217893218
2.3000000000000007,-0.07,41522.00000000003,0.0380311183570459,0.0192365656111348,822.4489795918365
2.3000000000000007,-0.0675,41494.000000000015,0.0377769854609307,0.019029807552875,804.7619047619046
2.3000000000000007,-0.065,41475.00000000003,0.0375191537835177,0.0188264558924583,804.7619047619046
2.3000000000000007,-0.0625,41436.00000000003,0.0372636158223312,0.0186251795723815,787.0748299319727
2.3000000000000007,-0.06,41459.000000000015,0.0370080487546103,0.018426115074492,778.2312925170066
2.3000000000000007,-0.0575,41450.00000000003,0.0367540544951328,0.0182213749562403,769.3877551020406
2.3000000000000007,-0.055,41402.000000000015,0.0365033439986927,0.018017830583887,760.5442176870747
2.3000000000000007,-0.0525,41391.00000000003,0.0362567192373187,0.0178219482283415,751.7006802721087
2.3000000000000007,-0.05,41397.00000000003,0.0360074384622318,0.0176247412829731,742.8571428571427
2.3000000000000007,-0.0475,41380.000000000015,0.0357576102625423,0.0174316958802172,729.7258297258297
2.3000000000000007,-0.045,41366.00000000003,0.0355086703874256,0.0172392328758215,721.7068645640074
2.3000000000000007,-0.0425,41350.000000000015,0.0352609910859036,0.0170454085310526,713.6878994021852
2.3000000000000007,-0.04,41310.00000000003,0.0350136002584049,0.0168559614008991,705.6689342403628
2.3000000000000007,-0.0375,41303.00000000003,0.0347707160761663,0.0166715199363214,697.6499690785404
2.3000000000000007,-0.035,41313.000000000015,0.0345283845742931,0.0164890832891991,689.6310039167181
2.3000000000000007,-0.0325,41285.00000000003,0.034279012075892,0.0163048282660552,673.5930735930735
2.3000000000000007,-0.03,41253.000000000015,0.0340440191686827,0.0161201832781812,673.5930735930735
2.3000000000000007,-0.0275,41255.00000000003,0.0338031245592552,0.0159442109122417,657.555143269429
2.3000000000000007,-0.025,41249.000000000015,0.0335588576009116,0.0157658906229832,646.5677179962895
2.3000000000000007,-0.0225,41220.00000000003,0.0333204184039389,0.0155896173402812,647.4953617810761
2.3000000000000007,-0.02,41188.000000000015,0.0330810045157387,0.0154196743094631,633.1065759637188
2.3000000000000007,-0.0175,41191.00000000003,0.032845984958994,0.0152518723119998,618.7177901463617
2.3000000000000007,-0.015,41190.000000000015,0.0326091112763134,0.0150834406108933,611.523397237683
2.3000000000000007,-0.0124999999999999,41154.00000000003,0.0323706070295476,0.0149215322357485,604.3290043290044
2.3000000000000007,-0.01,41124.00000000003,0.0321419336771152,0.0147590929711216,589.9402185116471
2.3000000000000007,-0.0075,41117.00000000003,0.0319086889792842,0.0146009643901517,589.9402185116471
2.3000000000000007,-0.005,41110.00000000002,0.0316716477742774,0.0144429052614027,575.5514326942898
2.3000000000000007,-0.0025,41097.00000000003,0.0314400923853052,0.0142892138256973,569.6969696969697
2.3000000000000007,0.0,41076.00000000003,0.0312106489773349,0.0141391160467469,554.1743970315399
2.3000000000000007,0.0025,41069.00000000003,0.0309828405969752,0.0139917662930524,554.1743970315399
2.3000000000000007,0.0049999999999999,41059.00000000002,0.0307627769143193,0.013850640965736,547.8045763760049
2.3000000000000007,0.0074999999999999,41011.00000000003,0.0305347289247552,0.0137056033547172,535.0649350649351
2.3000000000000007,0.0099999999999999,40993.00000000002,0.0303138850636095,0.0135707286186428,522.3252937538653
2.3000000000000007,0.0124999999999999,40962.00000000003,0.0300908813452957,0.0134388749600157,509.5856524427954
2.3000000000000007,0.015,40968.00000000002,0.0298666217593799,0.0133075183955846,503.2158317872604
2.3000000000000007,0.0175,40954.00000000003,0.0296450892441683,0.0131802049781007,500.43290043290045
2.3000000000000007,0.0199999999999999,40914.000000000015,0.0294290506879828,0.0130558618818309,488.5178313749743
2.3000000000000007,0.0224999999999999,40901.00000000003,0.0292149041340068,0.0129379190878531,482.4366110080396
2.3000000000000007,0.0249999999999999,40861.000000000015,0.0289963631193096,0.0128225498468451,465.8008658008658
2.3000000000000007,0.0274999999999999,40841.00000000003,0.0287851250080318,0.0127113025969424,460.25561739847456
2.3000000000000007,0.03,40822.000000000015,0.0285722018641216,0.0126059494290916,449.16512059369205
2.3000000000000007,0.0325,40811.00000000003,0.028365158906529,0.0125046578339292,443.6198721913008
2.3000000000000007,0.035,40795.000000000015,0.028155589468088,0.0124055085246945,438.0746237889095
2.3000000000000007,0.0375,40811.00000000003,0.0279507631319229,0.0123122209343069,421.43887858173576
2.3000000000000007,0.04,40792.00000000003,0.027749012250678,0.0122206601039691,415.7699443413729
2.3000000000000007,0.0425,40789.000000000015,0.0275496761183481,0.0121371479715686,405.504019789734
2.3000000000000007,0.0449999999999999,40817.00000000003,0.0273495367008508,0.0120578679199118,400.3710575139146
2.3000000000000007,0.0474999999999999,40804.000000000015,0.0271490062505574,0.0119819244842761,382.3747680890537
2.3000000000000007,0.0499999999999999,40773.00000000003,0.0269501760243226,0.0119107383058099,372.93341579055857
2.3000000000000007,0.0524999999999999,40781.00000000003,0.0267588880139621,0.0118457973596915,372.93341579055857
2.3000000000000007,0.0549999999999999,40755.000000000015,0.0265691879955985,0.0117820335194565,363.4920634920634
2.3000000000000007,0.0574999999999999,40747.00000000003,0.0263783282043772,0.0117305008810813,354.05071119356825
2.3000000000000007,0.06,40716.000000000015,0.0261877282650969,0.0116794764958031,344.6093588950731
2.3000000000000007,0.0625,40731.00000000003,0.0260023583943722,0.0116309734137282,336.05442176870747
2.3000000000000007,0.065,40688.00000000003,0.0258194834150821,0.0115898145356931,331.74603174603175
2.3000000000000007,0.0675,40709.000000000015,0.0256449670608349,0.011555269506987,318.8208616780045
2.3000000000000007,0.07,40672.00000000003,0.0254614722947591,0.0115263867989954,307.7922077922079
2.3000000000000007,0.0725,40660.000000000015,0.0252820026268619,0.0114993271569683,300.00000000000006
2.3000000000000007,0.075,40650.00000000002,0.0251147717318998,0.0114812009087341,292.20779220779224
2.3000000000000007,0.0774999999999999,40626.00000000003,0.0249402688700301,0.0114632070093403,284.4155844155845
2.3000000000000007,0.0799999999999999,40616.000000000015,0.0247729195146931,0.0114527818389871,272.7272727272728
2.3000000000000007,0.0824999999999999,40606.00000000002,0.0246112909384839,0.0114478550293989,268.8311688311689
2.3000000000000007,0.0849999999999999,40584.00000000003,0.0244475228500254,0.0114470511210719,254.31869717584004
2.3000000000000007,0.0875,40590.000000000015,0.0242855735780881,0.0114522831558086,254.31869717584004
2.3000000000000007,0.09,40615.00000000002,0.0241296527560049,0.0114648035039848,236.8996083281798
2.3000000000000007,0.0925,40568.00000000003,0.0239758700254463,0.0114777148004652,229.9319727891157
2.3000000000000007,0.095,40536.000000000015,0.0238247611059372,0.011496917221269,221.1502782931354
2.3000000000000007,0.0975,40548.00000000002,0.0236750513304884,0.0115229252323727,202.72108843537413
2.3000000000000007,0.1,40515.00000000003,0.0235275266011246,0.0115563227986164,202.72108843537413
2.4000000000000004,-0.1,40364.00000000003,0.0407416026946902,0.0223463257434043,954.8340548340548
2.4000000000000004,-0.0975,40364.00000000002,0.0404884760422598,0.0221265739233128,933.8486909915482
2.4000000000000004,-0.095,40334.000000000015,0.0402341148052358,0.0219067396646439,933.8486909915482
2.4000000000000004,-0.0925,40327.00000000003,0.0399810477135936,0.0216910016548447,912.8633271490414
2.4000000000000004,-0.09,40318.00000000002,0.0397243100294022,0.0214663409889897,912.8633271490414
2.4000000000000004,-0.0875,40303.000000000015,0.0394718782235356,0.0212504627550862,891.8779633065349
2.4000000000000004,-0.085,40296.00000000003,0.0392179764304823,0.0210365719757237,899.1341991341992
2.4000000000000004,-0.0825,40273.00000000002,0.0389641660340262,0.0208185108114359,879.7979797979798
2.4000000000000004,-0.08,40264.000000000015,0.0387102258130436,0.0206053504828821,879.7979797979798
2.4000000000000004,-0.0775,40246.00000000003,0.0384690461627704,0.0203947526158613,860.4617604617605
2.4000000000000004,-0.075,40244.000000000015,0.0382208868083883,0.020177883880073,860.4617604617605
2.4000000000000004,-0.0725,40236.000000000015,0.037970129321399,0.0199666501324953,841.1255411255412
2.4000000000000004,-0.07,40239.00000000003,0.0377287750167302,0.0197526363247487,841.1255411255412
2.4000000000000004,-0.0675,40209.000000000015,0.0374755995022515,0.0195452085171954,821.7893217893218
2.4000000000000004,-0.065,40189.00000000003,0.0372276200071601,0.0193393118838956,821.7893217893218
2.4000000000000004,-0.0625,40187.00000000002,0.0369819118085015,0.0191301081456528,804.7619047619046
2.4000000000000004,-0.06,40184.000000000015,0.0367384295899269,0.0189221784987185,804.7619047619046
2.4000000000000004,-0.0575,40150.00000000003,0.0364936832865237,0.0187230692305203,787.0748299319727
2.4000000000000004,-0.055,40124.000000000015,0.0362504046428434,0.0185234014978952,778.2312925170066
2.4000000000000004,-0.0525,40119.00000000003,0.0360101401174041,0.0183176290105626,769.3877551020406
2.4000000000000004,-0.05,40111.00000000003,0.0357721875428633,0.0181118897352189,760.5442176870747
2.4000000000000004,-0.0475,40075.000000000015,0.0355256577240312,0.0179196742819737,751.7006802721087
2.4000000000000004,-0.045,40075.00000000003,0.0352851974455495,0.0177236443053641,751.7006802721087
2.4000000000000004,-0.0425,40054.000000000015,0.0350490548822783,0.0175288594355425,741.9501133786846
2.4000000000000004,-0.04,40045.00000000003,0.03480439361496,0.0173369953697891,729.7258297258297
2.4000000000000004,-0.0375,40017.00000000003,0.03457131592899,0.0171361889937982,721.7068645640074
2.4000000000000004,-0.035,40042.000000000015,0.034336628788303,0.0169505986126098,705.6689342403628
2.4000000000000004,-0.0325,40011.00000000003,0.0340990524916907,0.0167614431153543,705.6689342403628
2.4000000000000004,-0.03,39998.000000000015,0.0338714592660012,0.0165743452615027,689.6310039167181
2.4000000000000004,-0.0275,39976.00000000003,0.0336301221041955,0.0163900671187669,681.6120387548958
2.4000000000000004,-0.025,39946.000000000015,0.0334011714907235,0.0162087348888052,673.5930735930735
2.4000000000000004,-0.0225,39926.00000000003,0.0331686014560315,0.016028754618159,657.555143269429
2.4000000000000004,-0.02,39938.000000000015,0.0329413524121401,0.0158476960950517,654.1743970315399
2.4000000000000004,-0.0175,39924.00000000003,0.0327131872145522,0.015673546382123,647.4953617810761
2.4000000000000004,-0.015,39895.00000000002,0.0324783268815047,0.0155029383821008,633.1065759637188
2.4000000000000004,-0.0124999999999999,39885.00000000003,0.0322574061961934,0.015329200566289,633.1065759637188
2.4000000000000004,-0.01,39859.00000000002,0.032034278745076,0.0151623326117144,618.7177901463617
2.4000000000000004,-0.0075,39853.00000000003,0.0318099364300229,0.0149958170165745,611.523397237683
2.4000000000000004,-0.005,39814.00000000002,0.0315845902359025,0.0148337614437392,604.3290043290044
2.4000000000000004,-0.0025,39785.00000000003,0.0313630876546972,0.0146728207599925,589.9402185116471
2.4000000000000004,0.0,39809.00000000002,0.0311467681338102,0.0145146250798395,582.7458256029685
2.4000000000000004,0.0025,39779.00000000003,0.0309248504574128,0.0143604552289711,576.4790764790765
2.4000000000000004,0.0049999999999999,39761.000000000015,0.030709291961934,0.0142103697997487,569.6969696969697
2.4000000000000004,0.0074999999999999,39744.00000000003,0.0304914269657674,0.0140597887343965,547.804576376005
2.4000000000000004,0.0099999999999999,39736.00000000002,0.0302762566761426,0.0139176881968769,547.804576376005
2.4000000000000004,0.0124999999999999,39706.00000000003,0.0300643601155499,0.0137714829971324,541.43475572047
2.4000000000000004,0.015,39696.000000000015,0.0298480045386958,0.0136319737481119,528.6951144094002
2.4000000000000004,0.0175,39659.00000000003,0.029634112697412,0.0135008502823188,515.9554730983302
2.4000000000000004,0.0199999999999999,39685.000000000015,0.0294260615615944,0.013366884916633,509.5856524427954
2.4000000000000004,0.0224999999999999,39666.00000000003,0.029218292085272,0.0132417583817261,503.2158317872604
2.4000000000000004,0.0249999999999999,39635.000000000015,0.0290100995367684,0.0131170873763518,488.5178313749743
2.4000000000000004,0.0274999999999999,39620.00000000003,0.0288072254774633,0.012996814090437,488.5178313749743
2.4000000000000004,0.03,39598.000000000015,0.0285995720682787,0.0128819003183618,471.34611420325706
2.4000000000000004,0.0325,39557.00000000003,0.0283951786307389,0.0127702325115933,460.25561739847456
2.4000000000000004,0.035,39540.000000000015,0.0281990051270472,0.0126602825570489,460.25561739847456
2.4000000000000004,0.0375,39514.00000000002,0.0279994517168332,0.012555576575734,449.16512059369205
2.4000000000000004,0.04,39514.00000000003,0.0277994327386541,0.0124556477681517,438.0746237889095
2.4000000000000004,0.0425,39511.000000000015,0.0276035784620886,0.012362001177089,426.98412698412704
2.4000000000000004,0.0449999999999999,39493.00000000003,0.0274109273730085,0.0122701889947683,421.43887858173576
2.4000000000000004,0.0474999999999999,39481.000000000015,0.027216774409788,0.0121834819179686,410.6369820655534
2.4000000000000004,0.0499999999999999,39502.00000000003,0.0270299163161537,0.0121031044818709,400.3710575139146
2.4000000000000004,0.0524999999999999,39521.00000000003,0.0268415139008952,0.0120278622465596,395.2380952380952
2.4000000000000004,0.0549999999999999,39484.000000000015,0.026649141600287,0.0119541056034481,387.0954442383013
2.4000000000000004,0.0574999999999999,39478.00000000003,0.0264667477334625,0.0118856031650321,372.93341579055857
2.4000000000000004,0.06,39488.000000000015,0.0262860155125049,0.0118222819569188,368.21273964131103
2.4000000000000004,0.0625,39450.00000000003,0.0261031780337313,0.0117661077096599,358.77138734281584
2.4000000000000004,0.065,39450.00000000003,0.0259216811625883,0.011714354124002,349.33003504432065
2.4000000000000004,0.0675,39423.000000000015,0.025744266303207,0.0116643006361432,339.8886827458256
2.4000000000000004,0.07,39433.00000000003,0.0255706626346134,0.0116209939009672,331.74603174603175
2.4000000000000004,0.0725,39406.000000000015,0.0253955044284916,0.0115849013407154,323.1292517006803
2.4000000000000004,0.075,39383.000000000015,0.0252308235992007,0.0115543796538772,314.5124716553288
2.4000000000000004,0.0774999999999999,39396.00000000003,0.0250620464579171,0.011526041194805,311.6883116883118
2.4000000000000004,0.0799999999999999,39355.000000000015,0.0248963223971807,0.0115007743147714,303.896103896104
2.4000000000000004,0.0824999999999999,39342.00000000002,0.0247367804493152,0.011482857046808,284.4155844155845
2.4000000000000004,0.0849999999999999,39329.00000000003,0.024573540446823,0.0114724307792898,276.6233766233767
2.4000000000000004,0.0875,39334.000000000015,0.0244224145576949,0.0114623699394834,268.8311688311689
2.4000000000000004,0.09,39298.00000000002,0.024261356373564,0.0114627802832066,257.8025149453721
2.4000000000000004,0.0925,39318.00000000003,0.0241123151120969,0.0114653628678498,250.834879406308
2.4000000000000004,0.095,39295.000000000015,0.0239637793217166,0.0114716807944502,247.351061636776
2.4000000000000004,0.0975,39340.00000000002,0.0238243647490686,0.0114898679261504,240.38342609771183
2.4000000000000004,0.1,39295.00000000003,0.0236758589187677,0.011506699898803,227.29334157905583
2.5,-0.1,39001.00000000003,0.04025672685416,0.022877740696451,975.8194186765616
2.5,-0.0975,38979.00000000002,0.0400123630266312,0.0226563321878613,954.8340548340548
2.5,-0.095,38964.000000000015,0.039762748092945,0.0224325191489026,954.8340548340548
2.5,-0.0925,38945.00000000003,0.0395158115500297,0.0222117326957481,933.8486909915482
2.5,-0.09,38949.000000000015,0.0392711061477937,0.0219943643279935,933.8486909915482
2.5,-0.0875,38920.000000000015,0.0390249199082679,0.0217754706991229,923.3560090702948
2.5,-0.085,38911.00000000003,0.0387795124768096,0.0215524684025819,912.8633271490414
2.5,-0.0825,38906.00000000002,0.0385405115861658,0.0213330615283386,912.8633271490414
2.5,-0.08,38861.000000000015,0.0382970168126522,0.0211192742851208,889.4660894660894
2.5,-0.0775,38859.00000000003,0.038055342575954,0.0209024225031285,879.7979797979798
2.5,-0.075,38855.000000000015,0.0378078982700671,0.0206869273998096,879.7979797979798
2.5,-0.0725,38857.000000000015,0.0375726376316079,0.0204762583425068,860.4617604617605
2.5,-0.07,38835.00000000003,0.0373421681039304,0.0202630585003671,860.4617604617605
2.5,-0.0675,38839.000000000015,0.0371050433780367,0.0200481819506619,850.7936507936508
2.5,-0.065,38819.00000000003,0.0368712069881012,0.0198380252723685,841.1255411255412
2.5,-0.0625,38816.00000000003,0.0366368945784559,0.0196275295587041,831.4574314574314
2.5,-0.06,38779.000000000015,0.0363937948735405,0.0194209742765882,821.7893217893218
2.5,-0.0575,38777.00000000003,0.0361627811968321,0.0192117881407347,822.4489795918365
2.5,-0.055,38765.000000000015,0.0359263767570715,0.0190047711411994,804.7619047619046
2.5,-0.0525,38743.00000000003,0.0356875206860254,0.0188021283377655,795.9183673469386
2.5,-0.05,38726.00000000002,0.0354607313584027,0.0186006385837926,787.0748299319727
2.5,-0.0475,38705.000000000015,0.035230769405946,0.0183975264229937,778.2312925170066
2.5,-0.045,38687.00000000003,0.034994438746741,0.0181952571107596,769.3877551020406
2.5,-0.0425,38666.000000000015,0.0347639279517208,0.0179930135443099,760.5442176870747
2.5,-0.04,38669.00000000003,0.0345320622844098,0.017795134282026,751.7006802721087
2.5,-0.0375,38654.00000000003,0.0343105541631064,0.017597701371713,742.8571428571427
2.5,-0.035,38652.000000000015,0.0340801486601886,0.0174036613557052,733.5188620902904
2.5,-0.0325,38635.00000000003,0.0338609750593655,0.0172078127215485,721.7068645640074
2.5,-0.03,38626.000000000015,0.0336353924819421,0.0170165741125189,713.6878994021852
2.5,-0.0275,38613.00000000003,0.0334112323957487,0.0168284933306709,705.6689342403628
2.5,-0.025,38607.000000000015,0.0331869278342142,0.0166399579990182,689.6310039167181
2.5,-0.0225,38579.00000000003,0.0329585483407701,0.0164582291670326,689.6310039167181
2.5,-0.02,38556.000000000015,0.0327434286543296,0.0162721533180421,673.5930735930735
2.5,-0.0175,38546.00000000003,0.0325251578038952,0.0160904209773862,673.5930735930735
2.5,-0.015,38527.00000000002,0.0323033197944371,0.0159136510696353,661.7810760667904
2.5,-0.0124999999999999,38525.00000000003,0.0320855650750377,0.0157372981154417,646.5677179962895
2.5,-0.01,38495.00000000002,0.0318653293082469,0.0155617585026844,633.1065759637188
2.5,-0.0075,38477.00000000003,0.0316507299147803,0.0153893353830591,633.1065759637188
2.5,-0.005,38473.000000000015,0.0314358465716366,0.0152234782437157,618.7177901463617
2.5,-0.0025,38456.00000000003,0.0312161247997283,0.0150509789754449,611.523397237683
2.5,0.0,38443.00000000003,0.0310064562326966,0.0148890040103761,604.3290043290044
2.5,0.0025,38420.00000000003,0.0307970200925966,0.0147302249221703,597.1346114203257
2.5,0.0049999999999999,38409.000000000015,0.0305857182905613,0.0145664599153452,597.1346114203257
2.5,0.0074999999999999,38415.00000000003,0.0303749515221362,0.0144150533459821,569.6969696969697
2.5,0.0099999999999999,38391.00000000002,0.0301681164764585,0.014259223538904,569.6969696969697
2.5,0.0124999999999999,38372.00000000003,0.0299609729088028,0.0141091746558426,560.5442176870749
2.5,0.015,38363.000000000015,0.0297562375384194,0.0139632504724264,547.804576376005
2.5,0.0175,38339.00000000003,0.0295572931401223,0.0138202036646702,541.43475572047
2.5,0.0199999999999999,38306.000000000015,0.0293527748116463,0.0136773002624041,528.6951144094002
2.5,0.0224999999999999,38272.00000000003,0.0291552039706585,0.0135428820968146,522.3252937538653
2.5,0.0249999999999999,38251.000000000015,0.0289464391433512,0.0134105736167517,515.9554730983302
2.5,0.0274999999999999,38266.00000000003,0.0287539425177039,0.0132817355618639,503.2158317872604
2.5,0.03,38209.000000000015,0.028557828482947,0.0131542295968339,500.43290043290045
2.5,0.0325,38211.00000000003,0.028365756583254,0.0130331427116363,488.5178313749743
2.5,0.035,38196.000000000015,0.0281704577078572,0.0129202407109094,476.6027623170481
2.5,0.0375,38186.00000000002,0.0279750895452063,0.0128032247494351,471.34611420325706
2.5,0.04,38159.00000000003,0.0277854690862241,0.012693668491739,460.25561739847456
2.5,0.0425,38133.000000000015,0.0275985661219523,0.0125875157431953,449.16512059369205
2.5,0.0449999999999999,38125.00000000003,0.0274096146292933,0.01248642290542,438.0746237889095
2.5,0.0474999999999999,38121.000000000015,0.0272192410866891,0.0123903633392669,432.5293753865183
2.5,0.0499999999999999,38103.00000000002,0.0270414989141917,0.0122967987078096,421.43887858173576
2.5,0.0524999999999999,38077.00000000003,0.0268539798211683,0.0122103317606881,420.9029066171923
2.5,0.0549999999999999,38106.000000000015,0.0266769037044284,0.0121278228778649,405.504019789734
2.5,0.0574999999999999,38131.00000000003,0.0264985614413649,0.0120498822836136,390.1051329622758
2.5,0.06,38091.000000000015,0.026321454728388,0.0119776561698501,387.0954442383013
2.5,0.0625,38076.00000000003,0.0261447546818606,0.011910373254027,377.6540919398061
2.5,0.065,38101.00000000003,0.0259795984836938,0.0118436723034528,372.93341579055857
2.5,0.0675,38080.000000000015,0.0258061680490274,0.0117847386605085,363.4920634920634
2.5,0.07,38071.00000000003,0.0256362049135499,0.0117335789449511,354.05071119356825
2.5,0.0725,38059.000000000015,0.0254715032419103,0.0116831070216229,344.6093588950731
2.5,0.075,38029.000000000015,0.0253018369451427,0.0116393337986407,336.05442176870747
2.5,0.0774999999999999,38021.00000000003,0.0251403342765018,0.0116005343448043,327.437641723356
2.5,0.0799999999999999,38005.000000000015,0.0249796895227251,0.0115677788449201,318.8208616780046
2.5,0.0824999999999999,37995.000000000015,0.0248176303203967,0.0115379675525443,307.7922077922079
2.5,0.0849999999999999,37974.00000000003,0.024658649435267,0.0115133170919299,300.00000000000006
2.5,0.0875,37971.000000000015,0.02451018187828,0.0114949035288576,292.2077922077923
2.5,0.09,37948.00000000002,0.0243593552502714,0.0114806766410227,284.4155844155845
2.5,0.0925,37980.00000000003,0.024208505427173,0.0114712529842106,276.62337662337666
2.5,0.095,37966.000000000015,0.0240627141490164,0.0114670828271372,261.0389610389611
2.5,0.0975,37981.00000000002,0.0239164713005064,0.0114692441372931,261.2863327149041
2.5,0.1,37985.00000000003,0.0237781653201588,0.011478955593152,243.8672438672439
2.6000000000000005,-0.1,37680.00000000003,0.0397896823451753,0.0234250373401253,984.6011131725418
2.6000000000000005,-0.0975,37674.00000000002,0.0395569571976841,0.0232004450629072,984.6011131725418
2.6000000000000005,-0.095,37671.000000000015,0.0393223400399911,0.0229773397352513,975.8194186765616
2.6000000000000005,-0.0925,37652.00000000003,0.039085028669176,0.0227564010102609,965.3267367553084
2.6000000000000005,-0.09,37634.00000000002,0.0388564889469055,0.022530256888427,965.3267367553082
2.6000000000000005,-0.0875,37623.000000000015,0.0386188313066375,0.0223087717600829,954.8340548340548
2.6000000000000005,-0.085,37625.00000000003,0.0383826496590306,0.0220901499018147,933.8486909915482
2.6000000000000005,-0.0825,37618.00000000002,0.0381516054276773,0.0218709481772412,933.8486909915482
2.6000000000000005,-0.08,37589.000000000015,0.0379232325991717,0.0216498604576125,912.8633271490414
2.6000000000000005,-0.0775,37596.00000000003,0.0376919701290031,0.0214283993892928,912.8633271490414
2.6000000000000005,-0.075,37554.000000000015,0.0374577671007813,0.0212103843670268,902.370645227788
2.6000000000000005,-0.0725,37555.000000000015,0.0372256597335574,0.0209952738769152,899.1341991341992
2.6000000000000005,-0.07,37549.00000000003,0.0369929480327188,0.0207774278963437,879.7979797979798
2.6000000000000005,-0.0675,37545.000000000015,0.0367634110031197,0.0205616251236466,879.7979797979798
2.6000000000000005,-0.065,37537.00000000003,0.0365389278195273,0.0203521999503172,860.4617604617605
2.6000000000000005,-0.0625,37526.00000000003,0.036307405595452,0.0201354363312161,850.7936507936508
2.6000000000000005,-0.06,37508.000000000015,0.0360806948918432,0.0199253764437923,841.1255411255412
2.6000000000000005,-0.0575,37503.00000000003,0.0358601363982468,0.0197131565198686,831.4574314574314
2.6000000000000005,-0.055,37476.000000000015,0.0356348379580348,0.0195086847334975,821.7893217893218
2.6000000000000005,-0.0525,37461.00000000003,0.0354129203964039,0.0192970577951897,833.0241187384045
2.6000000000000005,-0.05,37468.00000000002,0.0351942284791137,0.0190906558102625,804.7619047619046
2.6000000000000005,-0.0475,37450.000000000015,0.0349668522471502,0.0188854195543014,795.9183673469386
2.6000000000000005,-0.045,37451.00000000003,0.0347488753832302,0.0186839373875856,787.0748299319727
2.6000000000000005,-0.0425,37439.000000000015,0.0345266463150022,0.0184863128905124,778.2312925170066
2.6000000000000005,-0.04,37417.00000000003,0.0343046541722331,0.0182809986225,769.3877551020406
2.6000000000000005,-0.0375,37400.000000000015,0.034081114536435,0.0180772303122873,760.5442176870747
2.6000000000000005,-0.035,37379.000000000015,0.0338640988293201,0.0178809037603575,751.7006802721087
2.6000000000000005,-0.0325,37364.00000000002,0.0336513645709267,0.0176833875101166,742.8571428571427
2.6000000000000005,-0.03,37370.000000000015,0.0334359955883933,0.0174897723361411,733.5188620902904
2.6000000000000005,-0.0275,37365.00000000003,0.0332193503780496,0.0172943598602058,741.9501133786846
2.6000000000000005,-0.025,37340.000000000015,0.0330050945817417,0.0170996795207048,721.7068645640074
2.6000000000000005,-0.0225,37352.00000000003,0.0327952126832191,0.0169148016891225,705.6689342403628
2.6000000000000005,-0.02,37329.000000000015,0.0325811580439848,0.0167266398110028,705.6689342403628
2.6000000000000005,-0.0175,37331.00000000003,0.0323681266744665,0.0165436040757398,689.6310039167181
2.6000000000000005,-0.015,37331.000000000015,0.0321603208041152,0.0163543552876299,681.6120387548958
2.6000000000000005,-0.0124999999999999,37284.00000000003,0.0319505662807303,0.0161746837454408,673.5930735930735
2.6000000000000005,-0.01,37288.000000000015,0.0317399689553888,0.0159965779810056,657.555143269429
2.6000000000000005,-0.0075,37287.00000000003,0.0315337918646224,0.0158161899915873,654.1743970315399
2.6000000000000005,-0.005,37258.00000000002,0.0313278447276862,0.0156354049483323,646.5677179962895
2.6000000000000005,-0.0025,37249.00000000003,0.0311250640567777,0.0154650357531518,640.3009688723974
2.6000000000000005,0.0,37224.000000000015,0.0309199239232201,0.0152941940250238,618.7177901463617
2.6000000000000005,0.0025,37200.00000000003,0.0307166556152246,0.0151245151793484,618.7177901463617
2.6000000000000005,0.0049999999999999,37204.000000000015,0.0305106663257476,0.0149637872776901,618.7177901463616
2.6000000000000005,0.0074999999999999,37195.00000000003,0.0303085113982053,0.0147997750270148,597.1346114203258
2.6000000000000005,0.0099999999999999,37169.000000000015,0.0301134897326698,0.014639580520353,589.9402185116471
2.6000000000000005,0.0124999999999999,37159.00000000003,0.0299092504208251,0.0144811692092462,589.9402185116471
2.6000000000000005,0.015,37137.000000000015,0.0297166695572268,0.0143285564937316,569.6969696969697
2.6000000000000005,0.0175,37138.00000000003,0.0295256042268711,0.0141752421967935,562.914862914863
2.6000000000000005,0.0199999999999999,37095.000000000015,0.0293333054889544,0.0140254560548578,554.1743970315399
2.6000000000000005,0.0224999999999999,37099.00000000003,0.0291334800129023,0.0138863156800001,541.43475572047
2.6000000000000005,0.0249999999999999,37069.000000000015,0.0289364812835409,0.013742497180564,535.0649350649351
2.6000000000000005,0.0274999999999999,37047.00000000003,0.0287537130924131,0.013604015983523,528.6951144094002
2.6000000000000005,0.03,37024.000000000015,0.0285535720926645,0.0134740358240681,515.9554730983302
2.6000000000000005,0.0325,37015.00000000003,0.0283684061427572,0.0133436094285208,509.5856524427954
2.6000000000000005,0.035,37005.000000000015,0.0281788845527724,0.0132158376668375,500.43290043290045
2.6000000000000005,0.0375,36982.000000000015,0.0280015519934608,0.0130929042053013,488.5178313749743
2.6000000000000005,0.04,36958.00000000003,0.0278127202150943,0.0129734201386022,494.47536590393736
2.6000000000000005,0.0425,36940.000000000015,0.027624998793106,0.0128576665044624,488.5178313749743
2.6000000000000005,0.0449999999999999,36921.00000000003,0.0274477769080338,0.0127453185757844,460.25561739847456
2.6000000000000005,0.0474999999999999,36895.000000000015,0.0272681957926745,0.0126405549485987,454.7103689960833
2.6000000000000005,0.0499999999999999,36871.00000000003,0.0270903824831959,0.0125375204852976,449.16512059369205
2.6000000000000005,0.0524999999999999,36890.00000000003,0.0269084755241681,0.0124407498444404,449.165120593692
2.6000000000000005,0.0549999999999999,36871.000000000015,0.0267356450796895,0.0123461429358878,426.98412698412704
2.6000000000000005,0.0574999999999999,36871.00000000003,0.0265624152793774,0.0122558866247828,426.0358688930117
2.6000000000000005,0.06,36871.000000000015,0.0263932350840023,0.0121724631500928,415.7699443413728
2.6000000000000005,0.0625,36875.00000000002,0.0262250633069987,0.0120937677862665,405.504019789734
2.6000000000000005,0.065,36853.00000000003,0.0260525503559342,0.012018441541637,395.2380952380952
2.6000000000000005,0.0675,36842.000000000015,0.0258807937879964,0.0119451509586797,387.0954442383013
2.6000000000000005,0.07,36850.00000000003,0.0257193634374101,0.0118807050794403,382.3747680890537
2.6000000000000005,0.0725,36842.000000000015,0.0255615972204555,0.0118170651055055,368.212739641311
2.6000000000000005,0.075,36829.000000000015,0.025399150776966,0.0117655098900583,363.4920634920634
2.6000000000000005,0.0774999999999999,36823.00000000003,0.0252354611777031,0.0117156067742164,349.3300350443207
2.6000000000000005,0.0799999999999999,36830.000000000015,0.0250805971037716,0.0116660917287777,340.3628117913832
2.6000000000000005,0.0824999999999999,36778.000000000015,0.024925406292426,0.011624571647734,331.74603174603175
2.6000000000000005,0.0849999999999999,36787.00000000003,0.0247764257139789,0.0115907280734215,327.437641723356
2.6000000000000005,0.0875,36760.000000000015,0.024621850293999,0.0115610946411616,318.8208616780046
2.6000000000000005,0.09,36754.000000000015,0.0244707347036636,0.0115348051758848,307.7922077922079
2.6000000000000005,0.0925,36764.00000000003,0.024329950279863,0.0115139267879729,292.20779220779224
2.6000000000000005,0.095,36725.000000000015,0.0241856133690186,0.0114960756051168,284.4155844155845
2.6000000000000005,0.0975,36712.000000000015,0.024040424475713,0.0114857468689572,276.62337662337666
2.6000000000000005,0.1,36741.00000000003,0.0239060417952573,0.0114821506534695,268.8311688311689
2.7,-0.1,36381.00000000003,0.039277206304464,0.023967011500573,1007.2356215213358
2.7,-0.0975,36374.00000000002,0.0390433324842581,0.0237430735948561,1007.2356215213358
2.7,-0.095,36348.000000000015,0.0388162361585364,0.0235171912627499,995.9183673469388
2.7,-0.0925,36339.00000000003,0.03859314809839,0.0232919805403539,995.9183673469388
2.7,-0.09,36330.00000000002,0.0383674759115586,0.0230672087705848,986.312100597815
2.7,-0.0875,36321.000000000015,0.0381449575461712,0.0228433034500314,975.8194186765616
2.7,-0.085,36315.00000000003,0.0379174666972522,0.0226229672570987,954.8340548340548
2.7,-0.0825,36307.000000000015,0.0376933599699614,0.0223956840962083,954.8340548340548
2.7,-0.08,36294.000000000015,0.0374700414816563,0.0221806817761156,933.8486909915482
2.7,-0.0775,36297.00000000003,0.0372484845053551,0.0219590758559489,944.3413729128016
2.7,-0.075,36271.000000000015,0.0370321051632089,0.0217422098217884,923.3560090702948
2.7,-0.0725,36255.000000000015,0.0368097752942266,0.0215165444869901,912.8633271490414
2.7,-0.07,36229.00000000003,0.0365901864352309,0.0212988971025407,912.8633271490414
2.7,-0.0675,36232.000000000015,0.0363625847696308,0.0210877980103679,897.1552257266544
2.7,-0.065,36210.00000000003,0.0361434408234283,0.0208673850151066,879.7979797979798
2.7,-0.0625,36212.00000000002,0.0359260584863146,0.0206531992784379,879.7979797979798
2.7,-0.06,36201.000000000015,0.0357091903657009,0.0204445232100226,870.1298701298701
2.7,-0.0575,36156.00000000003,0.0354916782833245,0.0202275336884401,870.1298701298701
2.7,-0.055,36180.000000000015,0.0352776131168369,0.0200148926695675,850.7936507936508
2.7,-0.0525,36174.00000000003,0.0350706503274269,0.0198039175973594,841.1255411255412
2.7,-0.05,36154.00000000002,0.0348516238109528,0.0195912736144275,831.4574314574314
2.7,-0.0475,36127.000000000015,0.0346334010198994,0.0193851027989966,821.7893217893218
2.7,-0.045,36129.00000000003,0.0344248338351395,0.0191786498313268,805.256648113791
2.7,-0.0425,36126.000000000015,0.0342067517300388,0.0189697009989621,804.7619047619046
2.7,-0.04,36106.00000000003,0.0339947742251554,0.0187681468327889,795.9183673469386
2.7,-0.0375,36106.000000000015,0.0337895399210695,0.0185660457222083,787.0748299319727
2.7,-0.035,36084.000000000015,0.0335824808087345,0.018362607884587,778.2312925170066
2.7,-0.0325,36073.00000000002,0.03337023834463,0.0181578857197196,760.5442176870747
2.7,-0.03,36064.000000000015,0.0331634381918507,0.0179598175157391,769.3877551020407
2.7,-0.0275,36079.00000000003,0.0329567064457312,0.0177636463250142,742.8571428571427
2.7,-0.025,36032.000000000015,0.0327498337118959,0.0175647306551041,741.9501133786846
2.7,-0.0225,36047.00000000003,0.0325416116557793,0.0173720051801441,733.5188620902904
2.7,-0.02,36047.000000000015,0.0323416106231349,0.0171750273438038,721.7068645640074
2.7,-0.0175,36043.00000000003,0.032132162664845,0.0169892123646034,705.6689342403628
2.7,-0.015,36030.000000000015,0.0319341145456508,0.0167972754785123,705.6689342403628
2.7,-0.0124999999999999,36024.00000000003,0.0317361868730368,0.0166134170226079,689.6310039167181
2.7,-0.01,36004.000000000015,0.0315356279869569,0.0164274483057077,697.6499690785405
2.7,-0.0075,35984.00000000003,0.0313362110533105,0.0162435583327089,673.5930735930735
2.7,-0.005,35985.000000000015,0.0311425322975613,0.0160655190664012,673.5930735930735
2.7,-0.0025,35962.00000000003,0.0309421275938571,0.0158862164869119,661.7810760667904
2.7,0.0,35958.00000000002,0.0307495606554096,0.015711106638543,638.961038961039
2.7,0.0025,35934.00000000003,0.0305528249004491,0.0155381922347245,646.5677179962895
2.7,0.0049999999999999,35920.000000000015,0.0303587293826362,0.0153653707220133,633.1065759637188
2.7,0.0074999999999999,35930.00000000003,0.03016616572203,0.0151999005877695,618.7177901463617
2.7,0.0099999999999999,35911.000000000015,0.0299729720645798,0.0150324326587942,611.523397237683
2.7,0.0124999999999999,35892.00000000003,0.0297907928187036,0.0148710819014735,604.3290043290044
2.7,0.015,35864.000000000015,0.0296030349751074,0.0147104516968665,589.9402185116471
2.7,0.0175,35865.00000000003,0.029407723947031,0.0145498052495401,589.9402185116471
2.7,0.0199999999999999,35865.000000000015,0.0292157071142138,0.0143964064693079,576.4790764790765
2.7,0.0224999999999999,35864.00000000003,0.0290344237275845,0.0142444310563216,569.6969696969697
2.7,0.0249999999999999,35825.000000000015,0.0288508257548675,0.0140954993769438,556.1327561327562
2.7,0.0274999999999999,35802.00000000003,0.0286654919306994,0.0139516578845045,547.804576376005
2.7,0.03,35780.000000000015,0.0284828880158281,0.0138083493092639,547.8045763760049
2.7,0.0325,35757.00000000003,0.0283054448941364,0.0136665983610714,528.6951144094002
2.7,0.035,35747.000000000015,0.0281197072890477,0.0135364345351665,522.3252937538653
2.7,0.0375,35758.000000000015,0.0279393166934412,0.0134037920971221,515.9554730983302
2.7,0.04,35750.00000000003,0.0277652048304425,0.0132764260274071,503.2158317872604
2.7,0.0425,35727.000000000015,0.0275871879040597,0.0131497263680091,494.4753659039374
2.7,0.0449999999999999,35711.00000000003,0.0274161061611033,0.01303351504176,494.4753659039374
2.7,0.0474999999999999,35691.000000000015,0.0272423991293921,0.0129178769784414,488.5178313749743
2.7,0.0499999999999999,35673.00000000002,0.0270667848024951,0.012805565744225,476.89136260564834
2.7,0.0524999999999999,35655.00000000003,0.0269012161204896,0.0126982441872228,460.25561739847456
2.7,0.0549999999999999,35637.000000000015,0.0267369580447533,0.0125929365072348,449.16512059369205
2.7,0.0574999999999999,35633.00000000003,0.0265656485431842,0.0124928254455091,443.6198721913008
2.7,0.06,35624.000000000015,0.0264036491707361,0.0124011297043035,443.6198721913008
2.7,0.0625,35612.00000000002,0.0262391417191905,0.0123093169789509,426.984126984127
2.7,0.065,35602.00000000003,0.0260780535253421,0.0122226164258215,426.0358688930117
2.7,0.0675,35595.000000000015,0.0259179424066759,0.0121432994739669,410.6369820655534
2.7,0.07,35596.00000000003,0.0257573448730054,0.0120671675447527,400.3710575139146
2.7,0.0725,35588.000000000015,0.0255979225039743,0.0119962777722001,390.1051329622758
2.7,0.075,35585.000000000015,0.0254447806324426,0.0119298631184929,382.3747680890537
2.7,0.0774999999999999,35594.00000000003,0.025294692896644,0.0118659338927887,372.93341579055857
2.7,0.0799999999999999,35588.000000000015,0.0251408188304477,0.0118090147117224,363.4920634920634
2.7,0.0824999999999999,35561.000000000015,0.0249909330402872,0.011757551745429,358.77138734281584
2.7,0.0849999999999999,35571.00000000003,0.0248410470277573,0.0117085508448757,348.9795918367347
2.7,0.0875,35553.000000000015,0.0246952586540372,0.0116662263340626,336.05442176870747
2.7,0.09,35529.000000000015,0.0245516029825464,0.0116298914939989,327.437641723356
2.7,0.0925,35532.00000000003,0.0244101737562912,0.0115994829382305,314.5124716553288
2.7,0.095,35495.000000000015,0.0242683499386538,0.0115713521955052,301.5873015873016
2.7,0.0975,35504.00000000002,0.0241282874308783,0.0115472881208576,300.00000000000006
2.7,0.1,35497.00000000003,0.0240007086606852,0.0115292328692811,292.2077922077923
2.8000000000000007,-0.1,35023.00000000002,0.0386703538209216,0.024509397024462,1041.1873840445269
2.8000000000000007,-0.0975,35001.00000000002,0.0384529340796758,0.0242789435426569,1029.87012987013
2.8000000000000007,-0.095,34995.000000000015,0.0382352473665712,0.0240539512193588,1018.5528756957328
2.8000000000000007,-0.0925,34977.00000000003,0.0380214917301056,0.0238281749811724,1018.5528756957328
2.8000000000000007,-0.09,34974.00000000002,0.0378041254572793,0.0236008878920996,1007.2356215213358
2.8000000000000007,-0.0875,34957.000000000015,0.0375867419718964,0.0233764255233021,984.6011131725418
2.8000000000000007,-0.085,34952.00000000003,0.0373672255212763,0.0231525878524374,995.9183673469388
2.8000000000000007,-0.0825,34941.000000000015,0.0371586421044592,0.0229301989771097,986.312100597815
2.8000000000000007,-0.08,34923.000000000015,0.0369397257296569,0.0227086474620512,954.8340548340548
2.8000000000000007,-0.0775,34909.00000000003,0.036732141366894,0.0224824511809508,965.3267367553082
2.8000000000000007,-0.075,34908.000000000015,0.0365163510523886,0.0222586941652641,944.3413729128016
2.8000000000000007,-0.0725,34908.000000000015,0.0363051209831191,0.0220414586176592,944.3413729128016
2.8000000000000007,-0.07,34889.00000000002,0.0360963965589382,0.0218230884927186,933.8486909915482
2.8000000000000007,-0.0675,34876.000000000015,0.0358879859478853,0.0215972422387096,923.3560090702948
2.8000000000000007,-0.065,34861.00000000003,0.0356818332484718,0.0213795594876002,923.3560090702948
2.8000000000000007,-0.0625,34840.000000000015,0.0354743504704311,0.0211628190243663,907.235621521336
2.8000000000000007,-0.06,34819.000000000015,0.0352608036187691,0.0209483595004152,899.1341991341992
2.8000000000000007,-0.0575,34804.00000000003,0.0350522058791064,0.0207294172898119,879.7979797979798
2.8000000000000007,-0.055,34804.000000000015,0.0348507721801745,0.020518550525574,879.7979797979799
2.8000000000000007,-0.0525,34769.00000000003,0.0346457564252986,0.0203036375120701,860.4617604617605
2.8000000000000007,-0.05,34769.00000000002,0.0344393975712147,0.0200868467370735,870.1298701298701
2.8000000000000007,-0.0475,34772.000000000015,0.0342387263192357,0.0198798637109998,850.7936507936508
2.8000000000000007,-0.045,34767.00000000003,0.0340413370379406,0.0196652565647604,850.7936507936508
2.8000000000000007,-0.0425,34757.000000000015,0.0338299244921001,0.0194592773086587,831.4574314574314
2.8000000000000007,-0.04,34743.00000000003,0.0336315665484115,0.0192503495789085,823.7682951968667
2.8000000000000007,-0.0375,34732.00000000002,0.0334330358065537,0.0190417921711204,805.256648113791
2.8000000000000007,-0.035,34703.000000000015,0.0332298628442732,0.0188388961553317,804.7619047619046
2.8000000000000007,-0.0325,34714.00000000002,0.0330344819120667,0.0186360869753475,804.7619047619046
2.8000000000000007,-0.03,34716.000000000015,0.0328391661848265,0.0184353686444745,787.0748299319725
2.8000000000000007,-0.0275,34692.00000000002,0.0326366599976667,0.0182310634915052,787.0748299319725
2.8000000000000007,-0.025,34682.000000000015,0.0324397329045487,0.0180267188442547,769.3877551020407
2.8000000000000007,-0.0225,34693.00000000003,0.032245060100669,0.0178289767031948,769.3877551020407
2.8000000000000007,-0.02,34683.000000000015,0.0320496447014719,0.0176340028742905,751.7006802721087
2.8000000000000007,-0.0175,34653.00000000003,0.0318512726230158,0.017438697708103,741.9501133786846
2.8000000000000007,-0.015,34663.000000000015,0.0316592229997152,0.0172447500382441,725.0876108018963
2.8000000000000007,-0.0124999999999999,34652.00000000003,0.0314677415394971,0.0170539371727847,721.7068645640074
2.8000000000000007,-0.01,34630.000000000015,0.0312837422462891,0.0168648493275589,713.687899402185
2.8000000000000007,-0.0075,34637.00000000003,0.031092798436834,0.0166761314106804,697.6499690785404
2.8000000000000007,-0.005,34616.000000000015,0.0308983326110306,0.0164929815254479,689.6310039167181
2.8000000000000007,-0.0025,34611.00000000003,0.0307079162390854,0.0163054141094112,673.5930735930735
2.8000000000000007,0.0,34589.000000000015,0.0305306343426811,0.0161218243555568,673.5930735930735
2.8000000000000007,0.0025,34569.00000000003,0.0303402248806398,0.0159477922208918,661.7810760667904
2.8000000000000007,0.0049999999999999,34555.000000000015,0.0301511925534831,0.0157699039681689,661.7810760667903
2.8000000000000007,0.0074999999999999,34549.00000000003,0.0299678929230192,0.0155945271789179,638.961038961039
2.8000000000000007,0.0099999999999999,34538.000000000015,0.0297867679736638,0.0154222017516195,640.3009688723974
2.8000000000000007,0.0124999999999999,34513.00000000002,0.0296042076460472,0.0152522498372168,633.1065759637189
2.8000000000000007,0.015,34522.000000000015,0.0294205497689898,0.0150830102833884,633.1065759637189
2.8000000000000007,0.0175,34512.00000000002,0.0292336729645294,0.014924439873881,618.7177901463616
2.8000000000000007,0.0199999999999999,34482.000000000015,0.0290601311609145,0.0147619408769489,604.3290043290044
2.8000000000000007,0.0224999999999999,34484.00000000002,0.0288870115077877,0.0146004317873824,604.3290043290044
2.8000000000000007,0.0249999999999999,34482.000000000015,0.0287037672219663,0.014445835069961,590.0432900432901
2.8000000000000007,0.0274999999999999,34485.00000000002,0.0285350630936954,0.0142921734348715,583.2611832611833
2.8000000000000007,0.03,34473.000000000015,0.0283643311882006,0.0141421080665201,576.4790764790765
2.8000000000000007,0.0325,34445.00000000002,0.0281916724169891,0.0139953526006129,562.914862914863
2.8000000000000007,0.035,34428.000000000015,0.0280174626574772,0.0138551579267746,554.1743970315399
2.8000000000000007,0.0375,34413.000000000015,0.027846600174312,0.0137118023505692,547.8045763760049
2.8000000000000007,0.04,34408.00000000003,0.0276793148190236,0.0135778810786465,541.4347557204701
2.8000000000000007,0.0425,34405.000000000015,0.0274994859985789,0.0134480311765901,515.9554730983302
2.8000000000000007,0.0449999999999999,34422.00000000003,0.0273460235176311,0.0133204289371449,515.9554730983302
2.8000000000000007,0.0474999999999999,34400.000000000015,0.0271774000110726,0.0131929414773343,500.4329004329005
2.8000000000000007,0.0499999999999999,34399.00000000003,0.027019037638644,0.0130724881525445,500.4329004329005
2.8000000000000007,0.0524999999999999,34375.00000000003,0.0268493395659289,0.0129599772490229,494.47536590393736
2.8000000000000007,0.0549999999999999,34356.00000000002,0.0266808445438265,0.0128443317304769,482.5602968460111
2.8000000000000007,0.0574999999999999,34326.00000000003,0.0265250899299775,0.0127363811867234,476.89136260564834
2.8000000000000007,0.06,34302.000000000015,0.0263717996959969,0.012628055934515,465.8008658008658
2.8000000000000007,0.0625,34321.00000000002,0.0262086675112273,0.0125317867335597,449.165120593692
2.8000000000000007,0.065,34301.00000000003,0.0260560139060646,0.0124365844529887,449.165120593692
2.8000000000000007,0.0675,34291.000000000015,0.0259045188723887,0.0123448946849775,426.984126984127
2.8000000000000007,0.07,34275.00000000002,0.0257487146573609,0.0122602286401822,426.0358688930117
2.8000000000000007,0.0725,34263.000000000015,0.0256018383863252,0.0121777531658026,415.7699443413728
2.8000000000000007,0.075,34269.000000000015,0.0254508043070006,0.0121007635662568,405.504019789734
2.8000000000000007,0.0774999999999999,34280.00000000003,0.0253014162528859,0.0120283710218424,395.2380952380952
2.8000000000000007,0.0799999999999999,34301.000000000015,0.0251549607116572,0.0119613102430877,387.0954442383013
2.8000000000000007,0.0824999999999999,34282.000000000015,0.0250118196257168,0.0118973291027478,377.65409193980616
2.8000000000000007,0.0849999999999999,34287.00000000003,0.0248697597541326,0.0118355013498509,368.212739641311
2.8000000000000007,0.0875,34269.000000000015,0.0247301101918247,0.011784863647683,358.77138734281584
2.8000000000000007,0.09,34270.000000000015,0.0245900889371394,0.0117350274281666,349.3300350443207
2.8000000000000007,0.0925,34273.00000000003,0.0244501617628768,0.0116901780420641,340.3628117913832
2.8000000000000007,0.095,34246.000000000015,0.0243126171463292,0.0116521713539141,331.74603174603175
2.8000000000000007,0.0975,34221.000000000015,0.0241805549308843,0.0116183031862693,323.1292517006803
2.8000000000000007,0.1,34238.00000000003,0.024046235399843,0.0115895411030057,314.51247165532885
2.9000000000000004,-0.1,33713.00000000002,0.0380428202789993,0.0251066986521273,1068.4807256235829
2.9000000000000004,-0.0975,33694.000000000015,0.0378325638501188,0.0248756795060994,1052.504638218924
2.9000000000000004,-0.095,33673.000000000015,0.0376211474047787,0.0246514619993728,1041.1873840445269
2.9000000000000004,-0.0925,33653.00000000002,0.0374166254060438,0.0244245369506062,1041.1873840445269
2.9000000000000004,-0.09,33661.000000000015,0.0372089707397839,0.0241949057069442,1029.87012987013
2.9000000000000004,-0.0875,33659.000000000015,0.0370121524592234,0.0239698590255419,1018.5528756957328
2.9000000000000004,-0.085,33631.00000000002,0.0368031809585318,0.023740107378434,1018.5528756957328
2.9000000000000004,-0.0825,33640.000000000015,0.0365963900363054,0.0235151326577674,995.9183673469388
2.9000000000000004,-0.08,33608.000000000015,0.0363970129961695,0.023287298166397,995.9183673469388
2.9000000000000004,-0.0775,33607.00000000002,0.0361872675008991,0.0230645499929534,981.4471243042672
2.9000000000000004,-0.075,33601.000000000015,0.0359856685088991,0.0228423629193145,965.3267367553082
2.9000000000000004,-0.0725,33608.000000000015,0.0357775748391992,0.0226178871781738,965.3267367553082
2.9000000000000004,-0.07,33589.00000000002,0.0355774628422075,0.0223937558542657,965.3267367553082
2.9000000000000004,-0.0675,33572.000000000015,0.0353782823635472,0.0221758276249449,933.8486909915482
2.9000000000000004,-0.065,33559.00000000003,0.0351758717370766,0.0219551241404877,944.3413729128016
2.9000000000000004,-0.0625,33551.000000000015,0.034968974895039,0.0217347960913646,923.3560090702948
2.9000000000000004,-0.06,33543.000000000015,0.034771427531667,0.0215130606717825,923.3560090702948
2.9000000000000004,-0.0575,33519.00000000003,0.0345736196558543,0.0212960977900521,912.8633271490414
2.9000000000000004,-0.055,33514.000000000015,0.0343778198563816,0.0210793743105298,907.235621521336
2.9000000000000004,-0.0525,33502.00000000003,0.0341767891313301,0.0208575575788868,889.4660894660896
2.9000000000000004,-0.05,33494.00000000002,0.0339808717417706,0.0206430572578218,879.7979797979799
2.9000000000000004,-0.0475,33467.000000000015,0.0337819766447267,0.0204307709197581,870.1298701298701
2.9000000000000004,-0.045,33458.00000000002,0.0335889659988273,0.0202130237532521,870.1298701298701
2.9000000000000004,-0.0425,33440.000000000015,0.0333994043943951,0.0199984383531718,860.4617604617605
2.9000000000000004,-0.04,33447.00000000003,0.0332125675634223,0.0197853931853159,850.7936507936508
2.9000000000000004,-0.0375,33431.000000000015,0.0330257523095912,0.0195768190184629,841.1255411255411
2.9000000000000004,-0.035,33418.000000000015,0.0328291992313909,0.0193713758493686,833.0241187384045
2.9000000000000004,-0.0325,33418.00000000002,0.0326415300242036,0.0191609787663182,814.5124716553288
2.9000000000000004,-0.03,33412.000000000015,0.0324509276776951,0.0189518768142539,804.7619047619046
2.9000000000000004,-0.0275,33405.00000000002,0.032261474543811,0.0187497644100583,804.7619047619046
2.9000000000000004,-0.025,33387.000000000015,0.0320737277135736,0.0185501150687623,778.2312925170066
2.9000000000000004,-0.0225,33372.00000000003,0.0318901838972998,0.0183412920762369,787.0748299319725
2.9000000000000004,-0.02,33357.000000000015,0.0317052342042872,0.018140124304227,769.3877551020407
2.9000000000000004,-0.0175,33360.00000000003,0.0315185032280051,0.0179410060005846,769.3877551020407
2.9000000000000004,-0.015,33341.000000000015,0.0313287294094547,0.017743188137881,742.8571428571427
2.9000000000000004,-0.0124999999999999,33343.00000000003,0.0311473519686769,0.0175472157016488,741.9501133786846
2.9000000000000004,-0.01,33326.000000000015,0.0309612873624282,0.0173557608098196,741.9501133786846
2.9000000000000004,-0.0075,33331.00000000003,0.0307810740295154,0.0171613286601094,725.0876108018963
2.9000000000000004,-0.005,33321.00000000002,0.0305956736512141,0.0169730543860381,713.687899402185
2.9000000000000004,-0.0025,33301.00000000003,0.0304182112517329,0.016783754890821,697.6499690785404
2.9000000000000004,0.0,33297.000000000015,0.0302331824101057,0.016598936021812,689.6310039167181
2.9000000000000004,0.0025,33301.00000000003,0.0300638557393161,0.0164110084446914,689.6310039167181
2.9000000000000004,0.0049999999999999,33295.00000000002,0.0298842560066287,0.0162278909219609,681.6120387548958
2.9000000000000004,0.0074999999999999,33245.00000000003,0.0297094238011577,0.0160489196359829,665.5741084312513
2.9000000000000004,0.0099999999999999,33257.000000000015,0.0295361161309569,0.0158670464834056,669.387755102041
2.9000000000000004,0.0124999999999999,33245.00000000002,0.029357214470541,0.015688128143558,654.1743970315399
2.9000000000000004,0.015,33235.000000000015,0.0291840146497022,0.0155153783146638,646.5677179962895
2.9000000000000004,0.0175,33228.00000000002,0.0290147006040732,0.015342855769796,625.9121830550403
2.9000000000000004,0.0199999999999999,33221.000000000015,0.0288465943910177,0.0151732828287232,633.1065759637189
2.9000000000000004,0.0224999999999999,33189.00000000002,0.0286750880250912,0.0150102067484403,618.7177901463616
2.9000000000000004,0.0249999999999999,33164.000000000015,0.0285141786679174,0.0148490776005868,597.1346114203257
2.9000000000000004,0.0274999999999999,33161.00000000002,0.0283444210036416,0.0146866579006015,604.3290043290044
2.9000000000000004,0.03,33156.000000000015,0.0281804235999896,0.014524997599564,589.9402185116471
2.9000000000000004,0.0325,33135.00000000002,0.0280141746296237,0.0143713020737956,583.2611832611833
2.9000000000000004,0.035,33152.000000000015,0.0278484904019303,0.014222481549394,576.4790764790765
2.9000000000000004,0.0375,33132.000000000015,0.0276875649728205,0.0140704839571328,569.6969696969697
2.9000000000000004,0.04,33130.00000000002,0.0275270790520654,0.0139310126492312,560.5442176870749
2.9000000000000004,0.0425,33112.000000000015,0.0273643847520456,0.0137849857287047,554.1743970315399
2.9000000000000004,0.0449999999999999,33107.00000000002,0.0272084888626102,0.0136461122658972,541.4347557204701
2.9000000000000004,0.0474999999999999,33092.000000000015,0.0270437045713509,0.0135164805028372,528.6951144094002
2.9000000000000004,0.0499999999999999,33092.00000000002,0.026893651081127,0.0133859368918874,509.58565244279526
2.9000000000000004,0.0524999999999999,33081.00000000003,0.0267359275825178,0.0132582118609163,512.3479694908267
2.9000000000000004,0.0549999999999999,33070.000000000015,0.026580493478618,0.0131330947475548,506.3904349618636
2.9000000000000004,0.0574999999999999,33077.00000000003,0.0264310007018164,0.0130173912034317,494.47536590393736
2.9000000000000004,0.06,33047.000000000015,0.0262719072283751,0.0129016973991563,482.5602968460111
2.9000000000000004,0.0625,33051.00000000002,0.0261219062166324,0.0127924915026001,476.89136260564834
2.9000000000000004,0.065,33024.00000000002,0.025974299400208,0.0126864827601234,465.8008658008658
2.9000000000000004,0.0675,33023.000000000015,0.0258285255943838,0.0125842730490056,454.7103689960833
2.9000000000000004,0.07,33022.00000000002,0.0256872086417097,0.0124870816715785,449.165120593692
2.9000000000000004,0.0725,33009.000000000015,0.0255394858288063,0.0123947414128591,443.6198721913008
2.9000000000000004,0.075,32998.000000000015,0.0254038801332241,0.0123036582868689,426.0358688930117
2.9000000000000004,0.0774999999999999,32978.00000000002,0.0252539546985246,0.0122203286184668,415.7699443413728
2.9000000000000004,0.0799999999999999,32973.000000000015,0.0251119307039846,0.0121419728098733,405.504019789734
2.9000000000000004,0.0824999999999999,32995.000000000015,0.0249724956168077,0.0120662844745579,400.3710575139146
2.9000000000000004,0.0849999999999999,32992.00000000002,0.0248376592890048,0.0119948162986794,390.1051329622758
2.9000000000000004,0.0875,32993.000000000015,0.0247053151339419,0.0119300161688163,377.65409193980616
2.9000000000000004,0.09,32989.000000000015,0.0245758053342572,0.0118672177333419,368.212739641311
2.9000000000000004,0.0925,32982.00000000002,0.0244432384428124,0.0118162940458109,358.77138734281584
2.9000000000000004,0.095,32993.000000000015,0.024313481831912,0.0117636218868667,349.3300350443207
2.9000000000000004,0.0975,32988.000000000015,0.0241808924994673,0.0117176233577162,340.3628117913832
2.9000000000000004,0.1,32948.00000000003,0.0240553746027956,0.0116746038031688,336.05442176870747
3.0,-0.1,32344.000000000025,0.0374197300732668,0.0256464156696213,1092.7643784786642
3.0,-0.0975,32336.00000000001,0.0372267488320886,0.0254127588404816,1080.6225520511234
3.0,-0.095,32343.00000000001,0.0370223824703835,0.0251802629767553,1068.4807256235829
3.0,-0.0925,32309.000000000025,0.0368254801871868,0.024948225029084,1055.6586270871985
3.0,-0.09,32312.00000000001,0.036626654777161,0.0247256953225586,1052.504638218924
3.0,-0.0875,32293.00000000001,0.0364326020372098,0.0244958544955479,1041.1873840445269
3.0,-0.085,32292.000000000025,0.0362352246779823,0.0242681027207267,1029.87012987013
3.0,-0.0825,32286.00000000001,0.0360479162909285,0.0240425473477295,1007.2356215213358
3.0,-0.08,32266.00000000001,0.0358515748579455,0.0238148404617829,1018.5528756957328
3.0,-0.0775,32268.000000000025,0.0356593092213488,0.0235877339439794,1007.2356215213358
3.0,-0.075,32283.00000000001,0.0354663947742741,0.0233608083254403,995.9183673469388
3.0,-0.0725,32274.00000000001,0.0352702999559845,0.0231379417628385,995.9183673469388
3.0,-0.07,32247.000000000025,0.0350758357186879,0.0229122426455787,981.4471243042672
3.0,-0.0675,32232.00000000001,0.0348826371256333,0.022690818295568,954.8340548340548
3.0,-0.065,32230.000000000025,0.0346978875281202,0.0224666948711929,965.3267367553082
3.0,-0.0625,32224.000000000025,0.0345046809398365,0.0222495725872064,944.3413729128016
3.0,-0.06,32217.00000000001,0.0343235334592817,0.0220249790916666,944.3413729128016
3.0,-0.0575,32198.000000000025,0.0341257413406593,0.0218066795342314,923.3560090702948
3.0,-0.055,32192.00000000001,0.0339316936424361,0.0215828950206093,923.3560090702948
3.0,-0.0525,32190.000000000025,0.0337443552565165,0.0213655728017863,923.3560090702948
3.0,-0.05,32163.00000000001,0.0335581779191515,0.0211522606537448,907.235621521336
3.0,-0.0475,32153.00000000001,0.0333645599718818,0.0209337112115986,907.235621521336
3.0,-0.045,32154.000000000025,0.0331788260367583,0.0207143284975685,889.4660894660896
3.0,-0.0425,32145.00000000001,0.0329996316539196,0.0205014255210479,879.7979797979799
3.0,-0.04,32121.000000000025,0.0328117294653774,0.0202827843307255,870.1298701298701
3.0,-0.0375,32109.00000000001,0.0326372689920692,0.0200703248607515,860.4617604617605
3.0,-0.035,32096.00000000001,0.0324532221770424,0.0198561453940634,850.7936507936508
3.0,-0.0325,32074.000000000025,0.0322799292763957,0.0196431107646181,841.1255411255411
3.0,-0.03,32074.00000000001,0.0320945714657365,0.0194356806776977,831.4574314574314
3.0,-0.0275,32071.000000000025,0.0319181178738485,0.0192281030715076,823.7682951968667
3.0,-0.025,32074.00000000001,0.0317334805402331,0.0190218143071198,805.256648113791
3.0,-0.0225,32051.000000000025,0.0315505720572934,0.0188118795132168,805.256648113791
3.0,-0.02,32060.00000000001,0.0313724181508003,0.0186104746322919,804.7619047619046
3.0,-0.0175,32044.000000000025,0.0311972663742178,0.0184088640296031,787.0748299319725
3.0,-0.015,32021.00000000001,0.0310196668972746,0.0182050118292585,778.2312925170066
3.0,-0.0124999999999999,32014.000000000025,0.0308420683579428,0.0180055099784421,760.5442176870747
3.0,-0.01,32004.00000000001,0.0306748242732075,0.017807108627853,760.5442176870747
3.0,-0.0075,32003.000000000025,0.0305045561792023,0.0176103252274526,733.5188620902904
3.0,-0.005,31988.00000000001,0.0303228438330986,0.0174167704766305,741.9501133786846
3.0,-0.0025,31991.000000000025,0.0301512057205315,0.0172168051007657,725.0876108018963
3.0,0.0,31979.00000000001,0.029986026334385,0.0170302135956549,725.0876108018963
3.0,0.0025,31972.000000000025,0.0298127023335753,0.0168392117828524,705.6689342403628
3.0,0.0049999999999999,31965.00000000001,0.0296476149757591,0.0166552319145812,705.6689342403628
3.0,0.0074999999999999,31955.000000000025,0.0294791941312431,0.0164672182895524,689.6310039167181
3.0,0.0099999999999999,31925.00000000001,0.029313979490938,0.0162810695360102,681.6120387548958
3.0,0.0124999999999999,31934.000000000025,0.0291475956997803,0.016101635931402,681.6120387548958
3.0,0.015,31923.00000000001,0.0289834818908485,0.0159230717005417,669.387755102041
3.0,0.0175,31925.000000000025,0.0288201676032594,0.0157478900544137,661.7810760667903
3.0,0.0199999999999999,31902.00000000001,0.0286671723259375,0.0155736182061416,654.1743970315399
3.0,0.0224999999999999,31904.000000000025,0.0285123736062331,0.0153962419360664,646.5677179962895
3.0,0.0249999999999999,31890.00000000001,0.0283533543026796,0.0152312305099564,633.1065759637189
3.0,0.0274999999999999,31888.000000000025,0.0281923971409872,0.0150621250535466,625.9121830550403
3.0,0.03,31851.00000000001,0.0280392959682047,0.0148982519740455,618.7177901463616
3.0,0.0325,31844.00000000002,0.0278854303598117,0.0147376800531712,604.3290043290044
3.0,0.035,31836.00000000001,0.0277281982746054,0.0145760658552869,597.1346114203257
3.0,0.0375,31824.00000000001,0.0275691621036481,0.0144227292784586,590.0432900432901
3.0,0.04,31812.000000000025,0.0274198935296023,0.0142691991651506,583.2611832611833
3.0,0.0425,31825.00000000001,0.0272630923188843,0.0141218038709998,576.4790764790765
3.0,0.0449999999999999,31806.000000000025,0.0271113862879184,0.0139761981122607,562.914862914863
3.0,0.0474999999999999,31801.00000000001,0.0269613359311979,0.0138339429867337,556.1327561327562
3.0,0.0499999999999999,31789.00000000002,0.0268146811202721,0.0136877844465995,541.4347557204701
3.0,0.0524999999999999,31796.000000000025,0.0266631598587768,0.0135576085641703,535.0649350649351
3.0,0.0549999999999999,31789.00000000001,0.0265164147484384,0.0134218740480513,528.6951144094002
3.0,0.0574999999999999,31795.000000000025,0.0263720370269613,0.013297989211295,515.9554730983302
3.0,0.06,31775.00000000001,0.0262256582323814,0.0131705619178094,512.3479694908267
3.0,0.0625,31784.00000000002,0.0260842523729583,0.0130536017607151,494.47536590393736
3.0,0.065,31768.000000000025,0.0259410616862964,0.0129346537043851,488.5178313749743
3.0,0.0675,31770.00000000001,0.0257953917819243,0.0128255267497261,482.5602968460111
3.0,0.07,31766.00000000002,0.0256607098627225,0.0127153133635937,470.645227788085
3.0,0.0725,31760.00000000001,0.0255256043314721,0.0126152021743222,465.8008658008658
3.0,0.075,31770.00000000001,0.0253848695540071,0.0125108069545112,454.7103689960833
3.0,0.0774999999999999,31748.000000000025,0.0252527298880475,0.0124200522833181,443.6198721913008
3.0,0.0799999999999999,31744.00000000001,0.0251223839725391,0.0123281488726038,426.984126984127
3.0,0.0824999999999999,31733.00000000001,0.0249868479970042,0.0122409509471272,431.1688311688311
3.0,0.0849999999999999,31718.000000000025,0.0248569679224662,0.0121582855384629,410.6369820655534
3.0,0.0875,31724.00000000001,0.0247284331002916,0.0120815622112987,400.3710575139146
3.0,0.09,31725.00000000002,0.0245972042055619,0.0120095315242244,390.1051329622758
3.0,0.0925,31726.000000000025,0.0244700943090396,0.011944424179086,384.9721706864564
3.0,0.095,31726.00000000001,0.0243470397732356,0.0118816106704579,377.65409193980616
3.0,0.0975,31733.00000000001,0.024227356922565,0.0118232062509362,368.212739641311
3.0,0.1,31718.000000000025,0.0241031547185823,0.0117725624918263,363.4920634920634
3.1000000000000005,-0.1,30996.000000000025,0.0367550739772748,0.0262217865857353,1104.906204906205
3.1000000000000005,-0.0975,30997.00000000001,0.0365638328321538,0.0259887333568459,1104.906204906205
3.1000000000000005,-0.095,30996.00000000001,0.0363791218134444,0.0257588493554763,1092.7643784786642
3.1000000000000005,-0.0925,31006.000000000025,0.0361924249438516,0.0255264769601276,1080.6225520511234
3.1000000000000005,-0.09,30994.00000000001,0.0360049600389064,0.0252943604628129,1080.6225520511234
3.1000000000000005,-0.0875,30966.00000000001,0.0358130764220013,0.0250653030748412,1067.3881673881674
3.1000000000000005,-0.085,30944.000000000025,0.0356228698194742,0.0248393704336026,1055.6586270871985
3.1000000000000005,-0.0825,30943.00000000001,0.0354372391563343,0.0246074936693643,1041.1873840445269
3.1000000000000005,-0.08,30927.00000000001,0.0352516992880527,0.0243792915970785,1041.1873840445269
3.1000000000000005,-0.0775,30910.000000000025,0.0350640513074233,0.0241499049665259,1029.87012987013
3.1000000000000005,-0.075,30904.00000000001,0.0348820311424152,0.0239247556659546,1018.5528756957328
3.1000000000000005,-0.0725,30908.00000000001,0.0346966809817228,0.0237025649623082,1018.5528756957328
3.1000000000000005,-0.07,30899.000000000025,0.0345169092527719,0.0234730565107163,995.9183673469388
3.1000000000000005,-0.0675,30888.00000000001,0.0343360844081135,0.0232499743848274,995.9183673469388
3.1000000000000005,-0.065,30873.000000000025,0.0341499414765067,0.0230236580810247,981.4471243042672
3.1000000000000005,-0.0625,30871.00000000001,0.0339632449514915,0.0227986509120047,981.4471243042672
3.1000000000000005,-0.06,30859.00000000001,0.0337798530859524,0.0225748900545062,965.3267367553082
3.1000000000000005,-0.0575,30849.000000000025,0.0336043424088123,0.022355337947347,954.8340548340548
3.1000000000000005,-0.055,30825.00000000001,0.0334282402643362,0.0221310474178049,944.3413729128016
3.1000000000000005,-0.0525,30834.000000000025,0.0332415171078014,0.0219114268359772,944.3413729128016
3.1000000000000005,-0.05,30824.00000000001,0.0330638665027739,0.0216890010749441,923.3560090702948
3.1000000000000005,-0.0475,30826.00000000001,0.0328901554629625,0.02146872285784,923.3560090702948
3.1000000000000005,-0.045,30811.000000000025,0.0327167152165071,0.0212467236438939,907.235621521336
3.1000000000000005,-0.0425,30823.00000000001,0.0325392331686583,0.0210291047609478,907.235621521336
3.1000000000000005,-0.04,30784.000000000025,0.032366052001617,0.0208154518584422,887.0748299319729
3.1000000000000005,-0.0375,30772.00000000001,0.0321907486485954,0.0205957268162236,879.7979797979799
3.1000000000000005,-0.035,30761.00000000001,0.0320138228681953,0.020385168413133,879.7979797979799
3.1000000000000005,-0.0325,30761.00000000002,0.0318460526360016,0.020163751776913,860.4617604617605
3.1000000000000005,-0.03,30733.00000000001,0.0316739496881309,0.0199547186647757,850.7936507936508
3.1000000000000005,-0.0275,30722.000000000025,0.0315094238176187,0.0197439348655684,841.1255411255411
3.1000000000000005,-0.025,30724.00000000001,0.031339334174808,0.0195311471404454,841.1255411255411
3.1000000000000005,-0.0225,30713.000000000025,0.0311678020735064,0.0193252076932989,833.0241187384045
3.1000000000000005,-0.02,30703.00000000001,0.0310006560812668,0.0191141912006486,814.5124716553288
3.1000000000000005,-0.0175,30685.000000000025,0.0308237848614842,0.018909043761571,814.5124716553288
3.1000000000000005,-0.015,30696.00000000001,0.0306517686824852,0.0187064828106838,795.9183673469386
3.1000000000000005,-0.0124999999999999,30686.000000000025,0.0304935534238193,0.0185043852276218,795.9183673469386
3.1000000000000005,-0.01,30664.00000000001,0.0303253950832987,0.0183019109478381,787.0748299319725
3.1000000000000005,-0.0075,30672.000000000025,0.0301646906571826,0.0180975149950177,769.3877551020407
3.1000000000000005,-0.005,30647.00000000001,0.0300003257695665,0.0178946230702363,769.3877551020407
3.1000000000000005,-0.0025,30666.000000000025,0.0298408228754886,0.017701177755769,742.8571428571427
3.1000000000000005,0.0,30641.00000000002,0.0296815874354718,0.0175097327742009,741.9501133786846
3.1000000000000005,0.0025,30627.000000000025,0.0295234286813952,0.017308869334292,733.5188620902904
3.1000000000000005,0.0049999999999999,30621.00000000001,0.0293602811310433,0.0171149344815545,725.0876108018963
3.1000000000000005,0.0074999999999999,30611.000000000025,0.029203228749454,0.016924980144267,713.687899402185
3.1000000000000005,0.0099999999999999,30594.00000000001,0.0290438302375886,0.0167371818056093,721.7068645640074
3.1000000000000005,0.0124999999999999,30581.000000000025,0.0288913479631548,0.0165484648006908,705.6689342403628
3.1000000000000005,0.015,30559.00000000001,0.0287307304591319,0.0163622834926844,689.6310039167182
3.1000000000000005,0.0175,30547.000000000025,0.0285778727151526,0.0161804467491544,689.6310039167182
3.1000000000000005,0.0199999999999999,30558.00000000001,0.0284252519356002,0.0160009015754246,676.9944341372914
3.1000000000000005,0.0224999999999999,30544.000000000025,0.0282720725605869,0.0158227083417819,661.7810760667903
3.1000000000000005,0.0249999999999999,30541.00000000001,0.0281258016176256,0.0156433239427845,661.7810760667903
3.1000000000000005,0.0274999999999999,30534.00000000002,0.0279739069786538,0.0154723554330622,646.5677179962895
3.1000000000000005,0.03,30539.00000000001,0.0278209891934654,0.0153004138435981,638.9610389610391
3.1000000000000005,0.0325,30517.00000000002,0.0276724652186445,0.0151301031557308,633.1065759637189
3.1000000000000005,0.035,30517.00000000001,0.0275268235028503,0.014963665593569,618.7177901463616
3.1000000000000005,0.0375,30529.00000000001,0.0273801341113103,0.0148033443434649,611.523397237683
3.1000000000000005,0.04,30483.000000000025,0.0272356423640085,0.0146438553194818,604.3290043290044
3.1000000000000005,0.0425,30460.00000000001,0.0270799464655744,0.0144825113784524,596.8253968253969
3.1000000000000005,0.0449999999999999,30449.000000000025,0.0269445706951074,0.0143315133468915,583.2611832611833
3.1000000000000005,0.0474999999999999,30451.00000000001,0.0267939445889291,0.0141820082919379,576.4790764790765
3.1000000000000005,0.0499999999999999,30447.00000000002,0.026656878048643,0.0140322836567247,562.914862914863
3.1000000000000005,0.0524999999999999,30427.000000000025,0.0265187238805352,0.013887285790366,556.1327561327562
3.1000000000000005,0.0549999999999999,30427.00000000001,0.0263800468617343,0.0137442642670867,547.804576376005
3.1000000000000005,0.0574999999999999,30434.000000000025,0.0262384356557809,0.0136112228262213,535.0649350649351
3.1000000000000005,0.06,30436.00000000001,0.0261004625055488,0.0134760062679764,528.6951144094002
3.1000000000000005,0.0625,30441.00000000001,0.0259675981746934,0.0133474483696808,515.9554730983302
3.1000000000000005,0.065,30430.000000000025,0.0258271188865749,0.0132214093222825,506.3904349618636
3.1000000000000005,0.0675,30425.00000000001,0.025694508480162,0.0130991209703982,506.3904349618636
3.1000000000000005,0.07,30418.00000000001,0.0255659376400998,0.0129802297939087,494.47536590393736
3.1000000000000005,0.0725,30412.00000000001,0.0254334538820034,0.0128670634063867,482.5602968460111
3.1000000000000005,0.075,30412.00000000001,0.0253049613914853,0.0127572089139861,470.645227788085
3.1000000000000005,0.0774999999999999,30412.000000000025,0.0251734453843062,0.0126520806386087,470.645227788085
3.1000000000000005,0.0799999999999999,30424.00000000001,0.0250494424707066,0.0125530101236307,454.7103689960833
3.1000000000000005,0.0824999999999999,30427.00000000001,0.024925886118038,0.0124553550672054,443.6198721913008
3.1000000000000005,0.0849999999999999,30419.000000000025,0.0248022846611665,0.0123637570941642,438.0746237889095
3.1000000000000005,0.0875,30398.00000000001,0.0246736132695067,0.0122760270751447,436.30179344465057
3.1000000000000005,0.09,30394.00000000001,0.0245524527656731,0.0121910911818741,415.7699443413728
3.1000000000000005,0.0925,30389.00000000002,0.0244290280604797,0.0121120137359909,415.7699443413728
3.1000000000000005,0.095,30380.00000000001,0.0243107578967539,0.0120407570061486,405.504019789734
3.1000000000000005,0.0975,30381.00000000001,0.0241889672431556,0.0119746997016953,390.1051329622758
3.1000000000000005,0.1,30407.00000000002,0.0240773431754969,0.0119114451434585,390.1051329622758
3.2,-0.1,29674.000000000025,0.0360289214801928,0.0268199601475953,1129.1898577612865
3.2,-0.0975,29655.00000000001,0.03584962846701,0.0265888517207912,1117.0480313337457
3.2,-0.095,29653.00000000001,0.0356733593768517,0.026350652128931,1117.0480313337457
3.2,-0.0925,29639.000000000025,0.0354938108429005,0.0261196763903055,1104.906204906205
3.2,-0.09,29646.00000000001,0.0353162468436825,0.0258911683555004,1104.906204906205
3.2,-0.0875,29624.00000000001,0.0351386336052199,0.0256611082128731,1092.7643784786642
3.2,-0.085,29625.000000000025,0.0349629479454503,0.0254314799426569,1080.6225520511234
3.2,-0.0825,29624.00000000001,0.0347826363185966,0.0251969220765767,1068.4807256235829
3.2,-0.08,29621.00000000001,0.034606376055324,0.0249690047577954,1055.6586270871985
3.2,-0.0775,29612.000000000025,0.0344278003076926,0.0247412612489739,1052.504638218924
3.2,-0.075,29614.00000000001,0.0342642288195796,0.024510139947297,1041.1873840445269
3.2,-0.0725,29600.00000000001,0.0340852597185762,0.0242801354788485,1029.87012987013
3.2,-0.07,29599.00000000001,0.0339151188025569,0.0240516822942063,1018.5528756957328
3.2,-0.0675,29598.00000000001,0.0337479824747123,0.0238290354673679,1018.5528756957328
3.2,-0.065,29595.000000000025,0.0335754577966318,0.0236017802476121,1007.2356215213358
3.2,-0.0625,29588.00000000001,0.0334084710438746,0.0233782472093054,995.9183673469388
3.2,-0.06,29566.00000000001,0.0332357513058165,0.0231494607802949,981.4471243042672
3.2,-0.0575,29572.000000000025,0.033069378301988,0.0229242445170569,981.4471243042672
3.2,-0.055,29566.00000000001,0.0328916712040055,0.0227002293611356,970.542156256442
3.2,-0.0525,29563.000000000025,0.0327281498254267,0.0224781182487594,965.3267367553082
3.2,-0.05,29543.00000000001,0.0325617557076408,0.0222554440637764,944.3413729128016
3.2,-0.0475,29528.00000000001,0.0323977106967894,0.0220310060478492,944.3413729128016
3.2,-0.045,29547.000000000025,0.0322207483876032,0.0218102743929124,933.8486909915482
3.2,-0.0425,29536.00000000001,0.0320608179852779,0.0215883547360381,923.3560090702948
3.2,-0.04,29519.000000000025,0.0319000589336862,0.0213663889953272,912.8633271490417
3.2,-0.0375,29530.00000000001,0.0317366458479912,0.0211511483596352,907.235621521336
3.2,-0.035,29508.00000000001,0.0315621335550424,0.0209348696417324,897.1552257266544
3.2,-0.0325,29488.00000000001,0.031402485625441,0.0207160807917959,887.0748299319729
3.2,-0.03,29469.00000000001,0.031243789967768,0.0204995708376699,879.7979797979799
3.2,-0.0275,29467.00000000002,0.031079340747694,0.0202820617624779,870.1298701298701
3.2,-0.025,29459.00000000001,0.0309196162387489,0.0200648602731914,860.4617604617605
3.2,-0.0225,29451.000000000025,0.0307637678462506,0.0198561104235519,860.4617604617605
3.2,-0.02,29441.00000000001,0.0306016512586436,0.0196451947451668,841.1255411255411
3.2,-0.0175,29440.000000000025,0.0304437096612633,0.0194384267045094,841.1255411255411
3.2,-0.015,29413.00000000001,0.0302848222077799,0.0192320843070778,814.5124716553288
3.2,-0.0124999999999999,29407.000000000025,0.0301231446301943,0.0190217152116239,823.7682951968667
3.2,-0.01,29395.00000000001,0.0299593983012267,0.0188143313145238,805.256648113791
3.2,-0.0075,29395.000000000025,0.0298073737724542,0.0186115910475948,795.9183673469386
3.2,-0.005,29370.00000000001,0.0296511408024337,0.0184066094209351,787.0748299319725
3.2,-0.0025,29378.000000000025,0.0295025633614449,0.0182043241145459,787.0748299319725
3.2,0.0,29352.00000000001,0.0293484195813712,0.0179994769782883,769.3877551020407
3.2,0.0025,29352.000000000025,0.0291933020228052,0.0178011332939746,760.5442176870747
3.2,0.0049999999999999,29346.00000000001,0.0290457449165956,0.0176077172373153,741.9501133786846
3.2,0.0074999999999999,29327.000000000025,0.0289012081589151,0.0174096819179967,741.9501133786846
3.2,0.0099999999999999,29315.00000000001,0.0287447703166146,0.0172109264747711,725.0876108018963
3.2,0.0124999999999999,29313.000000000025,0.0285951212208551,0.0170204826785787,725.0876108018963
3.2,0.015,29283.00000000001,0.0284434948662243,0.0168288900005221,716.6563595135021
3.2,0.0175,29305.000000000025,0.0283020604058651,0.0166408142964438,705.6689342403628
3.2,0.0199999999999999,29281.00000000001,0.0281544498437659,0.0164518523366071,697.6499690785405
3.2,0.0224999999999999,29272.00000000002,0.0280054744620908,0.0162705450986519,689.6310039167182
3.2,0.0249999999999999,29284.00000000001,0.0278586076551253,0.0160951459044052,681.6120387548958
3.2,0.0274999999999999,29277.00000000002,0.0277192002047469,0.0159111653446533,669.387755102041
3.2,0.03,29269.00000000001,0.0275768593012038,0.0157350942353412,661.7810760667903
3.2,0.0325,29264.00000000002,0.0274357023042638,0.0155612721433462,654.1743970315399
3.2,0.035,29264.00000000001,0.0272948277569244,0.0153869855566598,646.5677179962895
3.2,0.0375,29240.00000000001,0.0271552263195365,0.0152146542431874,631.3543599257885
3.2,0.04,29243.000000000025,0.0270204354735054,0.0150483361274897,625.9121830550403
3.2,0.0425,29236.00000000001,0.0268802664460383,0.0148891850846938,618.7177901463616
3.2,0.0449999999999999,29230.00000000002,0.0267459302191062,0.0147254989911608,604.3290043290044
3.2,0.0474999999999999,29224.00000000001,0.026608394303509,0.0145639670115037,597.1346114203257
3.2,0.0499999999999999,29201.00000000001,0.026476695296001,0.0144089390124349,590.0432900432901
3.2,0.0524999999999999,29194.000000000025,0.0263392588569502,0.0142573387467518,576.4790764790765
3.2,0.0549999999999999,29187.00000000001,0.0262119196534067,0.0141042205844265,569.6969696969697
3.2,0.0574999999999999,29164.00000000002,0.0260831288824484,0.0139561852890369,562.914862914863
3.2,0.06,29153.00000000001,0.0259510067330626,0.0138156141120692,549.3506493506494
3.2,0.0625,29172.00000000001,0.025829016038745,0.0136742563158068,541.4347557204701
3.2,0.065,29175.000000000025,0.0256987528882382,0.0135362043602268,528.6951144094002
3.2,0.0675,29181.00000000001,0.0255736560981363,0.0134058682691406,528.6951144094002
3.2,0.07,29168.00000000002,0.0254496580629811,0.0132828098679947,515.9554730983302
3.2,0.0725,29163.000000000007,0.0253217457282132,0.0131572978632801,506.3904349618636
3.2,0.075,29173.00000000001,0.0251986157854758,0.0130366010232581,494.47536590393736
3.2,0.0774999999999999,29179.00000000002,0.0250727872482485,0.0129197487897667,488.5178313749743
3.2,0.0799999999999999,29182.00000000001,0.0249507051568202,0.0128094942886472,482.5602968460111
3.2,0.0824999999999999,29181.00000000001,0.0248319748257855,0.0126986866083282,470.645227788085
3.2,0.0849999999999999,29185.000000000025,0.0247155166535257,0.0125966545380597,465.8008658008658
3.2,0.0875,29178.00000000001,0.0245971259460274,0.0124977199746252,454.7103689960833
3.2,0.09,29181.00000000001,0.0244798051323899,0.012404310060004,443.6198721913008
3.2,0.0925,29156.00000000002,0.0243654028003544,0.0123159960289602,436.30179344465057
3.2,0.095,29164.00000000001,0.0242446439568316,0.0122307036218851,426.0358688930117
3.2,0.0975,29148.00000000001,0.0241331035616053,0.0121498341418966,420.9029066171923
3.2,0.1,29166.00000000001,0.0240196955685479,0.0120782379500415,410.6369820655534
3.3000000000000007,-0.1,28273.00000000001,0.0352616303468754,0.0273786918460846,1154.009482580911
3.3000000000000007,-0.0975,28258.00000000001,0.0350876859482905,0.0271405559647252,1142.424242424242
3.3000000000000007,-0.095,28255.00000000001,0.0349189793384779,0.026907536816557,1129.1898577612865
3.3000000000000007,-0.0925,28256.00000000001,0.0347536209607457,0.026674389032746,1129.1898577612865
3.3000000000000007,-0.09,28245.00000000001,0.0345877685090727,0.0264424958931074,1117.0480313337457
3.3000000000000007,-0.0875,28239.00000000001,0.0344214987352256,0.0262053336409921,1104.906204906205
3.3000000000000007,-0.085,28236.00000000001,0.0342566098154353,0.0259694793670505,1104.906204906205
3.3000000000000007,-0.0825,28244.00000000001,0.0340911907240917,0.0257436011452225,1080.6225520511234
3.3000000000000007,-0.08,28241.00000000001,0.0339228475737973,0.0255130350194422,1080.6225520511234
3.3000000000000007,-0.0775,28221.00000000001,0.0337579425936189,0.0252789855068719,1068.4807256235829
3.3000000000000007,-0.075,28209.00000000001,0.0335955557301114,0.0250512390726723,1055.6586270871985
3.3000000000000007,-0.0725,28191.00000000001,0.0334238257348965,0.0248247403271423,1052.504638218924
3.3000000000000007,-0.07,28193.00000000001,0.0332609704820653,0.0245975680160758,1041.1873840445269
3.3000000000000007,-0.0675,28186.00000000001,0.0330962736901561,0.0243653859154231,1029.87012987013
3.3000000000000007,-0.065,28187.00000000002,0.0329341524442305,0.0241340726669219,1029.87012987013
3.3000000000000007,-0.0625,28171.00000000001,0.0327716012664602,0.0239107025009004,1007.2356215213358
3.3000000000000007,-0.06,28167.00000000001,0.0326071550304815,0.0236830702346219,1007.2356215213358
3.3000000000000007,-0.0575,28159.00000000001,0.0324480387046767,0.0234590497972583,995.9183673469388
3.3000000000000007,-0.055,28143.00000000001,0.0322859697353614,0.0232333418129177,984.6011131725418
3.3000000000000007,-0.0525,28156.000000000025,0.0321390169174106,0.0230052206144113,981.4471243042672
3.3000000000000007,-0.05,28156.00000000001,0.0319790229773818,0.0227799819306444,965.3267367553082
3.3000000000000007,-0.0475,28131.00000000001,0.0318125779984827,0.0225553770598089,965.3267367553082
3.3000000000000007,-0.045,28120.00000000001,0.0316567314334444,0.0223341774131873,944.3413729128016
3.3000000000000007,-0.0425,28118.00000000001,0.0315014588350697,0.022109106593737,944.3413729128016
3.3000000000000007,-0.04,28130.000000000025,0.0313431597036919,0.0218900704897335,933.8486909915482
3.3000000000000007,-0.0375,28131.00000000001,0.0311894490971882,0.0216664638285911,923.3560090702948
3.3000000000000007,-0.035,28096.00000000001,0.0310323369836611,0.0214451151409218,912.8633271490414
3.3000000000000007,-0.0325,28102.00000000001,0.0308804555771911,0.0212260423294413,907.235621521336
3.3000000000000007,-0.03,28079.00000000001,0.0307183108456842,0.0210092435023446,897.1552257266544
3.3000000000000007,-0.0275,28079.00000000001,0.030572068099726,0.0207947748041585,887.0748299319729
3.3000000000000007,-0.025,28059.00000000001,0.030421174420421,0.0205778397086808,870.1298701298701
3.3000000000000007,-0.0225,28063.00000000002,0.0302667518760017,0.0203651415511535,870.1298701298701
3.3000000000000007,-0.02,28054.00000000001,0.0301170906838276,0.0201430349510452,850.7936507936508
3.3000000000000007,-0.0175,28028.000000000025,0.0299658021520139,0.0199343675538362,850.7936507936508
3.3000000000000007,-0.015,28033.00000000001,0.0298238642666739,0.0197245583772549,841.1255411255411
3.3000000000000007,-0.0124999999999999,28030.000000000025,0.0296792049162963,0.0195135823017344,831.4574314574314
3.3000000000000007,-0.01,28032.00000000001,0.0295318541623329,0.0193101349028404,833.0241187384045
3.3000000000000007,-0.0075,28002.000000000025,0.0293870192054241,0.0190967679053968,814.5124716553288
3.3000000000000007,-0.005,28014.00000000001,0.0292411260506665,0.018893364693649,805.256648113791
3.3000000000000007,-0.0025,27994.000000000025,0.029090561003166,0.0186874915453269,804.7619047619046
3.3000000000000007,0.0,27987.00000000001,0.0289472960697605,0.0184837526383255,787.0748299319725
3.3000000000000007,0.0025,27998.000000000025,0.0288130042830534,0.0182778006679942,787.0748299319725
3.3000000000000007,0.0049999999999999,27996.00000000001,0.0286658233280271,0.0180747952603188,769.3877551020407
3.3000000000000007,0.0074999999999999,27989.000000000025,0.0285287302507278,0.0178769202548668,760.5442176870747
3.3000000000000007,0.0099999999999999,27985.00000000001,0.0283876849954917,0.0176826561351267,751.7006802721087
3.3000000000000007,0.0124999999999999,27978.000000000025,0.0282456521572758,0.0174869240918904,741.9501133786846
3.3000000000000007,0.015,27957.00000000001,0.0281067447159809,0.0172867646143783,733.5188620902904
3.3000000000000007,0.0175,27940.000000000025,0.0279748296481285,0.017092968643155,725.0876108018963
3.3000000000000007,0.0199999999999999,27950.00000000001,0.0278354898110739,0.0169037766156606,713.687899402185
3.3000000000000007,0.0224999999999999,27950.00000000002,0.0276974008406256,0.016716232322767,705.6689342403628
3.3000000000000007,0.0249999999999999,27937.00000000001,0.0275695052578889,0.0165259727622133,697.6499690785405
3.3000000000000007,0.0274999999999999,27933.00000000002,0.027438251626349,0.0163362304739494,681.6120387548958
3.3000000000000007,0.03,27926.00000000001,0.0273077014641961,0.0161573939762707,681.6120387548958
3.3000000000000007,0.0325,27942.00000000001,0.0271716537033965,0.015976040361383,669.387755102041
3.3000000000000007,0.035,27948.000000000007,0.0270426660220014,0.015800213471582,661.7810760667904
3.3000000000000007,0.0375,27920.00000000001,0.0269156237153779,0.0156201180427804,654.1743970315399
3.3000000000000007,0.04,27937.00000000002,0.0267846776160939,0.0154489428451346,638.9610389610391
3.3000000000000007,0.0425,27920.00000000001,0.0266542945394827,0.0152781626277348,631.3543599257886
3.3000000000000007,0.0449999999999999,27887.00000000002,0.0265247659438278,0.015106420000404,625.9121830550403
3.3000000000000007,0.0474999999999999,27888.000000000007,0.0264075523945679,0.0149412001276517,611.523397237683
3.3000000000000007,0.0499999999999999,27866.00000000001,0.0262794940566635,0.0147827221926038,604.3290043290044
3.3000000000000007,0.0524999999999999,27871.00000000002,0.0261553541260852,0.0146220361364032,597.1346114203257
3.3000000000000007,0.0549999999999999,27857.00000000001,0.0260375939285299,0.0144580302719538,583.2611832611833
3.3000000000000007,0.0574999999999999,27854.00000000001,0.0259161655625259,0.0143062426738948,590.0432900432901
3.3000000000000007,0.06,27858.000000000007,0.0257886490254022,0.0141563693979984,569.6969696969697
3.3000000000000007,0.0625,27833.00000000001,0.0256683682520641,0.0140076254633404,556.1327561327562
3.3000000000000007,0.065,27821.00000000002,0.0255452085149509,0.0138674060033268,556.1327561327562
3.3000000000000007,0.0675,27839.00000000001,0.0254268167577548,0.0137233597834727,541.4347557204701
3.3000000000000007,0.07,27837.00000000001,0.0253073331492604,0.0135842790241275,535.0649350649351
3.3000000000000007,0.0725,27851.000000000007,0.0251860946962391,0.0134544122983589,522.3252937538653
3.3000000000000007,0.075,27839.00000000001,0.0250703260296485,0.0133258189727109,515.9554730983302
3.3000000000000007,0.0774999999999999,27836.00000000002,0.0249545869654555,0.0131987193300246,512.3479694908267
3.3000000000000007,0.0799999999999999,27830.000000000007,0.0248345310103661,0.0130782360923124,500.4329004329005
3.3000000000000007,0.0824999999999999,27827.00000000001,0.0247207969169901,0.0129596257399379,488.5178313749743
3.3000000000000007,0.0849999999999999,27835.000000000025,0.0246143492616965,0.0128450676564149,476.602762317048
3.3000000000000007,0.0875,27816.000000000007,0.0245040683436624,0.0127375128971153,476.6027623170481
3.3000000000000007,0.09,27827.00000000001,0.0243918938413128,0.0126332925895809,460.25561739847456
3.3000000000000007,0.0925,27821.00000000002,0.0242820749408069,0.01253724841772,449.165120593692
3.3000000000000007,0.095,27825.00000000001,0.0241747428456115,0.0124398512157852,438.0746237889096
3.3000000000000007,0.0975,27834.00000000001,0.024068826536316,0.0123478827716727,443.6198721913008
3.3000000000000007,0.1,27830.00000000002,0.0239652353963652,0.0122593291208075,420.9029066171922
3.4000000000000004,-0.1,26885.00000000001,0.0344518805150511,0.0279650719646829,1179.9422799422798
3.4000000000000004,-0.0975,26883.00000000001,0.0342901324861502,0.0277357513854455,1166.9758812615955
3.4000000000000004,-0.095,26868.00000000001,0.0341329436845815,0.0275008497599997,1154.009482580911
3.4000000000000004,-0.0925,26859.00000000001,0.0339726906882136,0.0272627225586242,1154.009482580911
3.4000000000000004,-0.09,26865.00000000001,0.0338201258259366,0.0270311283347632,1129.1898577612865
3.4000000000000004,-0.0875,26847.00000000001,0.0336595797058723,0.0267962743233459,1129.1898577612865
3.4000000000000004,-0.085,26835.00000000001,0.0335047760085105,0.0265614760787899,1129.1898577612865
3.4000000000000004,-0.0825,26830.00000000001,0.0333465501127279,0.0263245348952463,1104.906204906205
3.4000000000000004,-0.08,26821.00000000001,0.0331915943128231,0.0260892310766819,1104.906204906205
3.4000000000000004,-0.0775,26833.00000000001,0.0330384342917638,0.0258618401662779,1080.6225520511234
3.4000000000000004,-0.075,26825.00000000001,0.0328797900263671,0.0256270235598859,1080.6225520511234
3.4000000000000004,-0.0725,26837.00000000001,0.0327302282039588,0.0253957789141806,1080.6225520511234
3.4000000000000004,-0.07,26841.00000000001,0.0325827940258217,0.0251613019875621,1068.4807256235829
3.4000000000000004,-0.0675,26821.00000000001,0.032421873073475,0.0249340178149534,1052.504638218924
3.4000000000000004,-0.065,26822.000000000025,0.0322688360141271,0.0247075859416658,1052.504638218924
3.4000000000000004,-0.0625,26818.00000000001,0.0321141050769951,0.0244777756380341,1029.87012987013
3.4000000000000004,-0.06,26812.00000000001,0.031961032178103,0.0242476962356834,1029.87012987013
3.4000000000000004,-0.0575,26804.00000000001,0.0318135109436001,0.0240204896246698,1018.5528756957328
3.4000000000000004,-0.055,26796.00000000001,0.0316624886402947,0.0237959141717884,1007.2356215213358
3.4000000000000004,-0.0525,26789.000000000025,0.031510058011993,0.0235662312223126,995.9183673469388
3.4000000000000004,-0.05,26779.00000000001,0.0313544361303991,0.0233459168386759,984.6011131725418
3.4000000000000004,-0.0475,26778.00000000001,0.0312122433968864,0.0231192568998213,981.4471243042672
3.4000000000000004,-0.045,26772.00000000001,0.0310755121578494,0.0228903660893974,970.542156256442
3.4000000000000004,-0.0425,26777.00000000001,0.0309224241603854,0.0226661397430961,965.3267367553082
3.4000000000000004,-0.04,26763.00000000001,0.0307722800199277,0.0224466101735726,954.8340548340548
3.4000000000000004,-0.0375,26759.00000000001,0.0306271923140064,0.0222220636087255,944.3413729128016
3.4000000000000004,-0.035,26748.00000000001,0.0304778105102373,0.0219977741503536,933.8486909915482
3.4000000000000004,-0.0325,26760.00000000001,0.0303295855603826,0.0217762593078628,923.3560090702948
3.4000000000000004,-0.03,26758.00000000001,0.0301887618158559,0.0215547849989807,923.3560090702948
3.4000000000000004,-0.0275,26725.00000000001,0.0300459881272187,0.0213345051422257,902.370645227788
3.4000000000000004,-0.025,26715.00000000001,0.0299006504815264,0.0211150449505121,907.235621521336
3.4000000000000004,-0.0225,26721.00000000001,0.0297642237420752,0.0209023707262196,887.0748299319729
3.4000000000000004,-0.02,26703.00000000001,0.0296278178737499,0.0206785158936773,889.4660894660896
3.4000000000000004,-0.0175,26714.00000000001,0.0294865521284957,0.0204646662606178,870.1298701298701
3.4000000000000004,-0.015,26710.00000000001,0.0293424835087334,0.0202395240718292,870.1298701298701
3.4000000000000004,-0.0124999999999999,26721.000000000025,0.0292059503580039,0.0200282561072951,850.7936507936508
3.4000000000000004,-0.01,26707.00000000001,0.0290638405061085,0.0198173734404386,850.7936507936508
3.4000000000000004,-0.0075,26698.000000000025,0.0289290155523611,0.0196064322641489,831.4574314574314
3.4000000000000004,-0.005,26691.00000000001,0.0287910058055681,0.0194016725791157,833.0241187384045
3.4000000000000004,-0.0025,26660.00000000002,0.0286568020467979,0.0191908476564071,823.7682951968667
3.4000000000000004,0.0,26667.00000000001,0.0285194071131022,0.0189858959576513,805.256648113791
3.4000000000000004,0.0025,26657.000000000025,0.0283850221962189,0.0187807792448566,804.7619047619046
3.4000000000000004,0.0049999999999999,26639.00000000001,0.0282557723974829,0.018575419408657,795.9183673469386
3.4000000000000004,0.0074999999999999,26653.00000000002,0.028121950840915,0.0183689021795494,778.2312925170066
3.4000000000000004,0.0099999999999999,26646.00000000001,0.0279895975158971,0.0181675201811693,760.5442176870747
3.4000000000000004,0.0124999999999999,26634.000000000025,0.0278526618116763,0.0179622104581352,760.5442176870747
3.4000000000000004,0.015,26624.00000000001,0.0277254614165408,0.0177650408061977,751.7006802721087
3.4000000000000004,0.0175,26628.00000000002,0.0275938807925685,0.0175768293622899,741.9501133786846
3.4000000000000004,0.0199999999999999,26613.00000000001,0.0274746482176098,0.0173743897685904,741.9501133786846
3.4000000000000004,0.0224999999999999,26606.00000000002,0.0273444793773451,0.0171746932564414,725.0876108018963
3.4000000000000004,0.0249999999999999,26604.00000000001,0.0272153692929746,0.0169853311951369,725.0876108018963
3.4000000000000004,0.0274999999999999,26603.00000000001,0.0270938926665121,0.0167971696204477,713.687899402185
3.4000000000000004,0.03,26601.000000000007,0.0269734208042298,0.0166058609309243,697.6499690785405
3.4000000000000004,0.0325,26588.00000000001,0.0268469197087145,0.0164207089806639,689.6310039167181
3.4000000000000004,0.035,26586.000000000007,0.0267261850126399,0.016236158467541,681.6120387548958
3.4000000000000004,0.0375,26601.00000000001,0.0266017151436382,0.0160563713008811,665.5741084312513
3.4000000000000004,0.04,26586.00000000002,0.0264795323024793,0.0158764013993133,661.7810760667904
3.4000000000000004,0.0425,26578.00000000001,0.0263623963566032,0.0156971845913958,654.1743970315399
3.4000000000000004,0.0449999999999999,26566.00000000001,0.0262360399825538,0.0155267551039693,638.9610389610391
3.4000000000000004,0.0474999999999999,26570.000000000007,0.0261181342929952,0.0153545295974779,638.9610389610391
3.4000000000000004,0.0499999999999999,26568.00000000001,0.0259991061814806,0.0151815268996277,625.9121830550403
3.4000000000000004,0.0524999999999999,26550.00000000002,0.0258857071563376,0.0150123347548441,618.7177901463616
3.4000000000000004,0.0549999999999999,26541.00000000001,0.0257665480716261,0.0148549955210544,611.523397237683
3.4000000000000004,0.0574999999999999,26542.00000000002,0.0256524168044455,0.0146881538530047,597.1346114203257
3.4000000000000004,0.06,26542.000000000007,0.0255411403223285,0.0145298095391629,590.0432900432901
3.4000000000000004,0.0625,26539.00000000001,0.0254296844979584,0.0143743712447054,583.2611832611833
3.4000000000000004,0.065,26527.00000000002,0.0253129362813042,0.0142250489398092,569.6969696969697
3.4000000000000004,0.0675,26526.00000000001,0.0252060499223119,0.0140729165172348,562.914862914863
3.4000000000000004,0.07,26506.00000000001,0.0250857211092358,0.0139275789370177,556.1327561327562
3.4000000000000004,0.0725,26484.000000000007,0.0249770510237548,0.0137856821233461,547.8045763760049
3.4000000000000004,0.075,26493.00000000001,0.0248724505400865,0.0136482992648147,535.0649350649351
3.4000000000000004,0.0774999999999999,26492.00000000001,0.0247659626705883,0.0135104854861411,522.3252937538653
3.4000000000000004,0.0799999999999999,26494.000000000007,0.0246550370512761,0.0133794043291688,515.9554730983302
3.4000000000000004,0.0824999999999999,26494.00000000001,0.0245450774298822,0.0132546832025594,512.3479694908267
3.4000000000000004,0.0849999999999999,26494.00000000002,0.0244376406765717,0.0131297183656683,500.4329004329005
3.4000000000000004,0.0875,26486.000000000007,0.0243301209278493,0.0130109597504117,488.5178313749743
3.4000000000000004,0.09,26488.00000000001,0.024232602193888,0.0128946052824571,488.5178313749742
3.4000000000000004,0.0925,26487.00000000001,0.0241318857273355,0.0127843022080424,476.602762317048
3.4000000000000004,0.095,26460.000000000007,0.0240266622100994,0.0126771786295358,460.25561739847456
3.4000000000000004,0.0975,26456.00000000001,0.0239265324377189,0.0125788572969316,449.165120593692
3.4000000000000004,0.1,26482.00000000001,0.0238271037038631,0.0124792779029132,449.165120593692
3.5,-0.1,25494.00000000001,0.0336302226524498,0.0285819140443955,1192.9086786229643
3.5,-0.0975,25475.00000000001,0.0334796693559422,0.0283464436867542,1192.9086786229643
3.5,-0.095,25489.000000000007,0.033326505883428,0.028117087522392,1179.9422799422798
3.5,-0.0925,25485.00000000001,0.0331805902211318,0.027879209536087,1166.9758812615955
3.5,-0.09,25475.00000000001,0.0330296850603624,0.0276423510865322,1154.009482580911
3.5,-0.0875,25476.000000000007,0.0328807350894851,0.0274064996956287,1154.009482580911
3.5,-0.085,25464.00000000001,0.0327326434233228,0.0271724008436656,1142.424242424242
3.5,-0.0825,25470.00000000001,0.0325837956333711,0.026935535337996,1129.1898577612865
3.5,-0.08,25472.000000000007,0.0324392822981831,0.0267065377583233,1129.1898577612865
3.5,-0.0775,25452.00000000001,0.0322914691698891,0.0264742816305971,1104.906204906205
3.5,-0.075,25450.00000000001,0.0321487321669729,0.0262386840634603,1104.906204906205
3.5,-0.0725,25449.000000000007,0.032008535190206,0.0260072137107445,1104.906204906205
3.5,-0.07,25435.00000000001,0.0318589932628845,0.0257724532789757,1080.6225520511234
3.5,-0.0675,25434.00000000001,0.0317194732987907,0.025536112424139,1080.6225520511234
3.5,-0.065,25447.00000000001,0.0315752902995254,0.0253099645897548,1068.4807256235829
3.5,-0.0625,25440.00000000001,0.0314343937865912,0.0250768428712306,1055.6586270871985
3.5,-0.06,25445.000000000007,0.0313006475795858,0.0248454880357644,1052.504638218924
3.5,-0.0575,25445.00000000001,0.0311570345424131,0.0246184225305535,1041.1873840445269
3.5,-0.055,25442.00000000001,0.0310143489229726,0.0243898922198906,1029.87012987013
3.5,-0.0525,25427.00000000001,0.0308755135179418,0.0241580958898653,1029.87012987013
3.5,-0.05,25416.00000000001,0.0307372928337777,0.0239302120602876,1007.2356215213358
3.5,-0.0475,25408.000000000007,0.0305988070614951,0.0237041041279601,1018.5528756957328
3.5,-0.045,25409.00000000001,0.03046260012701,0.0234783833252185,995.9183673469388
3.5,-0.0425,25402.000000000007,0.0303295369877379,0.0232496364651894,984.6011131725418
3.5,-0.04,25407.00000000001,0.0301930520405338,0.0230229142185622,981.4471243042672
3.5,-0.0375,25395.00000000001,0.0300561654663257,0.0227987505319706,965.3267367553082
3.5,-0.035,25399.000000000007,0.02992526565826,0.0225719965711928,954.8340548340548
3.5,-0.0325,25381.00000000001,0.0297899830852839,0.0223502864176733,944.3413729128016
3.5,-0.03,25368.000000000007,0.0296622248593026,0.0221255564401661,944.3413729128016
3.5,-0.0275,25382.00000000001,0.0295297592083188,0.0219006681732424,933.8486909915482
3.5,-0.025,25378.000000000007,0.0293946450509136,0.0216804891269672,933.8486909915482
3.5,-0.0225,25352.00000000001,0.0292568963311981,0.0214569216495734,912.8633271490414
3.5,-0.02,25356.00000000001,0.0291270807517131,0.0212403460002958,907.235621521336
3.5,-0.0175,25348.00000000001,0.0289991636242612,0.0210232519199937,887.0748299319729
3.5,-0.015,25354.00000000001,0.0288662339159061,0.0208048247381358,887.0748299319729
3.5,-0.0124999999999999,25343.00000000002,0.0287350339301342,0.0205880279366963,870.1298701298701
3.5,-0.01,25344.00000000001,0.0286083602691841,0.0203734336727549,870.1298701298701
3.5,-0.0075,25336.00000000002,0.0284809432900651,0.0201485447900289,870.1298701298701
3.5,-0.005,25327.00000000001,0.0283436716060357,0.019940729194946,860.4617604617605
3.5,-0.0025,25312.00000000002,0.0282215192250077,0.0197253766571682,841.1255411255412
3.5,0.0,25336.00000000001,0.0280938911454512,0.019518246740742,821.7893217893218
3.5,0.0025,25300.00000000001,0.0279713175828282,0.019309506640479,833.0241187384045
3.5,0.0049999999999999,25294.00000000001,0.0278415431699352,0.0190986126578753,823.7682951968667
3.5,0.0074999999999999,25299.000000000025,0.0277258794251072,0.0188916054018568,805.256648113791
3.5,0.0099999999999999,25304.00000000001,0.0275958854007775,0.0186852698084793,795.9183673469386
3.5,0.0124999999999999,25291.00000000002,0.0274855671842217,0.0184747829660098,787.0748299319725
3.5,0.015,25282.00000000001,0.0273512943538907,0.0182736851695844,778.2312925170066
3.5,0.0175,25277.00000000002,0.0272423516583797,0.0180671438932375,769.3877551020407
3.5,0.0199999999999999,25266.00000000001,0.0271223906111607,0.0178665101881473,760.5442176870747
3.5,0.0224999999999999,25270.00000000001,0.0270030105543757,0.0176748761377363,751.7006802721087
3.5,0.0249999999999999,25258.000000000007,0.0268932684620039,0.0174735850648031,741.9501133786846
3.5,0.0274999999999999,25250.00000000001,0.0267745587147076,0.0172737259208032,725.0876108018963
3.5,0.03,25241.000000000007,0.0266535388425589,0.017082381904233,725.0876108018963
3.5,0.0325,25242.00000000001,0.0265388327269642,0.0168908777102697,713.687899402185
3.5,0.035,25242.000000000007,0.0264260078373853,0.0167024425965533,697.6499690785405
3.5,0.0375,25243.00000000001,0.0263146175754713,0.0165139448566143,697.6499690785405
3.5,0.04,25242.00000000002,0.0262008150705995,0.0163236157715517,681.6120387548958
3.5,0.0425,25241.00000000001,0.0260827445852766,0.0161449891619735,681.6120387548958
3.5,0.0449999999999999,25241.00000000001,0.0259679079303462,0.0159645905815636,669.387755102041
3.5,0.0474999999999999,25226.000000000007,0.0258595031816747,0.0157831422546,654.1743970315399
3.5,0.0499999999999999,25223.00000000001,0.0257481038378813,0.0156094204768596,654.1743970315399
3.5,0.0524999999999999,25202.00000000002,0.0256404707049584,0.0154350863788653,638.9610389610391
3.5,0.0549999999999999,25210.00000000001,0.0255336876506895,0.0152591409470086,625.9121830550403
3.5,0.0574999999999999,25187.00000000001,0.0254261608165696,0.0150880547656548,618.7177901463616
3.5,0.06,25195.000000000007,0.0253153418371009,0.0149290819082322,611.523397237683
3.5,0.0625,25190.00000000001,0.025215384067146,0.0147628181946725,604.3290043290044
3.5,0.065,25188.00000000002,0.0251102108542239,0.0146018735613693,589.9402185116471
3.5,0.0675,25177.00000000001,0.0250038618731383,0.0144444390885934,583.2611832611833
3.5,0.07,25182.00000000001,0.0249005731790247,0.0142899467867007,576.4790764790765
3.5,0.0725,25171.000000000007,0.0247938275422364,0.0141390625240748,569.6969696969697
3.5,0.075,25151.00000000001,0.0246935574396792,0.0139921042578645,556.1327561327562
3.5,0.0774999999999999,25150.00000000001,0.024586898599377,0.0138498863270728,547.8045763760049
3.5,0.0799999999999999,25187.000000000007,0.0244941417545978,0.0137083842821199,535.0649350649351
3.5,0.0824999999999999,25178.00000000001,0.0243970444300326,0.0135720579295497,528.6951144094002
3.5,0.0849999999999999,25160.00000000001,0.024296426466253,0.0134400340676984,522.3252937538653
3.5,0.0875,25169.000000000007,0.024201963289925,0.0133133690075575,509.58565244279526
3.5,0.09,25162.00000000001,0.024102432302172,0.0131872936129747,500.4329004329005
3.5,0.0925,25163.00000000001,0.0239992032076248,0.0130648497615881,494.4753659039374
3.5,0.095,25175.000000000007,0.0239079567544461,0.0129491967527563,482.5602968460112
3.5,0.0975,25174.00000000001,0.0238150619538119,0.0128352662994192,476.602762317048
3.5,0.1,25186.00000000001,0.023725894721174,0.0127279868081302,464.6876932591219
3.6000000000000005,-0.1,24169.00000000001,0.0327883774444068,0.0291552248675126,1217.4603174603174
3.6000000000000005,-0.0975,24172.00000000001,0.0326529803529344,0.0289114523987288,1205.8750773036486
3.6000000000000005,-0.095,24177.000000000007,0.0325180121727564,0.0286696605474569,1205.8750773036486
3.6000000000000005,-0.0925,24178.00000000001,0.0323815059884466,0.0284391838198442,1192.9086786229643
3.6000000000000005,-0.09,24179.00000000001,0.0322414747346731,0.0282053116929521,1179.9422799422798
3.6000000000000005,-0.0875,24158.000000000007,0.0321056588189022,0.0279659815822183,1179.9422799422798
3.6000000000000005,-0.085,24167.00000000001,0.0319686831898952,0.0277289675066464,1166.9758812615955
3.6000000000000005,-0.0825,24156.00000000001,0.0318318042121867,0.0274915513462091,1154.009482580911
3.6000000000000005,-0.08,24148.000000000007,0.0316964769569461,0.0272589022044102,1154.009482580911
3.6000000000000005,-0.0775,24138.00000000001,0.0315583731759271,0.0270184431113636,1129.1898577612865
3.6000000000000005,-0.075,24142.00000000001,0.0314277343496266,0.026786366624151,1129.1898577612865
3.6000000000000005,-0.0725,24145.000000000007,0.0312904082993214,0.0265561539606768,1129.1898577612865
3.6000000000000005,-0.07,24146.00000000001,0.0311564467718072,0.0263234050421845,1104.906204906205
3.6000000000000005,-0.0675,24124.00000000001,0.031020515746694,0.0260893708374477,1104.906204906205
3.6000000000000005,-0.065,24119.00000000001,0.0308817714005624,0.0258561258717761,1080.6225520511234
3.6000000000000005,-0.0625,24132.00000000001,0.0307466391324833,0.025622791843255,1092.7643784786642
3.6000000000000005,-0.06,24137.000000000007,0.0306269519221125,0.0253900392013144,1080.6225520511234
3.6000000000000005,-0.0575,24124.00000000001,0.0304884890680382,0.0251583816234217,1056.3388991960423
3.6000000000000005,-0.055,24116.000000000007,0.0303645778545151,0.0249238437448849,1055.6586270871985
3.6000000000000005,-0.0525,24121.00000000001,0.0302345089783969,0.0246967721227878,1052.504638218924
3.6000000000000005,-0.05,24131.00000000001,0.0301035193356164,0.0244617369761922,1029.87012987013
3.6000000000000005,-0.0475,24133.000000000007,0.0299805972401592,0.0242335599780941,1029.87012987013
3.6000000000000005,-0.045,24117.00000000001,0.0298494520739904,0.0240092566250675,1018.5528756957328
3.6000000000000005,-0.0425,24123.000000000007,0.0297189914630819,0.0237848366741207,1007.2356215213358
3.6000000000000005,-0.04,24120.00000000001,0.0296000509026117,0.02355289325561,1007.2356215213358
3.6000000000000005,-0.0375,24105.00000000001,0.0294727389395861,0.0233311841549229,984.6011131725418
3.6000000000000005,-0.035,24098.000000000007,0.0293435144707675,0.0231050516131972,981.4471243042672
3.6000000000000005,-0.0325,24098.00000000001,0.029212436156643,0.0228770216552373,970.542156256442
3.6000000000000005,-0.03,24095.000000000007,0.0290891845886223,0.0226529027194597,965.3267367553082
3.6000000000000005,-0.0275,24081.00000000001,0.0289583314209285,0.0224328063427074,954.8340548340548
3.6000000000000005,-0.025,24060.000000000007,0.0288326355807924,0.0222077843467025,944.3413729128016
3.6000000000000005,-0.0225,24056.00000000001,0.0287112121217873,0.0219816963821154,933.8486909915482
3.6000000000000005,-0.02,24070.00000000001,0.0285846279936906,0.0217613048533713,923.3560090702948
3.6000000000000005,-0.0175,24061.00000000001,0.0284611675567681,0.0215391264053682,912.8633271490414
3.6000000000000005,-0.015,24034.000000000007,0.0283368722620567,0.0213209872612631,912.8633271490414
3.6000000000000005,-0.0124999999999999,24034.00000000001,0.0282164097604589,0.0210996221657629,907.235621521336
3.6000000000000005,-0.01,24036.00000000001,0.0280952211001223,0.0208826230074957,907.235621521336
3.6000000000000005,-0.0075,24021.00000000001,0.0279789542399877,0.0206649947069863,889.4660894660896
3.6000000000000005,-0.005,24031.000000000007,0.0278597721506058,0.0204512614656289,870.1298701298701
3.6000000000000005,-0.0025,24037.00000000001,0.0277493457698871,0.0202265506531622,860.4617604617605
3.6000000000000005,0.0,24034.00000000001,0.0276391754038072,0.020014370924575,850.7936507936508
3.6000000000000005,0.0025,24041.00000000001,0.0275171164671424,0.0198017092690252,860.4617604617605
3.6000000000000005,0.0049999999999999,24028.00000000001,0.0274068620242074,0.0195917358464793,841.1255411255411
3.6000000000000005,0.0074999999999999,24030.00000000001,0.0272870386112459,0.0193858560259218,842.2799422799422
3.6000000000000005,0.0099999999999999,24006.00000000001,0.0271699891607183,0.0191675800998606,814.5124716553288
3.6000000000000005,0.0124999999999999,24014.00000000001,0.0270544424442067,0.0189609079458587,805.256648113791
3.6000000000000005,0.015,24012.000000000007,0.0269465072278478,0.0187562569244531,795.9183673469386
3.6000000000000005,0.0175,23993.00000000001,0.0268314022787079,0.0185509832669049,795.9183673469386
3.6000000000000005,0.0199999999999999,23995.000000000007,0.0267257393698929,0.0183428183847183,778.2312925170066
3.6000000000000005,0.0224999999999999,24005.00000000001,0.0266155343329571,0.018137896464751,778.2312925170066
3.6000000000000005,0.0249999999999999,23987.000000000007,0.0265013340310524,0.0179406509981768,760.5442176870747
3.6000000000000005,0.0274999999999999,23966.00000000001,0.0263892383537331,0.0177434493404706,751.7006802721087
3.6000000000000005,0.03,23973.000000000007,0.0262792426541884,0.017548483722857,741.9501133786846
3.6000000000000005,0.0325,23964.00000000001,0.026176092046796,0.01735162367439,733.5188620902904
3.6000000000000005,0.035,23957.000000000007,0.0260699277570912,0.0171547381671013,725.0876108018963
3.6000000000000005,0.0375,23955.00000000001,0.0259611785885829,0.0169647176752386,708.225108225108
3.6000000000000005,0.04,23950.00000000001,0.0258558858548332,0.0167768913355034,705.6689342403628
3.6000000000000005,0.0425,23956.000000000007,0.0257539801154418,0.01659082552557,697.6499690785405
3.6000000000000005,0.0449999999999999,23937.00000000001,0.025650076289946,0.0164036183236232,681.6120387548958
3.6000000000000005,0.0474999999999999,23947.000000000007,0.0255464486028929,0.0162232328376649,681.6120387548958
3.6000000000000005,0.0499999999999999,23943.00000000001,0.0254425359417311,0.0160419933176678,665.5741084312513
3.6000000000000005,0.0524999999999999,23934.00000000001,0.0253425017890667,0.0158633406503437,661.7810760667904
3.6000000000000005,0.0549999999999999,23927.00000000001,0.0252383636629717,0.0156838423516445,646.5677179962895
3.6000000000000005,0.0574999999999999,23941.00000000001,0.0251407807315517,0.0155098583159748,646.5677179962895
3.6000000000000005,0.06,23945.000000000007,0.0250435925130013,0.0153381521146994,646.5677179962895
3.6000000000000005,0.0625,23931.00000000001,0.0249580015989183,0.015167710458727,625.9121830550403
3.6000000000000005,0.065,23916.00000000001,0.0248522293366657,0.015003111824527,611.523397237683
3.6000000000000005,0.0675,23914.000000000007,0.0247576741808935,0.014841091582375,611.523397237683
3.6000000000000005,0.07,23912.00000000001,0.024664259384738,0.0146777202807636,597.1346114203257
3.6000000000000005,0.0725,23906.000000000007,0.0245690073120735,0.0145172444631886,603.6075036075036
3.6000000000000005,0.075,23912.00000000001,0.0244705242412073,0.0143656856613664,576.4790764790765
3.6000000000000005,0.0774999999999999,23914.00000000001,0.0243807310691419,0.0142174366631392,569.6969696969697
3.6000000000000005,0.0799999999999999,23897.000000000007,0.024284768933054,0.0140679821195619,556.1327561327562
3.6000000000000005,0.0824999999999999,23881.00000000001,0.0241882159401897,0.0139236732130765,549.3506493506494
3.6000000000000005,0.0849999999999999,23881.00000000001,0.0241003136820915,0.0137815539618296,535.0649350649351
3.6000000000000005,0.0875,23883.000000000007,0.0240096822753267,0.013643874285555,541.4347557204701
3.6000000000000005,0.09,23910.00000000001,0.023918701785616,0.0135133316201986,535.0649350649351
3.6000000000000005,0.0925,23896.00000000001,0.0238249297269162,0.0133866075900015,509.58565244279526
3.6000000000000005,0.095,23644.000000000007,0.0237229540165063,0.0132640682678349,518.3055040197897
3.6000000000000005,0.0975,23171.00000000001,0.0235074478813445,0.0131426589707194,506.3904349618636
3.6000000000000005,0.1,22808.00000000001,0.0233722742933178,0.0130207851202547,506.3904349618636
3.7,-0.1,22754.00000000001,0.0318754716048197,0.0297096862950581,1241.1873840445269
3.7,-0.0975,22759.00000000001,0.0317465824958813,0.0294726211807918,1241.1873840445269
3.7,-0.095,22745.000000000007,0.0316210114381384,0.029229685979683,1227.3964131106989
3.7,-0.0925,22745.00000000001,0.0314916206502164,0.0289871240086322,1231.8078746650174
3.7,-0.09,22748.000000000007,0.0313608432830264,0.0287459023164387,1205.8750773036486
3.7,-0.0875,22755.000000000007,0.0312369475332494,0.0285165343873989,1192.9086786229643
3.7,-0.085,22740.00000000001,0.0311132747292499,0.0282813358849507,1192.908678622964
3.7,-0.0825,22738.00000000001,0.0309840657022246,0.0280444066153338,1179.9422799422798
3.7,-0.08,22730.000000000007,0.0308575360701873,0.0278025045793556,1166.9758812615955
3.7,-0.0775,22735.00000000001,0.030732423278462,0.027570022611796,1166.9758812615955
3.7,-0.075,22738.00000000001,0.0306053392281555,0.0273290783079152,1154.009482580911
3.7,-0.0725,22728.000000000007,0.030482159071789,0.0270947820599027,1141.0430839002267
3.7,-0.07,22719.00000000001,0.0303575785597494,0.0268535811907008,1141.3316841888272
3.7,-0.0675,22716.000000000007,0.0302422023802596,0.0266186403249653,1129.1898577612865
3.7,-0.065,22727.00000000001,0.0301196201788029,0.026388119753707,1117.0480313337457
3.7,-0.0625,22711.00000000001,0.0299964011574269,0.0261494420224698,1117.0480313337457
3.7,-0.06,22696.000000000007,0.0298722292628881,0.0259201968841906,1104.906204906205
3.7,-0.0575,22717.00000000001,0.0297553449816482,0.0256858172514902,1092.7643784786642
3.7,-0.055,22698.000000000007,0.0296332776539215,0.0254520761589114,1080.6225520511234
3.7,-0.0525,22705.00000000001,0.0295217892356606,0.025223631226688,1068.4807256235829
3.7,-0.05,22686.00000000001,0.0294053155895999,0.0249894959353322,1067.3881673881674
3.7,-0.0475,22696.000000000007,0.0292906007960676,0.0247534703241715,1055.6586270871985
3.7,-0.045,22704.00000000001,0.0291738631175351,0.0245253335475124,1041.1873840445269
3.7,-0.0425,22704.000000000007,0.0290557035917438,0.0242967070237022,1041.1873840445269
3.7,-0.04,22678.00000000001,0.0289423289151706,0.0240665382376747,1018.5528756957328
3.7,-0.0375,22680.000000000007,0.028820159344288,0.0238416707775361,1018.5528756957328
3.7,-0.035,22679.000000000007,0.0287087603720532,0.0236142435972069,1018.5528756957328
3.7,-0.0325,22671.00000000001,0.0285992543244471,0.0233927226995785,995.9183673469388
3.7,-0.03,22666.000000000007,0.0284865183089644,0.0231614558569334,992.3520923520924
3.7,-0.0275,22665.00000000001,0.0283710325201474,0.022934956824101,981.4471243042672
3.7,-0.025,22656.000000000007,0.0282518715817827,0.022708512346227,970.542156256442
3.7,-0.0225,22659.00000000001,0.0281440428675027,0.0224853917263598,965.3267367553082
3.7,-0.02,22656.000000000007,0.0280370347320786,0.0222606811884623,944.3413729128016
3.7,-0.0175,22660.00000000001,0.0279279364703565,0.0220363232667855,944.3413729128016
3.7,-0.015,22660.000000000007,0.0278094621258308,0.0218175780122844,933.8486909915482
3.7,-0.0124999999999999,22650.00000000001,0.0277002956983961,0.0215958761039875,933.8486909915482
3.7,-0.01,22652.000000000007,0.0275790275586298,0.0213802197415293,923.3560090702948
3.7,-0.0075,22642.00000000001,0.0274731970674086,0.0211538595321712,907.235621521336
3.7,-0.005,22659.00000000001,0.0273656044109213,0.0209383658275433,897.1552257266544
3.7,-0.0025,22640.00000000001,0.0272626373201467,0.0207172878705383,887.0748299319729
3.7,0.0,22642.000000000007,0.0271526365746982,0.0205014389971065,879.7979797979799
3.7,0.0025,22648.00000000001,0.0270501637705586,0.0202780479543208,860.4617604617605
3.7,0.0049999999999999,22652.000000000007,0.0269515696356257,0.0200670206826426,860.4617604617605
3.7,0.0074999999999999,22621.00000000001,0.0268373508977951,0.019855356745836,860.4617604617605
3.7,0.0099999999999999,22639.00000000001,0.0267425964145003,0.0196454915142581,841.1255411255411
3.7,0.0124999999999999,22649.00000000001,0.0266443411888609,0.019441424173825,841.1255411255411
3.7,0.015,22619.000000000007,0.0265416798162702,0.0192267995311219,823.7682951968667
3.7,0.0175,22630.00000000001,0.0264350624336297,0.0190175643952785,814.5124716553288
3.7,0.0199999999999999,22619.000000000007,0.0263285021890066,0.0188131393044796,814.5124716553288
3.7,0.0224999999999999,22620.00000000001,0.02623571238838,0.0186082818833814,786.7450010307153
3.7,0.0249999999999999,22619.000000000007,0.0261323881815927,0.0184006606132831,787.0748299319725
3.7,0.0274999999999999,22624.00000000001,0.0260245119100454,0.0182031092521792,787.0748299319725
3.7,0.03,22618.000000000007,0.0259267001165726,0.0179940269372804,769.3877551020407
3.7,0.0325,22600.00000000001,0.0258301974948931,0.0177954181957045,769.3877551020407
3.7,0.035,22623.000000000007,0.0257387823871978,0.0176024792715068,750.3813646670787
3.7,0.0375,22623.000000000007,0.0256490416330298,0.0174026401046626,741.9501133786846
3.7,0.04,22614.00000000001,0.0255559916704228,0.0172041866536382,733.5188620902904
3.7,0.0425,22606.000000000007,0.0254635175692657,0.0170165492376186,725.0876108018963
3.7,0.0449999999999999,22615.00000000001,0.0253719744552625,0.0168254572821891,716.6563595135021
3.7,0.0474999999999999,22611.000000000007,0.0252697891719435,0.0166360853725498,705.6689342403628
3.7,0.0499999999999999,22607.00000000001,0.0251823129309324,0.0164509574678922,697.6499690785405
3.7,0.0524999999999999,22617.00000000001,0.0250941240749352,0.0162677684240497,689.6310039167182
3.7,0.0549999999999999,22596.000000000007,0.025005691559965,0.0160866036036223,673.5930735930735
3.7,0.0574999999999999,22595.00000000001,0.0249101785440872,0.0159031192605468,684.6011131725418
3.7,0.06,22602.000000000007,0.0248212352814444,0.0157247854945862,661.7810760667903
3.7,0.0625,22609.00000000001,0.0247353908951997,0.0155546720219825,654.1743970315399
3.7,0.065,22595.00000000001,0.0246471640802956,0.0153797740648302,646.5677179962895
3.7,0.0675,22588.000000000007,0.0245556836820687,0.0152025784243648,631.3543599257885
3.7,0.07,22589.00000000001,0.0244663748302451,0.0150357027855688,631.3543599257885
3.7,0.0725,22591.000000000007,0.0243759343285842,0.0148794004038471,618.7177901463616
3.7,0.075,22598.000000000007,0.0242871017547762,0.0147143504554521,604.3290043290044
3.7,0.0774999999999999,22581.00000000001,0.0242011633966296,0.014555731413617,597.1346114203257
3.7,0.0799999999999999,22574.000000000007,0.0241106871174986,0.014398220514777,590.0432900432901
3.7,0.0824999999999999,22566.00000000001,0.024032012210381,0.0142513153035884,576.4790764790765
3.7,0.0849999999999999,22522.00000000001,0.023984716006357,0.0140971942598583,576.4790764790765
3.7,0.0875,22098.000000000007,0.0237852528610149,0.0139387418833743,562.914862914863
3.7,0.09,21720.00000000001,0.0236040474593599,0.0138214874982791,562.914862914863
3.7,0.0925,21310.00000000001,0.0233979537201261,0.0136819804908421,535.7864357864358
3.7,0.095,20915.000000000007,0.0232118565337986,0.0135525702612392,529.0043290043291
3.7,0.0975,20555.000000000007,0.0230363175433608,0.0134131356244212,515.9554730983302
3.7,0.1,20149.00000000001,0.0228609925662083,0.013294743576341,530.2205730777159
3.8000000000000007,-0.1,21349.00000000001,0.0310128827410816,0.0303221098772195,1268.769325912183
3.8000000000000007,-0.0975,21355.000000000007,0.0308895224305754,0.0300880313569555,1254.978354978355
3.8000000000000007,-0.095,21345.000000000007,0.0307669321060129,0.0298511069486018,1254.978354978355
3.8000000000000007,-0.0925,21341.00000000001,0.0306533752214212,0.0296056778389476,1241.1873840445269
3.8000000000000007,-0.09,21350.00000000001,0.0305420987396344,0.0293587158345393,1227.3964131106989
3.8000000000000007,-0.0875,21350.000000000007,0.0304304261436683,0.0291169928557586,1217.4603174603174
3.8000000000000007,-0.085,21344.00000000001,0.0303063042712024,0.0288757055019402,1205.8750773036486
3.8000000000000007,-0.0825,21347.00000000001,0.0301956398413234,0.0286369133719566,1205.8750773036486
3.8000000000000007,-0.08,21347.000000000007,0.0300869813672771,0.0283997850384881,1179.9422799422798
3.8000000000000007,-0.0775,21346.00000000001,0.0299763911133273,0.0281655475484553,1179.9422799422798
3.8000000000000007,-0.075,21330.00000000001,0.0298545511187994,0.0279250493670235,1179.9422799422798
3.8000000000000007,-0.0725,21338.000000000007,0.0297457575654756,0.0276930699568294,1154.009482580911
3.8000000000000007,-0.07,21330.00000000001,0.0296304580272723,0.0274500904078809,1154.009482580911
3.8000000000000007,-0.0675,21327.000000000007,0.029515698016367,0.0272186325247116,1154.009482580911
3.8000000000000007,-0.065,21318.00000000001,0.029403847908781,0.0269781306950323,1129.8701298701296
3.8000000000000007,-0.0625,21324.00000000001,0.0292887147774979,0.0267425568773686,1129.1898577612865
3.8000000000000007,-0.06,21326.000000000007,0.029184314807864,0.0265089503627914,1141.3316841888272
3.8000000000000007,-0.0575,21324.00000000001,0.0290727967765243,0.0262718481297405,1104.906204906205
3.8000000000000007,-0.055,21330.000000000007,0.0289598731971479,0.0260397607870713,1104.906204906205
3.8000000000000007,-0.0525,21330.00000000001,0.0288476604051707,0.0258099401888566,1080.6225520511234
3.8000000000000007,-0.05,21336.00000000001,0.0287437294291671,0.0255784212769226,1080.6225520511234
3.8000000000000007,-0.0475,21332.000000000007,0.0286419535911254,0.0253439143969767,1080.6225520511234
3.8000000000000007,-0.045,21331.00000000001,0.0285406208181839,0.0251052464038736,1067.3881673881674
3.8000000000000007,-0.0425,21316.000000000007,0.0284294758327351,0.0248697938678319,1055.6586270871985
3.8000000000000007,-0.04,21327.00000000001,0.0283148095542709,0.0246446015032543,1052.504638218924
3.8000000000000007,-0.0375,21321.000000000007,0.0282030748246175,0.0244118571269527,1052.504638218924
3.8000000000000007,-0.035,21314.000000000007,0.0280938945879399,0.0241791561827984,1029.87012987013
3.8000000000000007,-0.0325,21313.00000000001,0.0279883279140745,0.0239582015370136,1018.5528756957328
3.8000000000000007,-0.03,21314.000000000007,0.0278864741147482,0.0237322024619014,1007.2356215213358
3.8000000000000007,-0.0275,21308.00000000001,0.0277784104962518,0.0235004929109046,995.9183673469388
3.8000000000000007,-0.025,21305.000000000007,0.0276736333872282,0.0232762004740912,995.9183673469388
3.8000000000000007,-0.0225,21294.00000000001,0.0275709370380246,0.0230479513589465,981.4471243042672
3.8000000000000007,-0.02,21306.000000000007,0.0274661527376221,0.022823910091537,992.3520923520924
3.8000000000000007,-0.0175,21304.00000000001,0.0273675596855756,0.022600691025736,965.3267367553082
3.8000000000000007,-0.015,21306.000000000007,0.0272601270604923,0.0223822536712308,944.3413729128016
3.8000000000000007,-0.0124999999999999,21313.00000000001,0.0271642313221231,0.0221580499313924,954.8340548340548
3.8000000000000007,-0.01,21305.000000000007,0.0270684393028944,0.0219333283274047,944.3413729128016
3.8000000000000007,-0.0075,21303.00000000001,0.026962772390757,0.0217130597547126,933.8486909915482
3.8000000000000007,-0.005,21299.000000000007,0.0268684240240193,0.0214905736794675,933.8486909915482
3.8000000000000007,-0.0025,21295.00000000001,0.0267632429027476,0.0212718359320899,917.3160173160176
3.8000000000000007,0.0,21286.000000000007,0.0266645939930487,0.0210506467060687,907.235621521336
3.8000000000000007,0.0025,21307.00000000001,0.0265714466314182,0.0208358056670593,887.0748299319729
3.8000000000000007,0.0049999999999999,21289.000000000007,0.0264698528164913,0.0206148670146467,887.0748299319729
3.8000000000000007,0.0074999999999999,21279.00000000001,0.0263688570894377,0.0204020990132657,879.7979797979799
3.8000000000000007,0.0099999999999999,21267.000000000007,0.026267794779573,0.0201829654337849,860.4617604617605
3.8000000000000007,0.0124999999999999,21272.00000000001,0.0261729059573776,0.0199721468352878,850.7936507936508
3.8000000000000007,0.015,21281.000000000007,0.0260783466565837,0.0197603823845028,841.1255411255411
3.8000000000000007,0.0175,21282.00000000001,0.0259795937329557,0.0195529177067396,831.4574314574314
3.8000000000000007,0.0199999999999999,21289.000000000007,0.0258936034335773,0.0193425770782837,833.0241187384045
3.8000000000000007,0.0224999999999999,21266.00000000001,0.0257973431404404,0.0191318970390708,814.5124716553288
3.8000000000000007,0.0249999999999999,21273.000000000007,0.0257133781339702,0.0189256583901917,814.5124716553288
3.8000000000000007,0.0274999999999999,21296.00000000001,0.0256265228352682,0.0187179834513492,796.0008245722532
3.8000000000000007,0.03,21294.000000000007,0.0255350041863537,0.0185078596401582,796.0008245722532
3.8000000000000007,0.0325,21308.00000000001,0.0254458949449194,0.0183086527072124,778.2312925170066
3.8000000000000007,0.035,21300.000000000007,0.0253595746919868,0.01809643592855,769.3877551020407
3.8000000000000007,0.0375,21289.000000000007,0.0252691080010224,0.017895918931166,760.5442176870747
3.8000000000000007,0.04,21290.00000000001,0.025173277036022,0.0177017206317464,751.7006802721087
3.8000000000000007,0.0425,21282.000000000007,0.0250929951001428,0.0175009649185985,741.9501133786846
3.8000000000000007,0.0449999999999999,21264.00000000001,0.0250042256331956,0.0173054487276785,733.5188620902904
3.8000000000000007,0.0474999999999999,21265.000000000007,0.0249114316541965,0.0171125553298795,725.0876108018963
3.8000000000000007,0.0499999999999999,21268.00000000001,0.0248282242838321,0.0169227623780312,708.225108225108
3.8000000000000007,0.0524999999999999,21262.00000000001,0.0247394414819745,0.0167334216849665,705.6689342403628
3.8000000000000007,0.0549999999999999,21259.000000000007,0.0246625301691259,0.0165450730640014,697.6499690785405
3.8000000000000007,0.0574999999999999,21258.00000000001,0.0245781123880048,0.0163580810662996,681.6120387548958
3.8000000000000007,0.06,21267.000000000007,0.0244962986877779,0.0161790119610774,681.6120387548958
3.8000000000000007,0.0625,21269.00000000001,0.0244113793203536,0.0159979248339864,669.387755102041
3.8000000000000007,0.065,21259.00000000001,0.0243353018552093,0.0158180551693362,654.1743970315399
3.8000000000000007,0.0675,21262.000000000007,0.0242527048285261,0.0156397254213856,654.1743970315399
3.8000000000000007,0.07,21268.00000000001,0.0241719429565478,0.0154656705038131,638.9610389610391
3.8000000000000007,0.0725,21270.000000000007,0.0240943541656928,0.01529121316521,638.9610389610391
3.8000000000000007,0.075,21250.000000000007,0.0240171583389928,0.01512063312303,623.747680890538
3.8000000000000007,0.0774999999999999,21089.00000000001,0.0239633415293424,0.0149631681652779,631.3543599257886
3.8000000000000007,0.0799999999999999,20720.000000000007,0.0237696459472864,0.014789570502429,633.1065759637188
3.8000000000000007,0.0824999999999999,20314.000000000007,0.0235434707522809,0.0146306414675241,604.3290043290044
3.8000000000000007,0.0849999999999999,19897.00000000001,0.0233566323112509,0.0144758943935106,590.0432900432901
3.8000000000000007,0.0875,19481.000000000007,0.023160915871418,0.014322369636007,590.0432900432901
3.8000000000000007,0.09,19102.000000000007,0.0229888014683264,0.0141615340042534,583.2611832611833
3.8000000000000007,0.0925,18703.00000000001,0.0227856429051465,0.0140075449510751,576.4790764790765
3.8000000000000007,0.095,18367.000000000007,0.0226473520126513,0.0138660911156971,576.4790764790765
3.8000000000000007,0.0975,17990.000000000007,0.0224501774792861,0.0137379067236558,556.1327561327562
3.8000000000000007,0.1,17598.00000000001,0.0223218480396026,0.0135656364978803,556.1327561327562
3.9,-0.1,19994.00000000001,0.0301261307147997,0.030904021841159,1296.351267779839
3.9,-0.0975,19999.000000000007,0.0300218555640735,0.0306641073041895,1296.351267779839
3.9,-0.095,19999.000000000007,0.0299140210107533,0.0304276887523961,1296.351267779839
3.9,-0.0925,20005.00000000001,0.0298013860107765,0.0301921165238493,1268.769325912183
3.9,-0.09,19998.000000000007,0.0296908457177018,0.0299534481216241,1268.769325912183
3.9,-0.0875,19996.000000000007,0.0295879463773715,0.0297150395405467,1268.769325912183
3.9,-0.085,19992.00000000001,0.0294781874750802,0.0294746561642272,1227.3964131106989
3.9,-0.0825,19989.000000000007,0.0293748752430407,0.0292362860660498,1241.1873840445269
3.9,-0.08,19987.000000000007,0.0292679324305639,0.0289996103209305,1244.21768707483
3.9,-0.0775,19998.00000000001,0.0291567503578184,0.0287673911026704,1218.841475984333
3.9,-0.075,19991.000000000007,0.0290498307952506,0.0285310472705024,1218.841475984333
3.9,-0.0725,19992.000000000007,0.0289496111238713,0.0282973741596922,1205.8750773036486
3.9,-0.07,19990.00000000001,0.0288460997445359,0.028057552495381,1192.908678622964
3.9,-0.0675,19985.000000000007,0.0287454821635148,0.0278196657445451,1192.908678622964
3.9,-0.065,19982.00000000001,0.0286473031994961,0.0275806172872453,1179.94227994228
3.9,-0.0625,19976.00000000001,0.0285425627036867,0.0273424878066465,1166.9758812615955
3.9,-0.06,19973.000000000007,0.0284457328931271,0.0271033269942118,1129.8701298701296
3.9,-0.0575,19978.00000000001,0.0283431698293767,0.0268655320982539,1142.4242424242425
3.9,-0.055,19971.000000000007,0.0282425505397648,0.0266345254037857,1141.3316841888272
3.9,-0.0525,19974.00000000001,0.0281419032077133,0.0264053847396346,1129.1898577612865
3.9,-0.05,19974.00000000001,0.0280437503703054,0.0261719575316209,1104.906204906205
3.9,-0.0475,19971.000000000007,0.0279424792118308,0.0259338843584323,1117.0480313337457
3.9,-0.045,19972.00000000001,0.0278444881996352,0.0256970937414586,1104.906204906205
3.9,-0.0425,19959.000000000007,0.0277531814784605,0.0254632066332763,1080.6225520511234
3.9,-0.04,19960.00000000001,0.0276583536625025,0.0252285914674465,1080.6225520511236
3.9,-0.0375,19963.000000000007,0.0275632099703051,0.0249899801543101,1055.6586270871985
3.9,-0.035,19962.000000000007,0.0274610671678719,0.0247594478988754,1067.3881673881674
3.9,-0.0325,19961.00000000001,0.0273586034016751,0.0245273409706237,1055.658627087199
3.9,-0.03,19963.000000000007,0.0272594165279158,0.024299266602297,1052.504638218924
3.9,-0.0275,19964.00000000001,0.0271722481000108,0.0240651741447671,1018.5528756957328
3.9,-0.025,19962.000000000007,0.0270800114926406,0.0238387970221584,1029.87012987013
3.9,-0.0225,19962.00000000001,0.0269853390803423,0.0236082213136419,1007.2356215213358
3.9,-0.02,19961.000000000007,0.0268901689183642,0.023387198500162,1007.2356215213358
3.9,-0.0175,19962.00000000001,0.0268003814258267,0.0231617130341697,981.4471243042672
3.9,-0.015,19955.000000000007,0.0266999959440962,0.0229329601565031,992.3520923520924
3.9,-0.0124999999999999,19960.00000000001,0.0266084487030152,0.02270920474769,970.542156256442
3.9,-0.01,19963.000000000007,0.0265085177684919,0.0224930448365198,959.6371882086167
3.9,-0.0075,19958.00000000001,0.0264212999705614,0.0222640971394382,954.8340548340548
3.9,-0.005,19949.000000000007,0.0263258911143148,0.0220330363620742,944.3413729128016
3.9,-0.0025,19957.00000000001,0.0262328572620847,0.0218094390967631,923.3560090702948
3.9,0.0,19977.000000000007,0.0261534438790577,0.0215865277635913,923.3560090702948
3.9,0.0025,19963.00000000001,0.0260564554579824,0.0213650296257978,912.8633271490417
3.9,0.0049999999999999,19955.000000000007,0.0259639084812309,0.02114410525745,907.235621521336
3.9,0.0074999999999999,19962.00000000001,0.0258768014957822,0.0209303914547653,907.235621521336
3.9,0.0099999999999999,19953.000000000007,0.0257909441809325,0.0207091532742378,887.0748299319729
3.9,0.0124999999999999,19961.00000000001,0.0257129447587831,0.0204934806792476,887.0748299319729
3.9,0.015,19944.000000000007,0.0256219090335118,0.0202685016874769,866.9140383426098
3.9,0.0175,19947.00000000001,0.0255387531156408,0.0200538716220307,870.1298701298703
3.9,0.0199999999999999,19952.000000000007,0.0254598458105626,0.0198431366667428,850.7936507936508
3.9,0.0224999999999999,19972.00000000001,0.025367014669987,0.0196325664718294,850.7936507936507
3.9,0.0249999999999999,19968.000000000007,0.0252874705629164,0.0194298471688713,823.7682951968667
3.9,0.0274999999999999,19951.00000000001,0.025200748834196,0.0192203592170836,833.0241187384045
3.9,0.03,19956.000000000007,0.0251187334605256,0.0190111705242109,814.5124716553288
3.9,0.0325,19961.000000000007,0.0250324586264489,0.0188032577902005,796.0008245722532
3.9,0.035,19967.000000000007,0.0249531253302297,0.0185929824865271,796.0008245722532
3.9,0.0375,19952.000000000007,0.0248743096423723,0.0183870996914113,796.0008245722531
3.9,0.04,19962.00000000001,0.0248044770749771,0.0181818826481543,787.0748299319727
3.9,0.0425,19959.000000000007,0.0247243057899425,0.0179771977482006,769.3877551020407
3.9,0.0449999999999999,19942.00000000001,0.0246331075787016,0.0177787202521851,751.7006802721087
3.9,0.0474999999999999,19953.000000000007,0.0245637372975664,0.017587211307375,758.8126159554729
3.9,0.0499999999999999,19933.000000000007,0.0244848761378787,0.01738641936156,758.8126159554729
3.9,0.0524999999999999,19928.00000000001,0.0244123775166192,0.0171919632137658,741.9501133786846
3.9,0.0549999999999999,19940.000000000007,0.0243322728028206,0.0170007111692655,741.9501133786846
3.9,0.0574999999999999,19951.00000000001,0.0242503183278671,0.0168122365421087,725.0876108018963
3.9,0.06,19950.000000000007,0.0241810529873561,0.0166234673608959,699.7938569367138
3.9,0.0625,19955.00000000001,0.0241110001809085,0.0164311429357059,697.6499690785405
3.9,0.065,19949.00000000001,0.024035920645749,0.0162476824932635,697.6499690785405
3.9,0.0675,19946.000000000007,0.0239623066918899,0.0160679779410412,692.2077922077923
3.9,0.07,19658.00000000001,0.0238733801551677,0.0158916922125745,676.9944341372914
3.9,0.0725,19274.000000000007,0.0236854247610139,0.0156962982170927,669.3877551020408
3.9,0.075,18888.000000000007,0.0234445224085974,0.0155053532328799,646.5677179962895
3.9,0.0774999999999999,18486.00000000001,0.0232548299709647,0.0153363205454129,654.1743970315399
3.9,0.0799999999999999,18130.000000000007,0.0230600623147536,0.0151811757076026,646.5677179962895
3.9,0.0824999999999999,17718.000000000007,0.0228760166439081,0.0149912789205853,623.747680890538
3.9,0.0849999999999999,17365.000000000015,0.0227245965501878,0.0148054177669413,631.3543599257885
3.9,0.0875,16921.000000000007,0.0225215490058246,0.014637685067031,597.1346114203257
3.9,0.09,16534.000000000007,0.022373292020911,0.0144670957484985,610.3896103896104
3.9,0.0925,16170.000000000013,0.0222320726205826,0.0143245621768563,583.2611832611833
3.9,0.095,15736.000000000004,0.022097300145048,0.0142140164480301,590.0432900432901
3.9,0.0975,15362.000000000007,0.0220085323038868,0.0140286337228566,610.3896103896104
3.9,0.1,14969.00000000001,0.0218483050300836,0.0138940912800491,569.6969696969697
4.0,-0.1,18737.00000000001,0.0293148674944721,0.0314451612802097,1330.01443001443
4.0,-0.0975,18729.000000000007,0.0292103167140581,0.0312057773189008,1315.3988868274582
4.0,-0.095,18725.000000000007,0.0291129844153758,0.030959335325686,1296.351267779839
4.0,-0.0925,18728.00000000001,0.0290105610353585,0.0307143782323168,1296.351267779839
4.0,-0.09,18719.000000000007,0.0289136891002066,0.0304724605888493,1296.351267779839
4.0,-0.0875,18720.000000000007,0.0288165268031319,0.0302371617554275,1254.978354978355
4.0,-0.085,18719.00000000001,0.0287222587704375,0.0299923178719416,1268.769325912183
4.0,-0.0825,18708.000000000007,0.0286288338562478,0.029757188974567,1268.769325912183
4.0,-0.08,18718.000000000007,0.0285303403631221,0.0295178108472096,1227.3964131106989
4.0,-0.0775,18709.00000000001,0.0284340058292916,0.029270922066095,1241.1873840445269
4.0,-0.075,18700.000000000007,0.0283380603846012,0.0290287582140058,1217.4603174603174
4.0,-0.0725,18707.000000000007,0.0282427640108806,0.0287921091089986,1205.8750773036486
4.0,-0.07,18700.000000000007,0.0281457852615741,0.0285535596076585,1218.841475984333
4.0,-0.0675,18703.000000000007,0.0280485287619373,0.0283180788745974,1218.841475984333
4.0,-0.065,18694.00000000001,0.0279612092485351,0.0280794744669923,1179.9422799422798
4.0,-0.0625,18701.000000000007,0.0278697809470135,0.0278378562378205,1192.908678622964
4.0,-0.06,18713.000000000007,0.0277762600489509,0.0276078897607077,1154.009482580911
4.0,-0.0575,18716.00000000001,0.0276903904749627,0.027370048185413,1154.009482580911
4.0,-0.055,18718.000000000007,0.0276049327395343,0.027139149178152,1166.9758812615955
4.0,-0.0525,18710.00000000001,0.0275081997475522,0.0268978428049781,1129.8701298701296
4.0,-0.05,18705.00000000001,0.0274170215902514,0.0266617289242228,1129.8701298701296
4.0,-0.0475,18719.000000000007,0.0273163192299847,0.0264340328270261,1129.1898577612865
4.0,-0.045,18694.00000000001,0.0272291032086716,0.0261968288690289,1104.906204906205
4.0,-0.0425,18701.000000000007,0.0271398574303954,0.0259631962274505,1104.906204906205
4.0,-0.04,18711.00000000001,0.0270478209198034,0.0257322754463096,1104.906204906205
4.0,-0.0375,18709.000000000007,0.0269570739593976,0.0254981373398808,1080.6225520511234
4.0,-0.035,18706.000000000007,0.026859477351929,0.0252657310268384,1080.6225520511236
4.0,-0.0325,18697.00000000001,0.0267677078169963,0.0250362535425943,1055.6586270871985
4.0,-0.03,18693.000000000007,0.0266866672170066,0.0248013349095681,1055.6586270871985
4.0,-0.0275,18703.00000000001,0.0265941046738858,0.0245715273665,1055.658627087199
4.0,-0.025,18717.000000000007,0.0265098488765164,0.0243393798393,1052.504638218924
4.0,-0.0225,18698.00000000001,0.0264212547674638,0.0241078619712578,1018.5528756957328
4.0,-0.02,18703.000000000007,0.0263426539002561,0.0238823172108402,1029.87012987013
4.0,-0.0175,18701.00000000001,0.0262560224703562,0.0236538232214161,1029.87012987013
4.0,-0.015,18693.000000000007,0.0261680378111825,0.0234273786094341,1007.2356215213358
4.0,-0.0124999999999999,18682.00000000001,0.0260770070350324,0.0232018324553153,1007.2356215213358
4.0,-0.01,18684.000000000007,0.0259882377413688,0.0229708763710056,981.4471243042672
4.0,-0.0075,18690.00000000001,0.0258979324872614,0.0227490544062823,970.542156256442
4.0,-0.005,18683.000000000007,0.0258082684627159,0.0225240815102469,959.6371882086167
4.0,-0.0025,18685.00000000001,0.025734958648199,0.0223021401963388,954.8340548340548
4.0,0.0,18679.000000000007,0.0256386547896977,0.0220768751509111,944.3413729128016
4.0,0.0025,18666.00000000001,0.0255660048185971,0.0218526148961244,944.3413729128016
4.0,0.0049999999999999,18672.000000000007,0.0254846703611034,0.0216298829089337,933.8486909915482
4.0,0.0074999999999999,18661.00000000001,0.0254151618024525,0.0214074631616607,933.8486909915482
4.0,0.0099999999999999,18665.000000000007,0.0253332039964126,0.0211872079242308,907.235621521336
4.0,0.0124999999999999,18655.00000000001,0.0252435469128388,0.0209714472586821,907.235621521336
4.0,0.015,18655.000000000007,0.0251654906161136,0.0207497489695984,887.0748299319729
4.0,0.0175,18674.00000000001,0.0250865448633092,0.0205366086463595,897.1552257266544
4.0,0.0199999999999999,18666.000000000007,0.0250083192215304,0.0203149627579187,887.0748299319729
4.0,0.0224999999999999,18672.00000000001,0.0249343038329502,0.020100911569968,860.4617604617605
4.0,0.0249999999999999,18660.000000000007,0.0248541233128719,0.0198906645865042,870.1298701298703
4.0,0.0274999999999999,18673.00000000001,0.0247811362982775,0.0196769455381764,841.1255411255411
4.0,0.03,18680.000000000007,0.0247015189381586,0.019474265200131,831.4574314574314
4.0,0.0325,18668.000000000007,0.0246264680642539,0.0192657663476732,833.0241187384045
4.0,0.035,18654.000000000007,0.0245562469848625,0.0190540373658162,814.5124716553288
4.0,0.0375,18659.000000000007,0.0244839643528108,0.0188473737238429,805.256648113791
4.0,0.04,18648.00000000001,0.0244152873998133,0.0186406651528944,796.0008245722532
4.0,0.0425,18651.000000000007,0.024335423513764,0.0184392320434986,786.7450010307153
4.0,0.0449999999999999,18655.00000000001,0.0242672978299087,0.0182414765988816,795.9183673469386
4.0,0.0474999999999999,18641.000000000007,0.0241894596438728,0.0180294498401034,769.3877551020407
4.0,0.0499999999999999,18640.000000000007,0.0241121272487247,0.0178347168537279,760.5442176870747
4.0,0.0524999999999999,18635.00000000001,0.0240359502311333,0.0176397991639735,758.8126159554729
4.0,0.0549999999999999,18644.000000000007,0.0239718083031605,0.0174429676996172,741.9501133786846
4.0,0.0574999999999999,18647.00000000001,0.0239023401870665,0.0172463554596884,733.5188620902904
4.0,0.06,18599.000000000007,0.0238629476510096,0.0170489090002927,725.0876108018963
4.0,0.0625,18301.000000000007,0.0237183677176153,0.0168677603057699,741.9501133786846
4.0,0.065,17897.000000000015,0.0235168404140868,0.0166697365377658,699.7938569367138
4.0,0.0675,17522.000000000007,0.0233429805084146,0.0164603730922196,725.0876108018963
4.0,0.07,17060.00000000001,0.0230828052217613,0.016262032114985,689.6310039167182
4.0,0.0725,16663.000000000007,0.0229079873488893,0.0160752779260038,673.5930735930735
4.0,0.075,16266.000000000007,0.0227354585653915,0.0158814119015824,669.3877551020408
4.0,0.0774999999999999,15868.000000000013,0.0225870602134271,0.0157496002365556,669.3877551020408
4.0,0.0799999999999999,15477.000000000004,0.0224590047399922,0.0155513459660444,654.1743970315399
4.0,0.0824999999999999,15123.000000000007,0.0222927644581281,0.0153722213365255,654.1743970315399
4.0,0.0849999999999999,14732.00000000001,0.0221808502324965,0.0152030346070142,676.9944341372914
4.0,0.0875,14349.000000000004,0.0221111655386672,0.015010562355001,661.7810760667904
4.0,0.09,13959.000000000007,0.0220197932632325,0.0148690919116344,646.5677179962895
4.0,0.0925,13556.000000000007,0.0218963826590735,0.0146874274994083,669.3877551020408
4.0,0.095,13147.000000000004,0.0217683883763132,0.0144885624443298,661.8841475984334
4.0,0.0975,12756.000000000007,0.0216723666283027,0.0143111091279117,625.9121830550403
4.0,0.1,12366.000000000007,0.021585505455783,0.0141661147505636,618.7177901463615
