TX,RY,Intensity,sigma_x,sigma_y,astigmatism
-4.0,-0.1,11950.000000000007,0.0200929686665537,0.0147654140166633,-335.16800659657804
-4.0,-0.0975,12352.000000000007,0.0201468963334615,0.0149349270270376,-344.6093588950732
-4.0,-0.095,12755.000000000004,0.0202019786359557,0.0156245234847923,-377.6540919398063
-4.0,-0.0925,13149.00000000001,0.0202416852267007,0.0156383067796606,-379.8392084106369
-4.0,-0.09,13549.000000000007,0.020281154113362,0.0158892473329648,-391.81612038754895
-4.0,-0.0875,13896.000000000004,0.0203053880212066,0.0163210285896589,-405.50401978973406
-4.0,-0.085,14280.000000000013,0.02034149006456,0.0169445943864103,-436.30179344465057
-4.0,-0.0825,14652.000000000007,0.0204152807831017,0.0168733575417628,-436.3017934446505
-4.0,-0.08,15022.000000000004,0.0204582734713744,0.0171601021490955,-441.43475572047
-4.0,-0.0775,15418.00000000001,0.0205531936324644,0.0171211745404503,-440.8575551432695
-4.0,-0.075,15832.000000000007,0.0206868214954544,0.0171880848518489,-446.8150896722326
-4.0,-0.0725,16195.000000000004,0.0207350766980207,0.017656093394766,-470.6452277880849
-4.0,-0.07,16564.000000000007,0.0207899163918269,0.0181309530337556,-494.47536590393736
-4.0,-0.0675,16944.000000000007,0.0208305278096051,0.018460395469577,-500.4329004329005
-4.0,-0.065,17340.000000000015,0.0209103737991251,0.0186641464367833,-512.3479694908267
-4.0,-0.0625,17717.000000000007,0.0209918792770202,0.0189708238576399,-522.3252937538653
-4.0,-0.06,18079.000000000007,0.0210803343274818,0.0191331566780366,-535.0649350649351
-4.0,-0.0575,18401.00000000001,0.0211342959568509,0.0193485922666184,-535.0649350649351
-4.0,-0.055,18771.000000000007,0.0212327545015502,0.0195623435054,-547.8045763760049
-4.0,-0.0525,19027.00000000001,0.0213807075756303,0.0197331010482474,-556.1327561327562
-4.0,-0.05,19024.00000000001,0.0214321036659295,0.0199444091903892,-569.6969696969697
-4.0,-0.0475,19035.000000000007,0.0214477757670848,0.020324812541981,-576.4790764790765
-4.0,-0.045,19054.00000000001,0.0214989489662787,0.0205231967857194,-582.7458256029685
-4.0,-0.0425,19056.000000000007,0.0215121835798287,0.0209226062512643,-604.3290043290044
-4.0,-0.04,19070.00000000001,0.0216503131239866,0.0207735448370646,-604.3290043290044
-4.0,-0.0375,19067.000000000007,0.0216648171080554,0.0211798296677597,-611.523397237683
-4.0,-0.035,19080.000000000007,0.0217496590147794,0.0212109001841639,-618.7177901463616
-4.0,-0.0325,19066.00000000001,0.0217623979981007,0.0216227986473608,-625.9121830550403
-4.0,-0.03,19071.000000000007,0.0218174438292971,0.0218417334911991,-640.3009688723974
-4.0,-0.0275,19076.00000000001,0.0218519525799379,0.0221671374546592,-646.5677179962895
-4.0,-0.025,19092.000000000007,0.0219489081916459,0.0221898090300402,-654.1743970315399
-4.0,-0.0225,19087.00000000001,0.0219900727066763,0.0224642997477862,-665.5741084312513
-4.0,-0.02,19097.000000000007,0.021996789720613,0.0229001366282714,-673.5930735930735
-4.0,-0.0175,19105.00000000001,0.0221087350018533,0.0229054804830742,-681.6120387548958
-4.0,-0.015,19111.000000000007,0.0221691669713262,0.0231346492791904,-681.6120387548958
-4.0,-0.0124999999999999,19132.00000000001,0.0221316663846854,0.0237918934393699,-713.6878994021852
-4.0,-0.01,19137.00000000001,0.0221831646855486,0.0240113695233305,-713.6878994021852
-4.0,-0.0075,19125.00000000001,0.0222470473290056,0.0242386329372974,-729.7258297258297
-4.0,-0.005,19148.00000000001,0.0223489066906157,0.0242747602119653,-733.5188620902904
-4.0,-0.0025,19142.00000000001,0.0224074505467535,0.024499995234716,-733.5188620902904
-4.0,0.0,19154.000000000007,0.022580875673778,0.0242766600737249,-733.5188620902904
-4.0,0.0025,19174.00000000001,0.0226081023606502,0.0246768538251564,-751.7006802721087
-4.0,0.0049999999999999,19180.000000000007,0.0227229052904231,0.0246664679319063,-742.8571428571427
-4.0,0.0074999999999999,19183.00000000001,0.0227325103254928,0.0251350634885462,-769.3877551020407
-4.0,0.0099999999999999,19188.000000000007,0.0227271774979116,0.0256076481353521,-778.2312925170066
-4.0,0.0124999999999999,19195.00000000001,0.0228598856918762,0.025596441685277,-787.0748299319725
-4.0,0.015,19213.000000000007,0.0228658102092546,0.0260735417962167,-795.9183673469386
-4.0,0.0175,19220.00000000001,0.0229978959043732,0.0260617018800805,-804.7619047619046
-4.0,0.0199999999999999,19219.000000000007,0.0230287548877472,0.026424191786468,-814.5124716553288
-4.0,0.0224999999999999,19222.00000000001,0.0229992054702646,0.0270216720366028,-821.7893217893218
-4.0,0.0249999999999999,19245.000000000007,0.0231359395005062,0.026985205547108,-831.4574314574314
-4.0,0.0274999999999999,19256.00000000001,0.02320694758082,0.0272200520463407,-831.4574314574314
-4.0,0.03,19249.000000000007,0.023276155041661,0.0274503551869823,-850.7936507936508
-4.0,0.0325,19244.00000000001,0.0233454269757404,0.0276797516150571,-850.7936507936508
-4.0,0.035,19242.000000000007,0.0233423519096524,0.0281893601440257,-860.4617604617605
-4.0,0.0375,19258.00000000001,0.0234793733533193,0.0281553709732226,-870.1298701298701
-4.0,0.04,19270.00000000001,0.0234765754765171,0.0286632751225857,-879.7979797979798
-4.0,0.0425,19283.000000000007,0.0236246749642459,0.0286297937280747,-889.4660894660896
-4.0,0.0449999999999999,19290.00000000001,0.0237040344301289,0.0288446476612172,-902.370645227788
-4.0,0.0474999999999999,19295.000000000007,0.0237764180948797,0.0290809334313817,-902.370645227788
-4.0,0.0499999999999999,19298.00000000001,0.0238513703849695,0.0293194592530002,-902.370645227788
-4.0,0.0524999999999999,19304.00000000001,0.023924310453478,0.0295575860506392,-923.3560090702948
-4.0,0.0549999999999999,19308.000000000007,0.0239165430256221,0.030098467525359,-933.8486909915482
-4.0,0.0574999999999999,19311.00000000001,0.0240747136224672,0.0300434499038079,-944.3413729128016
-4.0,0.06,19320.000000000007,0.0240655642585279,0.0305748516414688,-954.8340548340548
-4.0,0.0625,19328.00000000001,0.0241418646220976,0.0308046352017814,-954.8340548340548
-4.0,0.065,19340.00000000001,0.0242183052529082,0.0310414229175696,-975.8194186765616
-4.0,0.0675,19350.000000000007,0.0243601061307927,0.0310506301181122,-981.4471243042672
-4.0,0.07,19354.00000000001,0.0244307076963716,0.0312947660015634,-981.4471243042672
-4.0,0.0725,19358.000000000007,0.0245378419063493,0.0314360952772082,-995.9183673469388
-4.0,0.075,19360.000000000007,0.024620523960923,0.0316725651159357,-995.9183673469388
-4.0,0.0774999999999999,19362.00000000001,0.0246049816358589,0.0322323914790803,-1007.2356215213358
-4.0,0.0799999999999999,19382.000000000007,0.0246864299713232,0.0324827744674217,-1029.87012987013
-4.0,0.0824999999999999,19378.00000000001,0.024857075750279,0.0323943348139608,-1018.5528756957328
-4.0,0.0849999999999999,19370.00000000001,0.0248388213942381,0.0329649904569532,-1029.87012987013
-4.0,0.0875,19370.000000000007,0.024920522294691,0.0332012497289746,-1052.504638218924
-4.0,0.09,19383.00000000001,0.0250638499804692,0.0332666861730185,-1043.9290867862296
-4.0,0.0925,19397.00000000001,0.0250434867744804,0.0338597754344054,-1067.3881673881674
-4.0,0.095,19412.000000000007,0.0252864764056191,0.0335719778715921,-1068.4807256235829
-4.0,0.0975,19410.00000000001,0.0252636686105056,0.0341588289437388,-1080.6225520511234
-4.0,0.1,19411.00000000001,0.0252345943430315,0.0347497074183563,-1092.7643784786642
-3.9,-0.1,14571.000000000013,0.0202369284361708,0.0149331946257832,-336.05442176870747
-3.9,-0.0975,14962.000000000007,0.0202877978701811,0.0150612533105524,-344.671201814059
-3.9,-0.095,15348.000000000004,0.0203157710874407,0.0154486210089366,-363.4920634920636
-3.9,-0.0925,15757.000000000013,0.020428467480966,0.0154943796664289,-374.7062461348175
-3.9,-0.09,16126.000000000007,0.0204458272050711,0.016219483822368,-400.3710575139146
-3.9,-0.0875,16488.000000000007,0.0205112787984306,0.016292358752906,-405.504019789734
-3.9,-0.085,16864.00000000001,0.0205619270607624,0.0165794520620687,-420.9029066171922
-3.9,-0.0825,17287.000000000007,0.0206127984085083,0.0167559872617369,-431.1688311688312
-3.9,-0.08,17664.000000000007,0.0206840820942139,0.0169560156433115,-441.43475572047
-3.9,-0.0775,18030.00000000001,0.0207836753308177,0.0169247924517653,-438.0746237889095
-3.9,-0.075,18361.000000000007,0.0208777951560947,0.0168685883252444,-438.0746237889095
-3.9,-0.0725,18738.000000000007,0.0208570687825122,0.0175733871661544,-471.3461142032571
-3.9,-0.07,19135.00000000001,0.0209593927712111,0.0177647914304724,-476.602762317048
-3.9,-0.0675,19466.000000000007,0.0210510277832799,0.0179234018422745,-488.5178313749743
-3.9,-0.065,19835.00000000001,0.0211022859406583,0.0182627099553018,-494.4753659039374
-3.9,-0.0625,20170.00000000001,0.0212531999295514,0.0182594493066097,-503.2158317872604
-3.9,-0.06,20227.000000000007,0.0213197295453079,0.0186091303499087,-509.58565244279526
-3.9,-0.0575,20241.00000000001,0.0213742371496143,0.0188202933187013,-522.3252937538653
-3.9,-0.055,20255.000000000007,0.0213837679891039,0.019188381210741,-541.43475572047
-3.9,-0.0525,20266.00000000001,0.0214759024685416,0.0192416589368831,-535.0649350649351
-3.9,-0.05,20268.00000000001,0.0215321964132407,0.0194474249802511,-547.8045763760049
-3.9,-0.0475,20281.000000000007,0.0215905648735543,0.0196289249364845,-556.1327561327562
-3.9,-0.045,20294.00000000001,0.0216454931504205,0.0198403579893037,-569.6969696969697
-3.9,-0.0425,20292.000000000007,0.021620403813025,0.0203892615861708,-583.2611832611833
-3.9,-0.04,20297.00000000001,0.0217149940107054,0.0204119524690006,-582.7458256029685
-3.9,-0.0375,20303.00000000001,0.0218234998206658,0.0204489475078639,-589.9402185116471
-3.9,-0.035,20297.000000000007,0.0218417130911703,0.0208512491669661,-597.1346114203257
-3.9,-0.0325,20297.00000000001,0.0218933011920998,0.0210723458754932,-611.523397237683
-3.9,-0.03,20311.000000000007,0.0219957528537569,0.0211089240535108,-618.7177901463616
-3.9,-0.0275,20309.00000000001,0.0220070864402986,0.0215143519341273,-625.9121830550403
-3.9,-0.025,20319.000000000007,0.0221148757195976,0.0215517975164366,-633.1065759637189
-3.9,-0.0225,20320.00000000001,0.022102179680792,0.0220639872002044,-646.5677179962895
-3.9,-0.02,20337.000000000007,0.0222135858253401,0.0220875530690159,-654.1743970315399
-3.9,-0.0175,20345.00000000001,0.0222599919967029,0.0223620403225354,-665.5741084312513
-3.9,-0.015,20342.00000000001,0.0223187890963871,0.0225787910316506,-665.5741084312513
-3.9,-0.0124999999999999,20358.00000000001,0.0224508283374327,0.0225971752780535,-673.5930735930735
-3.9,-0.01,20361.00000000001,0.0223439574612422,0.0234582591891657,-697.6499690785404
-3.9,-0.0075,20378.00000000002,0.0225152485956518,0.0232610657227333,-697.6499690785405
-3.9,-0.005,20376.00000000001,0.0224622701471025,0.0239086817183371,-713.6878994021852
-3.9,-0.0025,20389.00000000002,0.0225344422792542,0.0241312180663256,-729.7258297258297
-3.9,0.0,20391.00000000001,0.0226504684261929,0.0241739883482628,-733.5188620902904
-3.9,0.0025,20395.00000000002,0.0227752648296208,0.0241736361330119,-725.0876108018963
-3.9,0.0049999999999999,20403.00000000001,0.0227870445316953,0.0246266072326233,-750.3813646670787
-3.9,0.0074999999999999,20400.00000000001,0.0229372149045631,0.0245700755699646,-751.7006802721087
-3.9,0.0099999999999999,20410.00000000001,0.0228693806688992,0.0252782630274734,-769.3877551020406
-3.9,0.0124999999999999,20405.00000000001,0.0230024783961183,0.025265842010054,-760.5442176870747
-3.9,0.015,20426.00000000001,0.0230129004978481,0.0257389065983415,-787.0748299319727
-3.9,0.0175,20422.00000000001,0.0231518219253087,0.0257285954801958,-778.2312925170066
-3.9,0.0199999999999999,20430.000000000007,0.0231552622507437,0.0262091066338543,-804.7619047619046
-3.9,0.0224999999999999,20434.00000000001,0.0232915706843989,0.0261989235074921,-795.9183673469386
-3.9,0.0249999999999999,20441.000000000007,0.023323832389077,0.0265673253799287,-805.256648113791
-3.9,0.0274999999999999,20447.00000000001,0.0234459403380372,0.0266374833146878,-812.1212121212121
-3.9,0.03,20468.000000000007,0.0235202625181553,0.0268717908685594,-831.4574314574314
-3.9,0.0325,20489.00000000001,0.0235984228612774,0.0271005777217606,-831.4574314574314
-3.9,0.035,20486.000000000007,0.0235979188211785,0.0275981085933374,-860.4617604617605
-3.9,0.0375,20487.00000000001,0.0237500714501849,0.0275664870233288,-850.7936507936508
-3.9,0.04,20497.00000000001,0.0236705649585953,0.0283319891468307,-870.1298701298701
-3.9,0.0425,20485.00000000001,0.0239045293332588,0.0280272365212106,-870.1298701298701
-3.9,0.0449999999999999,20496.00000000001,0.0239054187491524,0.0285317317160967,-879.7979797979798
-3.9,0.0474999999999999,20515.000000000007,0.0240659190808309,0.0285020586281523,-889.4660894660896
-3.9,0.0499999999999999,20520.00000000001,0.0240627713068206,0.0290100361998799,-891.8779633065349
-3.9,0.0524999999999999,20529.00000000001,0.024233326660721,0.0289531039574482,-902.370645227788
-3.9,0.0549999999999999,20532.00000000001,0.0242209495923405,0.0294857192950671,-912.8633271490414
-3.9,0.0574999999999999,20536.00000000001,0.0244000731020841,0.0294240669483776,-923.3560090702948
-3.9,0.06,20540.000000000007,0.0243884666244723,0.0299590812681042,-933.8486909915482
-3.9,0.0625,20548.00000000001,0.0244708695403465,0.0301940190675526,-933.8486909915482
-3.9,0.065,20563.00000000001,0.0246494310378415,0.0301278983826247,-944.3413729128016
-3.9,0.0675,20567.000000000007,0.0247318806078001,0.0303671565096903,-944.3413729128016
-3.9,0.07,20575.00000000001,0.0248183531114161,0.0305994421165183,-965.3267367553082
-3.9,0.0725,20586.000000000007,0.0249030199399559,0.0308332470926968,-965.3267367553082
-3.9,0.075,20599.00000000001,0.0248933840169187,0.0313718185706426,-984.6011131725418
-3.9,0.0774999999999999,20616.00000000001,0.024978975740338,0.0316105082281793,-984.6011131725418
-3.9,0.0799999999999999,20618.000000000007,0.0250674742183134,0.0318495238886338,-1007.2356215213358
-3.9,0.0824999999999999,20637.000000000007,0.0250462878035739,0.0324165354853101,-1018.5528756957328
-3.9,0.0849999999999999,20627.00000000001,0.0253551541199735,0.0319989273474643,-1018.5528756957328
-3.9,0.0875,20636.000000000007,0.0254437247559045,0.0322414229055976,-1018.5528756957328
-3.9,0.09,20642.00000000001,0.0254234017958178,0.03281039162188,-1029.87012987013
-3.9,0.0925,20657.00000000001,0.025511688650597,0.0330544231834832,-1052.504638218924
-3.9,0.095,20664.000000000007,0.0256659901992403,0.0331189451961911,-1043.9290867862296
-3.9,0.0975,20669.00000000001,0.0256995225678687,0.0335391132186232,-1056.3388991960423
-3.9,0.1,20673.00000000001,0.0257937660445144,0.0337829851779956,-1080.6225520511234
-3.8,-0.1,17226.00000000001,0.020351072154566,0.0151210503080956,-348.9795918367347
-3.8,-0.0975,17599.000000000007,0.0203814553329346,0.0154810393643436,-368.21273964131103
-3.8,-0.095,17943.000000000007,0.0204654427931636,0.0153286578128512,-363.4920634920634
-3.8,-0.0925,18289.00000000001,0.02048455712452,0.0154995172062474,-372.93341579055857
-3.8,-0.09,18644.00000000001,0.0205386319473044,0.0156787349788122,-382.37476808905376
-3.8,-0.0875,19065.000000000007,0.0205947460489825,0.0160372221629959,-395.2380952380952
-3.8,-0.085,19420.00000000001,0.0206508960176737,0.0161840120928831,-405.504019789734
-3.8,-0.0825,19805.00000000001,0.0207317714016112,0.0163606517961152,-415.7699443413728
-3.8,-0.08,20145.000000000007,0.020819429899523,0.0165488141826527,-426.0358688930117
-3.8,-0.0775,20498.00000000001,0.0208963526745408,0.0166918786626377,-426.984126984127
-3.8,-0.075,20908.00000000001,0.0210208577287694,0.0168564519634742,-438.0746237889096
-3.8,-0.0725,21261.000000000007,0.0211025263376719,0.0170159859631075,-449.165120593692
-3.8,-0.07,21513.00000000001,0.021223260769761,0.0172078315857878,-460.25561739847456
-3.8,-0.0675,21515.000000000007,0.0212471730723497,0.0175272221920631,-465.8008658008658
-3.8,-0.065,21528.00000000002,0.0212357852562269,0.0180001767011203,-494.47536590393736
-3.8,-0.0625,21532.00000000001,0.0213635711508114,0.017921676630404,-482.5602968460112
-3.8,-0.06,21550.000000000007,0.0213184389653866,0.018522066093621,-515.9554730983302
-3.8,-0.0575,21546.00000000001,0.0214862133354521,0.0182795421607014,-496.8460111317255
-3.8,-0.055,21557.00000000001,0.0215377444088637,0.0184826685179721,-509.58565244279526
-3.8,-0.0525,21561.00000000002,0.021552597510534,0.0188408835409095,-528.6951144094002
-3.8,-0.05,21563.00000000001,0.0216484894264646,0.0188913466852563,-522.3252937538653
-3.8,-0.0475,21578.000000000007,0.0217034751066713,0.0191018490594912,-535.0649350649351
-3.8,-0.045,21589.00000000001,0.0217662354757144,0.0193057589624038,-547.8045763760049
-3.8,-0.0425,21594.00000000001,0.0218325320207772,0.0194812606311484,-556.1327561327562
-3.8,-0.04,21615.00000000002,0.0218108948830752,0.0200247968783612,-569.6969696969697
-3.8,-0.0375,21614.00000000001,0.0219631007394906,0.0199016630451032,-569.6969696969697
-3.8,-0.035,21639.000000000007,0.021937088522711,0.0204496955062456,-589.9402185116471
-3.8,-0.0325,21639.00000000001,0.0220896471184626,0.020298520781262,-589.9402185116471
-3.8,-0.03,21647.000000000007,0.0221072624332168,0.020692031620674,-597.1346114203257
-3.8,-0.0275,21657.00000000001,0.0222320919015029,0.0207273976120052,-604.3290043290044
-3.8,-0.025,21661.000000000007,0.0222454334830004,0.0211288695959914,-611.523397237683
-3.8,-0.0225,21676.00000000002,0.0222584688965898,0.0215349781384043,-633.1065759637188
-3.8,-0.02,21677.000000000007,0.0224219314399563,0.0213862813751133,-633.1065759637189
-3.8,-0.0175,21678.00000000002,0.0224641879058917,0.02169587916099,-638.9610389610391
-3.8,-0.015,21676.00000000001,0.0225365252705633,0.0219149663913914,-654.1743970315399
-3.8,-0.0124999999999999,21692.00000000002,0.0225332622420692,0.0223940396626113,-673.5930735930735
-3.8,-0.01,21706.00000000001,0.0226027009345442,0.0226154210210502,-673.5930735930735
-3.8,-0.0075,21699.00000000002,0.022665920174096,0.0228425475473977,-689.6310039167181
-3.8,-0.005,21715.00000000001,0.0226814577991702,0.0232798699530892,-697.6499690785404
-3.8,-0.0025,21716.00000000002,0.0228176449277787,0.0232914823112531,-705.6689342403628
-3.8,0.0,21744.00000000001,0.022829998234185,0.0237321360612079,-713.6878994021852
-3.8,0.0025,21743.00000000002,0.0229007869324328,0.0239507013828269,-729.7258297258297
-3.8,0.0049999999999999,21746.00000000001,0.023036878952382,0.0239605894205782,-721.7068645640074
-3.8,0.0074999999999999,21734.00000000002,0.0231034141357597,0.0242162413987488,-733.5188620902904
-3.8,0.0099999999999999,21749.00000000001,0.0232711529381631,0.0241590808851578,-734.0136054421766
-3.8,0.0124999999999999,21740.00000000002,0.0232764490047951,0.0246231669272483,-742.8571428571427
-3.8,0.015,21750.00000000001,0.0233533254144318,0.0248475224405252,-760.5442176870747
-3.8,0.0175,21777.00000000002,0.0233485839631485,0.0253253908244611,-769.3877551020406
-3.8,0.0199999999999999,21792.00000000001,0.0235039663923873,0.0253122067916545,-778.2312925170066
-3.8,0.0224999999999999,21786.00000000002,0.0235815759965679,0.0255451470926179,-778.2312925170066
-3.8,0.0249999999999999,21806.000000000007,0.0236651333830931,0.0257783819782915,-795.9183673469386
-3.8,0.0274999999999999,21817.00000000001,0.0237464527108082,0.0260138590868534,-795.9183673469386
-3.8,0.03,21827.000000000007,0.0237089617330598,0.0266384298712398,-814.5124716553288
-3.8,0.0325,21829.00000000001,0.0239221485578116,0.0264535518355393,-812.1212121212121
-3.8,0.035,21837.000000000007,0.0239199584667473,0.0269498977260772,-841.1255411255412
-3.8,0.0375,21845.00000000001,0.0240890528432474,0.026913896314846,-831.4574314574314
-3.8,0.04,21846.00000000002,0.024085388868492,0.0274127874724101,-841.1255411255412
-3.8,0.0425,21846.000000000007,0.0241686021734192,0.0276469826034311,-860.4617604617605
-3.8,0.0449999999999999,21847.00000000001,0.0242527300015116,0.0278854747333237,-860.4617604617605
-3.8,0.0474999999999999,21851.000000000007,0.0243399504906183,0.0281185164107011,-879.7979797979798
-3.8,0.0499999999999999,21867.00000000001,0.0245112820941836,0.0280841859956964,-870.1298701298701
-3.8,0.0524999999999999,21857.00000000002,0.0246003123608155,0.0283164588721238,-889.4660894660896
-3.8,0.0549999999999999,21859.00000000001,0.0245920358774934,0.0288272247169838,-891.8779633065349
-3.8,0.0574999999999999,21888.00000000002,0.0247849549444592,0.0287687209979848,-902.370645227788
-3.8,0.06,21884.000000000007,0.0247735430174673,0.0292977168443053,-912.8633271490414
-3.8,0.0625,21903.00000000001,0.0249775276515194,0.0292396361749331,-923.3560090702948
-3.8,0.065,21900.00000000002,0.0249640450700042,0.0297710986515819,-933.8486909915482
-3.8,0.0675,21915.00000000001,0.0250586368233948,0.0300076333865507,-933.8486909915482
-3.8,0.07,21926.00000000001,0.0252597282600819,0.0299511233682061,-944.3413729128016
-3.8,0.0725,21929.000000000007,0.0252489024408227,0.0304781547946632,-954.8340548340548
-3.8,0.075,21947.00000000001,0.0254501407400416,0.0304179830864963,-965.3267367553082
-3.8,0.0774999999999999,21952.00000000001,0.0254383504781089,0.0309421997890514,-975.8194186765616
-3.8,0.0799999999999999,21956.000000000007,0.025535961146261,0.0311866909078381,-984.6011131725418
-3.8,0.0824999999999999,21963.00000000001,0.0256279903717894,0.0314232148688212,-984.6011131725418
-3.8,0.0849999999999999,21968.00000000001,0.0257212859479313,0.031669659931399,-1007.2356215213358
-3.8,0.0875,21978.000000000007,0.0256982709520328,0.0322301092522761,-1018.5528756957328
-3.8,0.09,21988.00000000001,0.0257970065598484,0.0324715908308942,-1018.5528756957328
-3.8,0.0925,22003.00000000001,0.0260215873263499,0.0323885236242117,-1029.87012987013
-3.8,0.095,21997.000000000007,0.0259987083056366,0.0329533220595782,-1041.1873840445269
-3.8,0.0975,22021.00000000001,0.0262177014515669,0.0328708523834568,-1052.504638218924
-3.8,0.1,22023.00000000001,0.0262535206518045,0.0332753612351547,-1055.6586270871985
-3.7,-0.1,19701.00000000001,0.020404668029143,0.0147368671863908,-336.05442176870747
-3.7,-0.0975,20062.00000000001,0.0204774008415249,0.0149113133449273,-344.671201814059
-3.7,-0.095,20418.000000000007,0.020524206610752,0.0150800873035258,-354.05071119356825
-3.7,-0.0925,20823.00000000001,0.0206103585561143,0.0153303009271064,-368.21273964131103
-3.7,-0.09,21210.00000000001,0.0207102174636621,0.0152755484987346,-368.212739641311
-3.7,-0.0875,21602.000000000007,0.0207388325522509,0.0156465477623806,-387.0954442383013
-3.7,-0.085,21941.00000000002,0.0208168545432388,0.0158381573055359,-396.5367965367965
-3.7,-0.0825,22281.00000000001,0.0208783802489213,0.0159833434664952,-390.1051329622758
-3.7,-0.08,22596.000000000007,0.0209840274659366,0.0160524869197805,-405.504019789734
-3.7,-0.0775,22674.00000000002,0.0210805175812934,0.0163101699260585,-410.3483817769532
-3.7,-0.075,22690.00000000001,0.021129721071095,0.0164951021740813,-421.43887858173576
-3.7,-0.0725,22682.000000000007,0.0212119331826737,0.0165647353180477,-426.984126984127
-3.7,-0.07,22689.00000000001,0.0212682223385089,0.0167537676598895,-438.0746237889096
-3.7,-0.0675,22699.00000000001,0.0213185402401323,0.0169533047786217,-449.165120593692
-3.7,-0.065,22708.00000000002,0.0213726778735194,0.0171463391182274,-449.165120593692
-3.7,-0.0625,22712.00000000001,0.021425582098899,0.0173408307519937,-460.25561739847456
-3.7,-0.06,22719.000000000007,0.0214822345516832,0.0175362613061791,-471.3461142032571
-3.7,-0.0575,22727.00000000002,0.0215486441686415,0.0177145719209291,-476.602762317048
-3.7,-0.055,22740.00000000001,0.0216117253937198,0.0179230125882472,-488.5178313749743
-3.7,-0.0525,22748.00000000002,0.0216414028917844,0.0182156005708273,-496.8460111317255
-3.7,-0.05,22772.00000000001,0.0216986064937895,0.0184205627293492,-509.58565244279526
-3.7,-0.0475,22786.000000000007,0.0218130156573595,0.0184686291951808,-515.9554730983302
-3.7,-0.045,22784.00000000002,0.0218280215288784,0.0188313708235948,-522.3252937538653
-3.7,-0.0425,22797.00000000001,0.021893528424493,0.0190432813396443,-535.0649350649351
-3.7,-0.04,22813.00000000002,0.0220105965165126,0.0190950853025812,-541.4347557204701
-3.7,-0.0375,22820.00000000001,0.0220277143952022,0.0194565057153755,-547.8045763760049
-3.7,-0.035,22844.000000000007,0.0220991511940271,0.0196375460511944,-556.1327561327562
-3.7,-0.0325,22849.00000000001,0.0221716800534143,0.0198472303298007,-569.6969696969697
-3.7,-0.03,22835.000000000007,0.0222428765548591,0.0200257845920235,-575.5514326942899
-3.7,-0.0275,22852.00000000001,0.0223162899612544,0.0202397173093686,-589.9402185116471
-3.7,-0.025,22851.000000000007,0.022276127011565,0.0208198916999384,-604.3290043290044
-3.7,-0.0225,22856.00000000002,0.0224583740706958,0.0206687913126382,-604.3290043290044
-3.7,-0.02,22866.00000000001,0.0224784786251736,0.0210725957451624,-611.523397237683
-3.7,-0.0175,22873.00000000002,0.0226026020225997,0.0211056116370028,-618.7177901463616
-3.7,-0.015,22880.00000000001,0.0226198506892673,0.0215114879927309,-625.9121830550403
-3.7,-0.0124999999999999,22878.00000000002,0.0226390320910987,0.0219184830146639,-647.4953617810761
-3.7,-0.01,22902.00000000001,0.0226802787360221,0.0222542353934637,-654.1743970315399
-3.7,-0.0075,22896.00000000002,0.022729573140206,0.022548086864657,-665.5741084312513
-3.7,-0.005,22900.00000000001,0.0228710911604849,0.0225627884595159,-673.5930735930735
-3.7,-0.0025,22899.00000000002,0.0229531958752463,0.0227886739618825,-673.5930735930735
-3.7,0.0,22903.00000000001,0.0229563943573885,0.0232295616792483,-697.6499690785404
-3.7,0.0025,22919.00000000002,0.0230346862581095,0.0234515114149813,-697.6499690785404
-3.7,0.0049999999999999,22928.00000000001,0.0231831085608062,0.023466749080599,-705.6689342403628
-3.7,0.0074999999999999,22944.00000000002,0.0233353923693835,0.023477672991005,-713.687899402185
-3.7,0.0099999999999999,22956.00000000001,0.0232776138518433,0.0241326017863547,-729.7258297258297
-3.7,0.0124999999999999,22961.00000000002,0.0235009948911549,0.0239429880408167,-725.0876108018963
-3.7,0.015,22970.00000000001,0.0235987973000177,0.0241189742163935,-734.0136054421766
-3.7,0.0175,22982.00000000002,0.0236029441023709,0.0245801198994035,-742.8571428571427
-3.7,0.0199999999999999,22999.00000000001,0.0237659877715322,0.0245734740946182,-751.7006802721087
-3.7,0.0224999999999999,23009.00000000002,0.0237680912477687,0.0250369680340574,-760.5442176870747
-3.7,0.0249999999999999,23023.000000000007,0.0239435122629965,0.0250263379824783,-769.3877551020407
-3.7,0.0274999999999999,23032.00000000001,0.0239452181438695,0.0254954874265325,-778.2312925170066
-3.7,0.03,23033.000000000007,0.0240333097683028,0.0257293972933444,-778.2312925170066
-3.7,0.0325,23047.00000000001,0.0241175851077679,0.0259652036165186,-795.9183673469386
-3.7,0.035,23037.000000000007,0.0242038570904773,0.0261999586001873,-795.9183673469386
-3.7,0.0375,23055.00000000001,0.0243398021115168,0.0263099569621199,-814.5124716553288
-3.7,0.04,23056.00000000002,0.0243017534712225,0.0269037943370606,-821.7893217893218
-3.7,0.0425,23075.00000000001,0.0244877365149568,0.0268652415685348,-831.4574314574314
-3.7,0.0449999999999999,23077.00000000002,0.0245834027530719,0.027100263743831,-831.4574314574314
-3.7,0.0474999999999999,23083.00000000001,0.0246752208351463,0.0273297552746284,-850.7936507936508
-3.7,0.0499999999999999,23090.00000000001,0.0247750549257434,0.0275586860536866,-850.7936507936508
-3.7,0.0524999999999999,23096.00000000002,0.0248658123052816,0.0277989246943197,-870.1298701298701
-3.7,0.0549999999999999,23092.00000000001,0.0249561130024018,0.0280277675524949,-870.1298701298701
-3.7,0.0574999999999999,23107.00000000002,0.0249554270133005,0.0285328630839738,-879.7979797979798
-3.7,0.06,23108.000000000007,0.0251591364838856,0.0284976209312432,-889.4660894660896
-3.7,0.0625,23121.00000000001,0.0252616857184563,0.0287143478396466,-902.370645227788
-3.7,0.065,23129.00000000002,0.0252473503006993,0.029247321021287,-912.8633271490414
-3.7,0.0675,23131.00000000001,0.0253433896798247,0.0294847988100233,-912.8633271490414
-3.7,0.07,23156.00000000001,0.0255565808983796,0.0294282441598772,-923.3560090702948
-3.7,0.0725,23155.000000000007,0.0255421564298511,0.0299658666911131,-933.8486909915482
-3.7,0.075,23161.00000000001,0.0257619280218426,0.0299033383388389,-944.3413729128016
-3.7,0.0774999999999999,23170.00000000002,0.0257464699768115,0.0304325016558053,-954.8340548340548
-3.7,0.0799999999999999,23167.000000000007,0.0258500277536537,0.030668445001695,-954.8340548340548
-3.7,0.0824999999999999,23185.00000000001,0.0259489828655755,0.0308980813916894,-975.8194186765616
-3.7,0.0849999999999999,23195.00000000002,0.0260580392220605,0.0311407318370627,-984.6011131725418
-3.7,0.0875,23201.000000000007,0.0261545640969855,0.0313819047988804,-984.6011131725418
-3.7,0.09,23223.00000000001,0.0263926611027479,0.0312926516833662,-995.9183673469388
-3.7,0.0925,23226.00000000002,0.0262480946115162,0.0321687065660291,-1018.5528756957328
-3.7,0.095,23255.000000000007,0.0264765366660293,0.0320897421157267,-1007.2356215213358
-3.7,0.0975,23264.00000000001,0.0265898429385392,0.0323347614482762,-1029.87012987013
-3.7,0.1,23264.00000000002,0.0265617750227866,0.0328974968311946,-1041.1873840445269
-3.6,-0.1,22183.00000000001,0.0205393924603614,0.0142359758881734,-314.51247165532885
-3.6,-0.0975,22530.00000000001,0.020595640923622,0.0143962436138332,-323.1292517006803
-3.6,-0.095,22900.000000000007,0.0206959526136509,0.0145479885216808,-331.74603174603175
-3.6,-0.0925,23300.00000000001,0.0207810595625767,0.0147157165634273,-339.8886827458255
-3.6,-0.09,23667.00000000001,0.0208285955448863,0.0150651539028259,-358.77138734281584
-3.6,-0.0875,23876.000000000007,0.0209350663931187,0.0152378971804529,-368.21273964131103
-3.6,-0.085,23886.00000000002,0.0209606880153207,0.015501864858838,-372.93341579055857
-3.6,-0.0825,23896.00000000001,0.0210058987554581,0.0156838873150392,-382.3747680890537
-3.6,-0.08,23899.000000000007,0.0210626711975866,0.0158640790049161,-391.8161203875489
-3.6,-0.0775,23888.00000000002,0.0211177774576778,0.0160334011105728,-405.504019789734
-3.6,-0.075,23903.00000000001,0.0211664837782184,0.0162136449197524,-405.504019789734
-3.6,-0.0725,23898.000000000007,0.0211617956639108,0.0166173675511629,-426.984126984127
-3.6,-0.07,23911.00000000002,0.0212147706545377,0.0168093042193529,-438.0746237889096
-3.6,-0.0675,23936.00000000001,0.0214073945903003,0.0165044068976334,-426.984126984127
-3.6,-0.065,23943.00000000002,0.0214269272366635,0.0168203421812794,-432.5293753865183
-3.6,-0.0625,23938.00000000001,0.0215254124820291,0.0168889748593099,-438.0746237889096
-3.6,-0.06,23956.000000000007,0.0215425938238854,0.0172077433490149,-454.7103689960833
-3.6,-0.0575,23959.00000000002,0.0214961172521839,0.0177818219369872,-482.4366110080396
-3.6,-0.055,23976.00000000001,0.0216270789432423,0.0177229614338094,-482.4366110080396
-3.6,-0.0525,23995.00000000002,0.0216020828322385,0.018208303711334,-500.4329004329005
-3.6,-0.05,24003.00000000001,0.0217074857262584,0.0182741365504391,-506.3904349618636
-3.6,-0.0475,24017.00000000001,0.0218728626691633,0.0181454019357502,-496.8460111317255
-3.6,-0.045,24023.00000000002,0.0218018754177967,0.0188038872123253,-528.6951144094
-3.6,-0.0425,24031.00000000001,0.0218697655857717,0.0190157989551711,-528.6951144094
-3.6,-0.04,24036.00000000002,0.0220737238105035,0.0187570002949035,-522.3252937538653
-3.6,-0.0375,24044.00000000001,0.0219926123024477,0.019430907570389,-554.1743970315399
-3.6,-0.035,24056.00000000001,0.0220619370660671,0.0196439262183686,-554.1743970315399
-3.6,-0.0325,24067.00000000001,0.022180486529547,0.0196992903133459,-560.5442176870749
-3.6,-0.03,24080.00000000001,0.0222586600954353,0.0198909141139949,-569.6969696969697
-3.6,-0.0275,24080.00000000002,0.0222755568933036,0.0202696832056569,-582.7458256029685
-3.6,-0.025,24075.00000000001,0.0223461838639246,0.0204873495580654,-597.1346114203258
-3.6,-0.0225,24079.00000000002,0.0225332361360257,0.0203372476448212,-582.7458256029685
-3.6,-0.02,24083.00000000001,0.0225477427968084,0.0207329488349857,-604.3290043290044
-3.6,-0.0175,24086.00000000002,0.022694105716379,0.0207699468102832,-597.1346114203257
-3.6,-0.015,24111.00000000001,0.0226485239781332,0.0213541904726852,-625.9121830550403
-3.6,-0.0124999999999999,24112.00000000002,0.0227792851965485,0.0213913379324105,-633.1065759637188
-3.6,-0.01,24128.00000000001,0.0228699475251579,0.0216106149605587,-633.1065759637188
-3.6,-0.0075,24128.00000000002,0.0229432337548739,0.021831030653693,-647.4953617810761
-3.6,-0.005,24142.00000000001,0.0230354990831383,0.0220304958205066,-657.555143269429
-3.6,-0.0025,24158.00000000002,0.0231143599527661,0.0222523359092736,-657.555143269429
-3.6,0.0,24157.00000000001,0.0232616117084615,0.0222669224124074,-665.5741084312513
-3.6,0.0025,24175.00000000002,0.0232793945544575,0.0226936316751225,-673.5930735930735
-3.6,0.0049999999999999,24173.00000000001,0.0233700723647205,0.0229134140719185,-689.6310039167181
-3.6,0.0074999999999999,24176.00000000002,0.0233803875968075,0.0233516718017338,-697.6499690785404
-3.6,0.0099999999999999,24182.00000000001,0.0235424864086935,0.0233681511948344,-705.6689342403628
-3.6,0.0124999999999999,24204.00000000002,0.023484288064047,0.0240166038248553,-721.7068645640074
-3.6,0.015,24219.00000000001,0.0238031386885605,0.0236127838375679,-713.687899402185
-3.6,0.0175,24215.00000000002,0.0237345821215151,0.0242589788265963,-729.7258297258297
-3.6,0.0199999999999999,24228.00000000001,0.0240063630012108,0.0240094335121735,-734.0136054421766
-3.6,0.0224999999999999,24240.00000000002,0.0239240256466131,0.0247127980020331,-751.7006802721087
-3.6,0.0249999999999999,24243.000000000007,0.0240986735037196,0.0247072128623708,-742.8571428571427
-3.6,0.0274999999999999,24255.00000000002,0.0240995487203417,0.0251711858409343,-769.3877551020406
-3.6,0.03,24278.000000000007,0.0242828855649424,0.0251631845969709,-760.5442176870747
-3.6,0.0325,24277.00000000001,0.0241983561195448,0.025879865990845,-795.9183673469387
-3.6,0.035,24291.000000000007,0.0244783981924016,0.0256282182262797,-778.2312925170066
-3.6,0.0375,24299.00000000001,0.0244858318343922,0.0261020692907172,-804.7619047619046
-3.6,0.04,24319.00000000002,0.024670131179993,0.0260970799810454,-795.9183673469386
-3.6,0.0425,24318.00000000001,0.0247768212718503,0.0263046159879817,-812.1212121212121
-3.6,0.0449999999999999,24324.00000000002,0.0248857196071175,0.0265316559345884,-812.1212121212121
-3.6,0.0474999999999999,24347.00000000001,0.0247747544103229,0.0272951635857807,-850.7936507936508
-3.6,0.0499999999999999,24350.00000000001,0.0248820645318263,0.0275259551080964,-850.7936507936508
-3.6,0.0524999999999999,24355.00000000002,0.0249812406151082,0.0277592930793552,-870.1298701298701
-3.6,0.0549999999999999,24347.00000000001,0.0250782487404349,0.0279918032897401,-870.1298701298701
-3.6,0.0574999999999999,24344.00000000002,0.0251823069871146,0.0282271021700977,-870.1298701298701
-3.6,0.06,24369.000000000007,0.0254964618460441,0.0279232464059153,-870.1298701298701
-3.6,0.0625,24369.00000000001,0.0253908873690719,0.0286993578194293,-889.4660894660894
-3.6,0.065,24377.00000000002,0.0257110667556049,0.0283911946358703,-887.0748299319728
-3.6,0.0675,24391.00000000001,0.0257037051907019,0.0288935056234405,-912.8633271490414
-3.6,0.07,24388.00000000002,0.0256844916859836,0.0294236732656734,-923.3560090702948
-3.6,0.0725,24405.000000000007,0.0257930775243633,0.0296598666719527,-923.3560090702948
-3.6,0.075,24416.00000000001,0.0260209440566776,0.0296032753019009,-933.8486909915482
-3.6,0.0774999999999999,24407.00000000002,0.0258919229370897,0.0304352042410403,-954.8340548340548
-3.6,0.0799999999999999,24437.000000000007,0.0263815287371168,0.0297811616173658,-944.3413729128016
-3.6,0.0824999999999999,24431.00000000001,0.0263671836663288,0.0303189825243754,-954.8340548340548
-3.6,0.0849999999999999,24421.00000000002,0.0263489219901571,0.0308447874836408,-965.3267367553084
-3.6,0.0875,24437.000000000007,0.026360969808322,0.0313268964189465,-992.3520923520924
-3.6,0.09,24449.00000000001,0.026743402340203,0.030944742895335,-970.542156256442
-3.6,0.0925,24452.00000000002,0.0266819681057589,0.0315827492269103,-995.9183673469388
-3.6,0.095,24478.000000000007,0.0267982624728424,0.0318222684666288,-995.9183673469388
-3.6,0.0975,24499.00000000001,0.0269118556152476,0.0320562116001878,-1018.5528756957328
-3.6,0.1,24523.00000000002,0.0270236671447619,0.0323040267654151,-1018.5528756957328
-3.5,-0.1,24738.000000000025,0.0206124799990565,0.0141679471809252,-300.00000000000006
-3.5,-0.0975,25110.00000000001,0.0206967437860926,0.0142445588149592,-311.6883116883118
-3.5,-0.095,25186.00000000001,0.0207330183334934,0.0145817726246947,-327.437641723356
-3.5,-0.0925,25199.00000000002,0.0208198146986719,0.0146064318818009,-325.7266542980828
-3.5,-0.09,25194.00000000001,0.0208641205066561,0.0147700488561153,-335.168006596578
-3.5,-0.0875,25204.00000000001,0.0209141884498453,0.0149380270205771,-344.6093588950731
-3.5,-0.085,25222.00000000002,0.0209637359674007,0.0151074886134862,-354.05071119356825
-3.5,-0.0825,25216.00000000001,0.0210210971363545,0.015281813437893,-363.4920634920634
-3.5,-0.08,25225.00000000001,0.0210714398655765,0.0154533245848046,-372.93341579055857
-3.5,-0.0775,25240.00000000002,0.0211237809557231,0.0156291225620263,-382.3747680890537
-3.5,-0.075,25260.00000000001,0.0211492526000776,0.0159099645594189,-387.0954442383013
-3.5,-0.0725,25255.000000000007,0.0212424269794571,0.0159952857297361,-401.2574726860441
-3.5,-0.07,25261.00000000002,0.0212957527286169,0.0161628905437919,-405.504019789734
-3.5,-0.0675,25253.00000000001,0.0212881239558107,0.0165693034363902,-426.984126984127
-3.5,-0.065,25263.00000000002,0.0213826541725281,0.0166369947409849,-432.5293753865183
-3.5,-0.0625,25267.00000000001,0.0214053838666755,0.016952124663565,-438.0746237889096
-3.5,-0.06,25272.00000000001,0.0214681124585973,0.017145518559426,-449.16512059369205
-3.5,-0.0575,25286.00000000002,0.0215290779614261,0.0173437906968258,-460.25561739847456
-3.5,-0.055,25300.00000000001,0.0215914136183787,0.0175340073855005,-471.34611420325706
-3.5,-0.0525,25309.00000000002,0.0216998254252457,0.0176119648187927,-476.89136260564834
-3.5,-0.05,25332.00000000002,0.0217649177945334,0.017805785073535,-476.89136260564834
-3.5,-0.0475,25332.00000000001,0.0218309539293854,0.0180210155726472,-494.47536590393736
-3.5,-0.045,25357.00000000002,0.0218585521390159,0.0183425036702684,-503.2158317872604
-3.5,-0.0425,25384.00000000001,0.0219328563561109,0.0185474861007258,-515.9554730983302
-3.5,-0.04,25375.00000000002,0.0220012783289737,0.0187562212429828,-515.9554730983302
-3.5,-0.0375,25387.00000000001,0.022125297774379,0.0188090853495026,-522.3252937538653
-3.5,-0.035,25389.00000000001,0.0222447936861365,0.0188632599387205,-528.6951144094002
-3.5,-0.0325,25396.00000000001,0.0222723889547234,0.0192252799525393,-547.804576376005
-3.5,-0.03,25410.00000000001,0.0223488703112317,0.0194346043905803,-547.804576376005
-3.5,-0.0275,25425.00000000002,0.0223702638370676,0.0198070813039776,-566.9140383426097
-3.5,-0.025,25429.00000000001,0.0225098578249145,0.0198564645151858,-560.5442176870749
-3.5,-0.0225,25424.00000000002,0.0225959931859489,0.0200425533389005,-575.5514326942898
-3.5,-0.02,25438.00000000001,0.0225505837334315,0.020616100525399,-589.9402185116471
-3.5,-0.0175,25440.00000000002,0.0226912650211842,0.0206509660645063,-597.1346114203258
-3.5,-0.015,25453.00000000001,0.022707174378013,0.021055780165207,-604.3290043290044
-3.5,-0.0124999999999999,25468.00000000002,0.0229210943368771,0.0209074240818632,-604.3290043290044
-3.5,-0.01,25478.00000000001,0.0230025741531842,0.0211243241925121,-618.7177901463617
-3.5,-0.0075,25491.00000000002,0.0230244227986959,0.0215304365113211,-625.9121830550403
-3.5,-0.005,25494.00000000001,0.0230400981210431,0.0219411631583297,-647.4953617810761
-3.5,-0.0025,25504.00000000002,0.0232627197175069,0.021785781491811,-633.1065759637188
-3.5,0.0,25503.00000000001,0.0232036113586711,0.022403675066616,-657.555143269429
-3.5,0.0025,25527.00000000002,0.0233703703191026,0.0224164430337312,-665.5741084312513
-3.5,0.0049999999999999,25528.00000000001,0.0235457413817704,0.0224278764659015,-657.555143269429
-3.5,0.0074999999999999,25533.00000000002,0.0235612884095639,0.02285761736382,-681.6120387548958
-3.5,0.0099999999999999,25540.00000000001,0.0237291560419422,0.0228709668206924,-689.6310039167181
-3.5,0.0124999999999999,25556.00000000002,0.0237447380635014,0.0233110889728746,-697.6499690785404
-3.5,0.015,25555.00000000001,0.0238321090912738,0.0235381287537334,-713.6878994021852
-3.5,0.0175,25568.00000000002,0.0238494503645645,0.0239728668057413,-721.7068645640074
-3.5,0.0199999999999999,25585.00000000001,0.0241173624398219,0.023776445191088,-721.7068645640074
-3.5,0.0224999999999999,25595.00000000002,0.0240581719470111,0.0244020148463385,-733.5188620902907
-3.5,0.0249999999999999,25607.00000000001,0.0242377731305568,0.0244395512472262,-734.0136054421766
-3.5,0.0274999999999999,25610.00000000002,0.0243335035526106,0.0246633301120751,-751.7006802721087
-3.5,0.03,25621.000000000007,0.0244338689580054,0.0248919761652115,-751.7006802721087
-3.5,0.0325,25637.00000000002,0.0245349259259644,0.0251183453195713,-769.3877551020406
-3.5,0.035,25636.000000000007,0.024631036952083,0.0253512953908226,-769.3877551020406
-3.5,0.0375,25631.00000000002,0.0247320437245826,0.0255799117817275,-787.0748299319727
-3.5,0.04,25642.00000000002,0.0247376939106866,0.0260570271016542,-795.9183673469387
-3.5,0.0425,25664.00000000001,0.0249482137547829,0.026045716914437,-804.7619047619046
-3.5,0.0449999999999999,25670.00000000002,0.0250100717989254,0.0263841810539704,-805.2566481137909
-3.5,0.0474999999999999,25668.00000000001,0.0251147446139979,0.0266155856328843,-823.7682951968667
-3.5,0.0499999999999999,25694.00000000002,0.0251500582601008,0.0270093346248133,-831.4574314574315
-3.5,0.0524999999999999,25707.00000000002,0.0253744864177755,0.0269758761714013,-841.1255411255412
-3.5,0.0549999999999999,25702.00000000001,0.0253686925430644,0.0274718570451131,-850.7936507936508
-3.5,0.0574999999999999,25710.00000000002,0.025478304390178,0.0277007360733064,-850.7936507936508
-3.5,0.06,25728.00000000001,0.0257101665152166,0.0276687981786934,-860.4617604617605
-3.5,0.0625,25724.00000000001,0.0257042336512336,0.0281753234140294,-870.1298701298701
-3.5,0.065,25751.00000000002,0.025934205261803,0.0281408640193661,-879.7979797979798
-3.5,0.0675,25764.00000000001,0.0259212723228297,0.0286763098185946,-887.0748299319728
-3.5,0.07,25774.00000000002,0.0261607705820554,0.0286290335371657,-897.1552257266543
-3.5,0.0725,25778.000000000007,0.0261531575800697,0.0291455473466735,-902.370645227788
-3.5,0.075,25793.00000000001,0.0264035485590484,0.0290847954201184,-912.8633271490414
-3.5,0.0774999999999999,25786.00000000002,0.0262558038838757,0.0299091646148869,-933.848690991548
-3.5,0.0799999999999999,25812.00000000001,0.0266362764063398,0.0295525183327589,-933.8486909915482
-3.5,0.0824999999999999,25798.00000000001,0.0264844130106324,0.0303858942338127,-954.8340548340548
-3.5,0.0849999999999999,25824.00000000002,0.026741636419368,0.030325723052021,-944.3413729128016
-3.5,0.0875,25832.00000000001,0.0268668579921967,0.0305524417313972,-965.3267367553084
-3.5,0.09,25838.00000000001,0.0269872882364327,0.0307934667063016,-965.3267367553084
-3.5,0.0925,25848.00000000002,0.0269940230617217,0.0312763996308435,-992.3520923520924
-3.5,0.095,25855.00000000001,0.0272585768040112,0.0311980781878677,-981.4471243042672
-3.5,0.0975,25875.00000000001,0.027185892492395,0.0318503706594449,-1007.2356215213358
-3.5,0.1,25891.00000000002,0.0274633136404858,0.0317657214055365,-995.9183673469388
-3.4,-0.1,26312.00000000001,0.0206627337071042,0.0137376788816456,-280.5194805194806
-3.4,-0.0975,26326.00000000001,0.0207117116205226,0.0138812105520067,-288.3116883116884
-3.4,-0.095,26360.00000000001,0.0207177194833286,0.0141723751421995,-311.6883116883118
-3.4,-0.0925,26372.000000000025,0.0208103578133373,0.014187924350771,-311.6883116883118
-3.4,-0.09,26373.00000000001,0.0208180071737864,0.0144872742217054,-327.27272727272737
-3.4,-0.0875,26374.00000000001,0.0209056589586721,0.0145471724648443,-325.7266542980828
-3.4,-0.085,26394.000000000025,0.0209525107473492,0.0147090470510487,-335.168006596578
-3.4,-0.0825,26387.00000000001,0.0210031417545535,0.014878168836858,-344.6093588950731
-3.4,-0.08,26402.00000000001,0.0210300676593186,0.0151367474184397,-349.3300350443207
-3.4,-0.0775,26415.00000000002,0.0210602170815728,0.0154034470674884,-363.4920634920634
-3.4,-0.075,26429.00000000001,0.0212149920989203,0.0152883159136085,-368.21273964131103
-3.4,-0.0725,26435.000000000007,0.0212726908470142,0.0154592197284072,-377.6540919398061
-3.4,-0.07,26455.00000000002,0.0213329319551002,0.0156402574139942,-387.0954442383013
-3.4,-0.0675,26475.00000000001,0.0213989686850289,0.0158202109681865,-396.5367965367965
-3.4,-0.065,26489.00000000002,0.0214279630980703,0.0160907639668449,-405.504019789734
-3.4,-0.0625,26493.00000000002,0.0214632020281308,0.0163694755060059,-421.43887858173576
-3.4,-0.06,26500.00000000001,0.0214873395559406,0.0166780983125673,-426.984126984127
-3.4,-0.0575,26497.00000000002,0.0215597981922958,0.0168677543790122,-438.0746237889096
-3.4,-0.055,26496.00000000001,0.0216647472446538,0.0169381076293115,-443.6198721913008
-3.4,-0.0525,26494.00000000002,0.0217335249384618,0.017130219701662,-443.6198721913008
-3.4,-0.05,26519.00000000002,0.0217999836598074,0.017330518241441,-465.8008658008658
-3.4,-0.0475,26534.00000000001,0.0218309697563709,0.0176507552615046,-471.34611420325706
-3.4,-0.045,26517.00000000002,0.0219038733333387,0.0178459060381294,-482.4366110080396
-3.4,-0.0425,26540.00000000001,0.0219770316049188,0.0180478921609568,-493.5271078128221
-3.4,-0.04,26552.00000000002,0.022053842028127,0.0182519945187832,-503.2158317872604
-3.4,-0.0375,26567.00000000001,0.0221821237920053,0.0183030052759327,-509.5856524427954
-3.4,-0.035,26583.00000000001,0.0222041972226972,0.0186568128456216,-515.9554730983302
-3.4,-0.0325,26596.00000000002,0.0222890917465859,0.0188627636270233,-528.6951144094
-3.4,-0.03,26628.00000000001,0.0224182366929737,0.0189147851882686,-535.0649350649351
-3.4,-0.0275,26622.00000000002,0.0224423506637186,0.0192778430358433,-541.4347557204701
-3.4,-0.025,26632.00000000001,0.0225241151026877,0.0194854897012172,-554.1743970315399
-3.4,-0.0225,26644.00000000002,0.0226105262778852,0.0197025045154028,-566.9140383426097
-3.4,-0.02,26664.00000000001,0.0226932022728458,0.0199070141298442,-566.9140383426097
-3.4,-0.0175,26667.00000000002,0.0227791029976527,0.0201167976281769,-582.7458256029685
-3.4,-0.015,26680.00000000002,0.022868838287532,0.0203300606429312,-582.7458256029685
-3.4,-0.0124999999999999,26687.00000000002,0.022887713317111,0.0207230416561336,-604.3290043290044
-3.4,-0.01,26686.00000000002,0.0231190565077585,0.0205787831520414,-604.3290043290044
-3.4,-0.0075,26669.000000000025,0.0231318104174953,0.0209773436021867,-611.523397237683
-3.4,-0.005,26708.00000000001,0.0231545754336144,0.0213807512252684,-618.7177901463615
-3.4,-0.0025,26709.000000000025,0.0234006441482757,0.0212292280448611,-618.7177901463617
-3.4,0.0,26732.00000000002,0.023493141834662,0.0214491425483134,-633.1065759637188
-3.4,0.0025,26715.00000000002,0.0235117999587395,0.0218523649213004,-640.3009688723974
-3.4,0.0049999999999999,26734.00000000002,0.0234971742585009,0.0223481480689541,-661.7810760667902
-3.4,0.0074999999999999,26740.00000000002,0.0237869380350663,0.0220899158680767,-657.555143269429
-3.4,0.0099999999999999,26749.00000000002,0.0237161271750024,0.0227289377457642,-673.5930735930735
-3.4,0.0124999999999999,26757.00000000002,0.023899815782629,0.0227424328427742,-681.6120387548958
-3.4,0.015,26779.00000000001,0.0239130623552244,0.0231781025739546,-689.6310039167181
-3.4,0.0175,26778.00000000002,0.0240155491581081,0.0234029169090905,-705.6689342403629
-3.4,0.0199999999999999,26799.00000000001,0.0242054405187254,0.0234150377588934,-697.6499690785404
-3.4,0.0224999999999999,26803.00000000002,0.0242189060091924,0.0238548099507135,-721.7068645640074
-3.4,0.0249999999999999,26817.00000000001,0.0243236595077337,0.0240812983835886,-721.7068645640074
-3.4,0.0274999999999999,26825.00000000002,0.0244406781773997,0.0242859203945769,-733.5188620902907
-3.4,0.03,26830.00000000001,0.0246307850500187,0.0243245096286832,-734.0136054421766
-3.4,0.0325,26853.00000000002,0.0247307606528872,0.0245499602781774,-751.7006802721087
-3.4,0.035,26867.000000000007,0.0248413547793096,0.024774531704494,-751.7006802721087
-3.4,0.0375,26865.00000000002,0.0248430978503315,0.0252465313082978,-778.2312925170066
-3.4,0.04,26880.00000000002,0.0250643800078008,0.0252363122930422,-769.3877551020406
-3.4,0.0425,26886.00000000001,0.0250719248739368,0.0257082538774797,-795.9183673469387
-3.4,0.0449999999999999,26894.00000000002,0.0251778816234897,0.0259380883146374,-795.9183673469387
-3.4,0.0474999999999999,26883.00000000001,0.0254034834330953,0.0259264475344961,-804.7619047619046
-3.4,0.0499999999999999,26911.00000000002,0.0254063558896279,0.0264014930301477,-813.6054421768705
-3.4,0.0524999999999999,26927.00000000002,0.0255832227537289,0.0264924487478689,-823.7682951968667
-3.4,0.0549999999999999,26937.00000000001,0.0257589490068551,0.0266183370212069,-821.7893217893218
-3.4,0.0574999999999999,26948.00000000002,0.0257496452970016,0.0271191876041705,-831.4574314574315
-3.4,0.06,26949.00000000001,0.0258629485495831,0.027346741848233,-850.7936507936508
-3.4,0.0625,26952.00000000002,0.0258557726491326,0.0278497635670799,-860.4617604617605
-3.4,0.065,26978.000000000025,0.0261062569082245,0.027814964884381,-870.1298701298701
-3.4,0.0675,26978.00000000001,0.02609441764324,0.0283191668497382,-879.7979797979798
-3.4,0.07,26987.00000000002,0.0263395606321376,0.0282829809596801,-889.4660894660894
-3.4,0.0725,26997.00000000001,0.0264540901592251,0.0285430631604663,-887.0748299319728
-3.4,0.075,26999.00000000001,0.0265820959866831,0.0287756436918351,-907.2356215213358
-3.4,0.0774999999999999,27004.00000000002,0.0267061773227175,0.0290122872059753,-907.2356215213358
-3.4,0.0799999999999999,27014.00000000001,0.026974088076186,0.028950678879667,-912.8633271490414
-3.4,0.0824999999999999,27022.00000000001,0.0268091562452353,0.029772207425531,-933.848690991548
-3.4,0.0849999999999999,27053.000000000025,0.0270894957101191,0.0297134589586051,-944.3413729128016
-3.4,0.0875,27062.00000000001,0.0272162577499682,0.0299503162929491,-944.3413729128016
-3.4,0.09,27071.00000000002,0.027345403481529,0.0301835494426487,-944.3413729128016
-3.4,0.0925,27073.000000000025,0.0276226678428279,0.0301244523324389,-954.8340548340548
-3.4,0.095,27072.00000000001,0.0276037747716113,0.0306547136972678,-965.3267367553084
-3.4,0.0975,27101.00000000001,0.0277673701625818,0.03081865209067,-981.4471243042672
-3.4,0.1,27108.00000000002,0.0277420687433087,0.0313682786785264,-992.3520923520924
-3.3,-0.1,27514.000000000025,0.0205947631571281,0.0135142654270321,-264.935064935065
-3.3,-0.0975,27530.00000000001,0.0206183079641179,0.0137227850410134,-276.62337662337666
-3.3,-0.095,27548.00000000001,0.0206651094272267,0.013866168123797,-284.4155844155845
-3.3,-0.0925,27564.000000000025,0.0207333743982074,0.013951321941901,-296.10389610389615
-3.3,-0.09,27588.00000000001,0.020762467758911,0.0141709505478148,-300.00000000000006
-3.3,-0.0875,27577.00000000001,0.0208852582599944,0.0141149904353721,-303.896103896104
-3.3,-0.085,27580.000000000025,0.0209707997067994,0.0142016150120852,-315.5844155844157
-3.3,-0.0825,27599.00000000001,0.0209279050681986,0.0146481439670301,-325.72665429808285
-3.3,-0.08,27608.00000000001,0.0209858336468742,0.0148141011327816,-335.1680065965779
-3.3,-0.0775,27623.000000000025,0.0210417975925188,0.0149802823082914,-344.6093588950731
-3.3,-0.075,27634.00000000001,0.0211289299909087,0.0150594132614869,-358.77138734281584
-3.3,-0.0725,27627.00000000001,0.021263488356923,0.015043399123988,-358.77138734281584
-3.3,-0.07,27636.000000000025,0.0213252730848743,0.0152123571343497,-368.21273964131103
-3.3,-0.0675,27668.00000000001,0.0213219222191129,0.0155790071412059,-387.0954442383013
-3.3,-0.065,27677.000000000025,0.0213587989836677,0.01585855989147,-391.8161203875489
-3.3,-0.0625,27698.00000000002,0.0214262447850565,0.0160384109452994,-401.257472686044
-3.3,-0.06,27708.00000000001,0.0215282136318088,0.0161133573955607,-410.6369820655535
-3.3,-0.0575,27726.00000000002,0.021558068602965,0.0164047879776635,-415.8936301793445
-3.3,-0.055,27726.00000000001,0.0216244054691508,0.0165917428621928,-426.984126984127
-3.3,-0.0525,27724.000000000025,0.0217038664461423,0.0167800418663384,-438.0746237889096
-3.3,-0.05,27726.00000000002,0.0218166293239234,0.0168494761529852,-443.6198721913008
-3.3,-0.0475,27736.00000000001,0.0218916402380347,0.0170415295095986,-454.7103689960833
-3.3,-0.045,27744.000000000025,0.0219175022746318,0.0173623943847464,-460.25561739847456
-3.3,-0.0425,27758.00000000001,0.0219955773367692,0.0175593443787139,-471.34611420325706
-3.3,-0.04,27764.000000000025,0.0220264553529462,0.017887189854245,-476.8913626056483
-3.3,-0.0375,27779.00000000002,0.022206999107962,0.0178301638972882,-487.9818594104309
-3.3,-0.035,27787.00000000001,0.022235910102029,0.0181613070109989,-490.4761904761905
-3.3,-0.0325,27799.00000000002,0.0223169319545678,0.0183624130712856,-503.2158317872604
-3.3,-0.03,27811.00000000001,0.0224009299322896,0.0185618324679571,-515.9554730983302
-3.3,-0.0275,27831.000000000025,0.0224281177998486,0.0189275394253914,-522.3252937538653
-3.3,-0.025,27835.00000000001,0.0225768425577117,0.0189786321501098,-528.6951144094
-3.3,-0.0225,27847.000000000025,0.0226615565750979,0.019189497301957,-541.4347557204701
-3.3,-0.02,27874.00000000001,0.0227480744589843,0.0193971662966547,-554.1743970315399
-3.3,-0.0175,27879.000000000025,0.0228450652271515,0.0196084155721109,-554.1743970315399
-3.3,-0.015,27878.00000000001,0.022936730962058,0.0198216165102776,-566.9140383426097
-3.3,-0.0124999999999999,27878.000000000025,0.0230352573928468,0.0200287784982381,-582.7458256029685
-3.3,-0.01,27899.00000000002,0.0230488718193013,0.0204197613660154,-589.9402185116471
-3.3,-0.0075,27919.000000000025,0.023222703351408,0.0204540264928632,-597.1346114203258
-3.3,-0.005,27920.00000000002,0.0233182729950001,0.0206648318446882,-597.1346114203258
-3.3,-0.0025,27938.000000000025,0.0233416483364431,0.0210685752838468,-618.7177901463615
-3.3,0.0,27952.00000000002,0.0235163941492565,0.0211006774392916,-625.9121830550403
-3.3,0.0025,27956.000000000025,0.0236203599300783,0.0213204477745083,-625.9121830550403
-3.3,0.0049999999999999,27965.00000000002,0.0236411095998481,0.0217225595806644,-647.4953617810761
-3.3,0.0074999999999999,27967.000000000025,0.023660300632222,0.0221292790949146,-654.6897546897547
-3.3,0.0099999999999999,27989.00000000002,0.023899057421571,0.0220501122210627,-654.1743970315398
-3.3,0.0124999999999999,28008.000000000025,0.0240392333754396,0.0221983103094609,-665.5741084312513
-3.3,0.015,28009.00000000002,0.0240461512711822,0.0226272917206955,-673.5930735930735
-3.3,0.0175,28022.000000000025,0.0242535207885725,0.0226375685659823,-681.6120387548958
-3.3,0.0199999999999999,28040.00000000001,0.0242705348849377,0.0230741852970291,-689.6310039167181
-3.3,0.0224999999999999,28050.000000000025,0.024480010177132,0.023083992281939,-697.6499690785404
-3.3,0.0249999999999999,28045.00000000001,0.0244948247984565,0.0235231692439181,-705.6689342403629
-3.3,0.0274999999999999,28081.000000000025,0.0246006698276228,0.023749381228007,-721.7068645640074
-3.3,0.03,28086.00000000001,0.0247153129735305,0.0239722870437305,-721.7068645640074
-3.3,0.0325,28107.00000000002,0.0248451571062742,0.0241751817096841,-733.5188620902907
-3.3,0.035,28114.00000000001,0.0250660300518485,0.0241764090780476,-741.9501133786848
-3.3,0.0375,28114.00000000001,0.025165702662956,0.0244365041878751,-751.7006802721087
-3.3,0.04,28120.000000000025,0.0251671843659718,0.0249012922695127,-760.5442176870747
-3.3,0.0425,28130.00000000001,0.0252834001492376,0.0251223230029792,-778.2312925170066
-3.3,0.0449999999999999,28142.00000000002,0.0254024074469093,0.0253559134107325,-778.2312925170066
-3.3,0.0474999999999999,28136.00000000001,0.0255265917672659,0.0255848015394279,-778.2312925170066
-3.3,0.0499999999999999,28149.00000000002,0.0256512487787494,0.0258164049694664,-795.9183673469387
-3.3,0.0524999999999999,28143.00000000002,0.0257660789550621,0.0260427752931586,-795.9183673469387
-3.3,0.0549999999999999,28166.00000000001,0.0258363377882866,0.0263904326671329,-814.5124716553288
-3.3,0.0574999999999999,28191.000000000025,0.0260892138020731,0.0263671636331396,-823.7682951968667
-3.3,0.06,28201.00000000001,0.0261322060204145,0.0267650681260429,-831.4574314574315
-3.3,0.0625,28209.00000000002,0.0261270470578471,0.0272593233267869,-841.1255411255412
-3.3,0.065,28222.000000000025,0.0263909963457321,0.0272257821704841,-850.7936507936508
-3.3,0.0675,28235.00000000001,0.0263844862206158,0.0277190327298596,-860.4617604617605
-3.3,0.07,28259.00000000002,0.026647362955345,0.0276851477607045,-870.1298701298701
-3.3,0.0725,28281.00000000001,0.0267819651655654,0.0279223145528159,-870.1298701298701
-3.3,0.075,28298.00000000001,0.0270551479946359,0.0278842668099878,-879.7979797979798
-3.3,0.0774999999999999,28289.000000000025,0.0270319567543759,0.0284165752921706,-887.0748299319728
-3.3,0.0799999999999999,28322.00000000001,0.0271670008034461,0.028651499109169,-907.2356215213358
-3.3,0.0824999999999999,28324.00000000002,0.0273069280660597,0.0288825656004849,-907.2356215213358
-3.3,0.0849999999999999,28320.000000000025,0.0272843095669476,0.0294067226210852,-912.8633271490417
-3.3,0.0875,28342.00000000001,0.027571757398929,0.0293471885418217,-923.3560090702948
-3.3,0.09,28337.00000000002,0.0275493037438595,0.0298826830931707,-933.848690991548
-3.3,0.0925,28375.000000000025,0.0278440599360562,0.0298205641014431,-944.3413729128016
-3.3,0.095,28396.00000000001,0.0278253216049942,0.0303524929869611,-954.8340548340548
-3.3,0.0975,28405.00000000001,0.0279658903400907,0.0305882237780797,-954.8340548340548
-3.3,0.1,28407.00000000002,0.0281344169528496,0.0307639423704049,-970.542156256442
-3.2,-0.1,28782.000000000025,0.0205360475833253,0.0132155714677587,-249.3506493506494
-3.2,-0.0975,28793.00000000001,0.0206047992423787,0.0132897304546474,-261.0389610389611
-3.2,-0.095,28817.00000000001,0.0206125435226492,0.0135472049901336,-268.8311688311689
-3.2,-0.0925,28819.000000000025,0.0206661100582755,0.0136886291024616,-276.62337662337666
-3.2,-0.09,28829.00000000001,0.0207313830721283,0.0137687466184671,-288.3116883116884
-3.2,-0.0875,28853.00000000001,0.020737590104722,0.0140510035697016,-303.896103896104
-3.2,-0.085,28845.000000000025,0.0208160101347619,0.0141327560758494,-300.00000000000006
-3.2,-0.0825,28871.00000000001,0.0208722119506204,0.0142921145941869,-307.7922077922079
-3.2,-0.08,28895.00000000001,0.0209604603600765,0.0143785298875781,-319.48051948051955
-3.2,-0.0775,28890.000000000025,0.0210035939484772,0.0145723466144322,-327.437641723356
-3.2,-0.075,28903.00000000001,0.021086147347598,0.0146847129002738,-339.8886827458255
-3.2,-0.0725,28896.00000000001,0.021147477401032,0.0148492616142313,-349.3300350443207
-3.2,-0.07,28908.000000000025,0.0212132710618358,0.0150180448432297,-358.77138734281584
-3.2,-0.0675,28909.00000000001,0.0212383239356459,0.0152802698868828,-363.4920634920634
-3.2,-0.065,28921.000000000025,0.0213060294505679,0.015455985755929,-372.93341579055857
-3.2,-0.0625,28930.00000000001,0.0213782137357417,0.0156321784366868,-382.37476808905376
-3.2,-0.06,28956.00000000001,0.0214459850052361,0.0158123556893966,-391.8161203875489
-3.2,-0.0575,28971.000000000025,0.0215563403308406,0.0158966848116184,-396.5367965367965
-3.2,-0.055,28981.00000000001,0.0216258829405515,0.0160777526302702,-405.9781488352916
-3.2,-0.0525,28994.000000000025,0.0216626301414347,0.016365676379577,-415.8936301793445
-3.2,-0.05,29005.000000000025,0.021736396274583,0.0165589735821981,-426.984126984127
-3.2,-0.0475,29013.00000000001,0.0218700790234144,0.016622252020529,-432.5293753865183
-3.2,-0.045,29031.000000000025,0.0219454389299151,0.0168149160848389,-443.6198721913008
-3.2,-0.0425,29041.00000000001,0.0220255262994157,0.0170041738132248,-454.7103689960833
-3.2,-0.04,29034.000000000025,0.022057823991283,0.0173220724331528,-460.25561739847456
-3.2,-0.0375,29039.00000000002,0.0221411743707242,0.017519077002851,-471.34611420325706
-3.2,-0.035,29059.00000000001,0.0222773706624261,0.0175903589429348,-476.89136260564834
-3.2,-0.0325,29083.00000000002,0.0223655913914374,0.0177898910222746,-487.9818594104309
-3.2,-0.03,29091.00000000001,0.0224628347763597,0.0179696672878717,-496.8460111317254
-3.2,-0.0275,29097.000000000025,0.0224897706293313,0.0183230626768015,-503.2158317872604
-3.2,-0.025,29118.00000000001,0.0225799419257431,0.0185290043878278,-515.9554730983302
-3.2,-0.0225,29105.000000000025,0.022739455231977,0.018574489628604,-522.3252937538653
-3.2,-0.02,29132.00000000001,0.0227670932557898,0.0189385536044718,-528.6951144094
-3.2,-0.0175,29136.000000000025,0.0228635115659288,0.019146588602863,-541.4347557204701
-3.2,-0.015,29147.00000000001,0.0230249744573202,0.0191971763739505,-547.804576376005
-3.2,-0.0124999999999999,29148.000000000025,0.0229857680524664,0.0197245125776454,-560.5442176870748
-3.2,-0.01,29175.00000000001,0.0231563777952166,0.0197760295212939,-566.9140383426097
-3.2,-0.0075,29178.000000000025,0.0232556283213598,0.0199834188417373,-576.4790764790766
-3.2,-0.005,29179.00000000002,0.0232826736886461,0.0203727258135663,-589.9402185116471
-3.2,-0.0025,29208.000000000025,0.0235492923948843,0.0202294231755361,-589.9402185116471
-3.2,0.0,29217.00000000001,0.023565818246176,0.0206217971354028,-597.1346114203258
-3.2,0.0025,29250.000000000025,0.0237610877460994,0.0206534153877663,-604.3290043290044
-3.2,0.0049999999999999,29248.00000000002,0.0237035076213407,0.0212407141988949,-618.7177901463615
-3.2,0.0074999999999999,29257.000000000025,0.0237269621566152,0.0216448504116239,-640.3009688723976
-3.2,0.0099999999999999,29271.00000000001,0.0240141397844926,0.0214920061660781,-640.3009688723974
-3.2,0.0124999999999999,29289.000000000025,0.0241186356521331,0.0217116515274661,-640.3009688723974
-3.2,0.015,29296.00000000002,0.0242070501055658,0.022002122253371,-654.1743970315398
-3.2,0.0175,29313.000000000025,0.0242490615065141,0.0223640407702358,-657.555143269429
-3.2,0.0199999999999999,29327.00000000001,0.0244705883998652,0.0223758044133866,-665.5741084312513
-3.2,0.0224999999999999,29339.000000000025,0.024585464018636,0.022594333457586,-681.6120387548958
-3.2,0.0249999999999999,29334.00000000001,0.0246022812559879,0.0230280505549724,-689.6310039167181
-3.2,0.0274999999999999,29350.00000000002,0.0247176066300683,0.0232570312356457,-705.6689342403629
-3.2,0.03,29368.00000000001,0.0248382793587064,0.0234776843422503,-705.6689342403629
-3.2,0.0325,29377.00000000002,0.0250644304205512,0.0234924081701153,-713.6878994021852
-3.2,0.035,29376.00000000001,0.025081969795257,0.023930694688149,-721.7068645640074
-3.2,0.0375,29393.00000000001,0.0252209063136471,0.0241326364554032,-733.5188620902907
-3.2,0.04,29402.000000000025,0.0253432988921164,0.0243613209199631,-733.5188620902907
-3.2,0.0425,29414.00000000001,0.0254433600393671,0.0246378947936387,-742.8571428571427
-3.2,0.0449999999999999,29420.000000000025,0.0255741763918161,0.0248596735402448,-760.5442176870747
-3.2,0.0474999999999999,29423.00000000001,0.025577398423934,0.0253283158151582,-769.3877551020407
-3.2,0.0499999999999999,29457.00000000002,0.0258239849974694,0.0253133827741717,-778.2312925170066
-3.2,0.0524999999999999,29459.000000000025,0.0258286875081111,0.0257892858632472,-787.0748299319727
-3.2,0.0549999999999999,29500.00000000001,0.0260870225811524,0.0257790202147238,-795.9183673469387
-3.2,0.0574999999999999,29486.000000000025,0.0262128959438063,0.0260078096389028,-795.9183673469387
-3.2,0.06,29496.00000000001,0.026345985677805,0.0262400536764294,-813.6054421768705
-3.2,0.0625,29525.00000000002,0.0264229860515315,0.0265868878579801,-814.5124716553288
-3.2,0.065,29528.000000000025,0.0266088170939162,0.0267261401911077,-831.4574314574315
-3.2,0.0675,29560.00000000001,0.0267405773977602,0.0269562688586216,-831.4574314574315
-3.2,0.07,29578.000000000025,0.026885338919772,0.0271863793861774,-850.7936507936508
-3.2,0.0725,29584.00000000001,0.0270230852332309,0.0274158831600762,-850.7936507936508
-3.2,0.075,29588.00000000002,0.0271584512520494,0.0276436544853273,-870.1298701298701
-3.2,0.0774999999999999,29618.000000000025,0.0273024588029014,0.0278816825903657,-870.1298701298701
-3.2,0.0799999999999999,29623.00000000001,0.0272979344218236,0.0283844529848572,-879.7979797979798
-3.2,0.0824999999999999,29627.00000000002,0.0275716835722715,0.0283731334715046,-887.0748299319728
-3.2,0.0849999999999999,29630.000000000025,0.0275560669836614,0.0288955814009399,-897.1552257266543
-3.2,0.0875,29657.00000000001,0.0278644150539495,0.0288469624170656,-907.2356215213358
-3.2,0.09,29665.00000000002,0.0280109981340255,0.0290793137470612,-923.3560090702948
-3.2,0.0925,29693.000000000025,0.0281596830815302,0.0293148120044974,-923.3560090702948
-3.2,0.095,29702.00000000001,0.0281337015924825,0.0298481606455893,-933.848690991548
-3.2,0.0975,29718.00000000001,0.0284513249798929,0.0297874692648374,-944.3413729128016
-3.2,0.1,29712.000000000025,0.0284309817064936,0.0303224829445906,-954.8340548340548
-3.1,-0.1,30084.000000000025,0.0205025090183092,0.0129337893583217,-227.29334157905583
-3.1,-0.0975,30089.00000000001,0.0205168162666086,0.0131448314744314,-251.86559472273757
-3.1,-0.095,30126.00000000001,0.02053914358097,0.0133457256013155,-253.2467532467533
-3.1,-0.0925,30134.000000000025,0.0206384898167852,0.0133607959938044,-253.2467532467533
-3.1,-0.09,30136.00000000001,0.0207157346051679,0.013434120173281,-264.935064935065
-3.1,-0.0875,30134.00000000001,0.0207705572727959,0.0135737361726799,-272.7272727272728
-3.1,-0.085,30149.000000000025,0.0208025963986788,0.0137808887481803,-292.2077922077923
-3.1,-0.0825,30168.00000000001,0.02081126062535,0.0140620950861004,-300.0000000000001
-3.1,-0.08,30179.00000000001,0.0208654831625354,0.0142161619725596,-307.7922077922078
-3.1,-0.0775,30190.000000000025,0.021034987391584,0.0140878895130227,-307.7922077922079
-3.1,-0.075,30201.00000000001,0.0210152017313027,0.0144566462816281,-327.27272727272737
-3.1,-0.0725,30218.00000000001,0.0211110325798667,0.0145456041446801,-325.72665429808285
-3.1,-0.07,30229.000000000025,0.021217846046991,0.0146179136697407,-339.8886827458255
-3.1,-0.0675,30251.00000000001,0.0212845583254665,0.0147841668905888,-339.8886827458255
-3.1,-0.065,30257.000000000025,0.0212801895760736,0.0151349202053515,-358.77138734281584
-3.1,-0.0625,30273.000000000025,0.0213521881385234,0.0153073072096294,-368.212739641311
-3.1,-0.06,30261.00000000001,0.0213889306290306,0.015574990943819,-372.93341579055857
-3.1,-0.0575,30296.000000000025,0.0214548062686711,0.0157555315215695,-382.37476808905376
-3.1,-0.055,30290.00000000001,0.0215357160173827,0.0159345431439708,-391.8161203875489
-3.1,-0.0525,30299.000000000025,0.0216530087613322,0.0160154226461752,-405.9781488352916
-3.1,-0.05,30307.00000000002,0.021778141847467,0.016091613007213,-405.504019789734
-3.1,-0.0475,30311.00000000001,0.0218009421191476,0.0164027835260591,-421.4388785817357
-3.1,-0.045,30333.000000000025,0.0218881397497575,0.016594105198855,-421.4388785817357
-3.1,-0.0425,30347.00000000001,0.0220211602496154,0.0166576540685423,-438.0746237889096
-3.1,-0.04,30351.000000000025,0.0221645323499569,0.0167253012851729,-443.6198721913008
-3.1,-0.0375,30366.00000000002,0.0221946539019958,0.0170397699464668,-449.16512059369205
-3.1,-0.035,30367.00000000001,0.0222287907260971,0.0173615693109679,-465.8008658008658
-3.1,-0.0325,30377.00000000002,0.0223762601218425,0.0174341896360565,-471.34611420325706
-3.1,-0.03,30394.00000000001,0.0224642032867811,0.017630250327249,-482.4366110080396
-3.1,-0.0275,30415.000000000025,0.022558669343224,0.01783093296712,-482.4366110080396
-3.1,-0.025,30421.00000000001,0.0225872526313655,0.018181890706232,-496.8460111317255
-3.1,-0.0225,30411.000000000025,0.0227491133571287,0.0182352838699459,-503.2158317872604
-3.1,-0.02,30424.00000000001,0.0228502629345121,0.0184367877884203,-515.9554730983302
-3.1,-0.0175,30433.000000000025,0.0228809714774632,0.0187942347903258,-522.3252937538653
-3.1,-0.015,30445.00000000001,0.0230524564412788,0.0188477584191297,-528.6951144094
-3.1,-0.0124999999999999,30457.000000000025,0.023154632326489,0.0190550794055599,-541.4347557204701
-3.1,-0.01,30468.00000000002,0.0231877225437389,0.0194189265207342,-547.804576376005
-3.1,-0.0075,30491.000000000025,0.02336339705462,0.0194716616367688,-554.1743970315399
-3.1,-0.005,30523.00000000002,0.0233981188292037,0.0198546668857007,-569.6969696969699
-3.1,-0.0025,30519.000000000025,0.023501629309256,0.0200651426736957,-583.2611832611834
-3.1,0.0,30540.00000000002,0.0236035368032084,0.0202858510137617,-589.9402185116471
-3.1,0.0025,30571.000000000025,0.0237201088510937,0.0205000514098919,-589.9402185116471
-3.1,0.0049999999999999,30599.00000000002,0.0238271324369534,0.0207146527850876,-604.3290043290044
-3.1,0.0074999999999999,30590.000000000025,0.0240350155275548,0.0207499708418131,-611.523397237683
-3.1,0.0099999999999999,30607.00000000002,0.0239731181943926,0.0213357418664887,-625.9121830550403
-3.1,0.0124999999999999,30623.000000000025,0.0241725772572611,0.0213733608515059,-633.1065759637188
-3.1,0.015,30642.00000000002,0.0242948792574228,0.0215964238954862,-633.1065759637188
-3.1,0.0175,30657.000000000025,0.0244086007982539,0.0218117709276754,-647.4953617810761
-3.1,0.0199999999999999,30682.00000000001,0.0245886945323998,0.0219212898413768,-654.1743970315398
-3.1,0.0224999999999999,30694.000000000025,0.0246410188397164,0.0222785191458039,-657.555143269429
-3.1,0.0249999999999999,30711.00000000001,0.0248732738147602,0.0222897440447885,-665.5741084312513
-3.1,0.0274999999999999,30727.000000000025,0.024887653143941,0.0227176267813479,-673.5930735930735
-3.1,0.03,30755.00000000001,0.0250186878500183,0.0229368574383893,-689.6310039167181
-3.1,0.0325,30758.00000000002,0.0251408402375687,0.0231670423805458,-689.6310039167181
-3.1,0.035,30771.00000000001,0.0252698470174205,0.0233919153536766,-705.6689342403629
-3.1,0.0375,30778.00000000002,0.0254049822799504,0.0236182894373426,-721.7068645640074
-3.1,0.04,30773.000000000025,0.0255337845996849,0.0238388141758204,-721.7068645640074
-3.1,0.0425,30796.00000000001,0.0256806277098148,0.024040768774313,-733.5188620902907
-3.1,0.0449999999999999,30815.000000000025,0.0256869793450964,0.0244945215727525,-741.9501133786848
-3.1,0.0474999999999999,30819.00000000001,0.0259148321962041,0.024545444155503,-742.8571428571427
-3.1,0.0499999999999999,30838.00000000002,0.0260509581581213,0.0247698759833951,-760.5442176870747
-3.1,0.0524999999999999,30844.000000000025,0.0260522716770806,0.0252409674635912,-769.3877551020407
-3.1,0.0549999999999999,30859.00000000002,0.0263213631842319,0.0252292971786514,-778.2312925170066
-3.1,0.0574999999999999,30879.000000000025,0.0264625940561108,0.0254585736346828,-778.2312925170066
-3.1,0.06,30878.00000000001,0.0266057458319413,0.0256879698805276,-795.9183673469387
-3.1,0.0625,30858.00000000002,0.0266112719407849,0.0261652704798051,-804.7619047619046
-3.1,0.065,30882.000000000025,0.0268244401267493,0.0262703615752223,-814.5124716553288
-3.1,0.0675,30914.00000000001,0.0269689007640977,0.0265027502037144,-814.5124716553288
-3.1,0.07,30911.000000000025,0.027115874370769,0.0267350903903395,-833.0241187384045
-3.1,0.0725,30928.00000000001,0.0273111075247964,0.0268733200058751,-831.4574314574315
-3.1,0.075,30955.00000000001,0.0274613790509596,0.0271021180491029,-850.7936507936508
-3.1,0.0774999999999999,30959.000000000025,0.027610843774258,0.0273321929602132,-850.7936507936508
-3.1,0.0799999999999999,30978.00000000001,0.0275990897781015,0.0278325836188929,-860.4617604617605
-3.1,0.0824999999999999,31006.00000000002,0.0279047805059588,0.0277965191368225,-870.1298701298701
-3.1,0.0849999999999999,31007.000000000025,0.0278952475243666,0.0283021349416504,-879.7979797979798
-3.1,0.0875,31020.00000000001,0.0281919295288918,0.0282901338922345,-887.0748299319728
-3.1,0.09,31022.00000000002,0.0281762484344982,0.0288090972141417,-897.1552257266543
-3.1,0.0925,31048.000000000025,0.028496574561513,0.0287581959192824,-907.2356215213358
-3.1,0.095,31050.00000000001,0.0284728371629687,0.0292859320008686,-912.8633271490417
-3.1,0.0975,31067.00000000002,0.0288077536170791,0.0292247358303863,-923.3560090702948
-3.1,0.1,31063.000000000025,0.02878326729357,0.0297533742825406,-933.848690991548
-3.0,-0.1,31366.000000000025,0.0204361737463334,0.0127014528292419,-218.0787466501752
-3.0,-0.0975,31378.00000000001,0.0204529233514936,0.0128986480534506,-224.22180993609564
-3.0,-0.095,31409.00000000001,0.020502073222168,0.0130255676156894,-230.3648732220161
-3.0,-0.0925,31418.000000000025,0.0205529998114026,0.0131485542529561,-242.65099979385693
-3.0,-0.09,31418.00000000001,0.0205969166138112,0.0133053465154132,-253.2467532467533
-3.0,-0.0875,31438.00000000001,0.0207024233500159,0.0133182670244759,-261.03896103896113
-3.0,-0.085,31436.000000000025,0.0207340741100189,0.0135119018553064,-272.72727272727275
-3.0,-0.0825,31458.00000000001,0.0207656639393864,0.0137163298172891,-276.62337662337666
-3.0,-0.08,31466.00000000001,0.0208242103961908,0.0138670412135373,-284.4155844155845
-3.0,-0.0775,31456.000000000025,0.0209647230962018,0.0138134359925938,-288.3116883116884
-3.0,-0.075,31478.00000000001,0.0210045447244267,0.0140275434024654,-307.7922077922079
-3.0,-0.0725,31501.00000000001,0.0210683827384757,0.01417888960872,-315.58441558441564
-3.0,-0.07,31523.000000000025,0.0211091342938107,0.0144071129054586,-327.27272727272737
-3.0,-0.0675,31520.00000000001,0.0211924906604381,0.0145314202958653,-336.0544217687075
-3.0,-0.065,31527.000000000025,0.0212429623079187,0.0147429165227967,-339.8886827458255
-3.0,-0.0625,31554.000000000025,0.0212752023612951,0.0150028944003562,-344.6093588950731
-3.0,-0.06,31570.00000000001,0.0213547306359491,0.0151687140819737,-354.05071119356825
-3.0,-0.0575,31574.000000000025,0.0214683013765246,0.0152495166340176,-368.212739641311
-3.0,-0.055,31584.00000000001,0.0216258607118065,0.0152326213569937,-368.212739641311
-3.0,-0.0525,31587.000000000025,0.0216209133719343,0.0155943893705753,-387.09544423830135
-3.0,-0.05,31595.000000000025,0.0217943378617253,0.0155770668324826,-387.0954442383013
-3.0,-0.0475,31608.00000000001,0.021790825596491,0.0159541555368455,-405.9781488352916
-3.0,-0.045,31623.000000000025,0.0218770632757129,0.0161399002051239,-410.6369820655534
-3.0,-0.0425,31639.00000000001,0.022003120576453,0.0162218883571696,-415.8936301793445
-3.0,-0.04,31649.000000000025,0.0221519610827427,0.0162852976154174,-421.43887858173576
-3.0,-0.0375,31654.00000000002,0.0222453365558153,0.0164741211737461,-432.5293753865183
-3.0,-0.035,31686.00000000001,0.0222861254335127,0.0167836005567846,-438.0746237889096
-3.0,-0.0325,31691.000000000025,0.0223244821774279,0.01709305644646,-454.7103689960833
-3.0,-0.03,31694.00000000001,0.0225348275584008,0.0170410840020717,-454.7103689960833
-3.0,-0.0275,31707.000000000025,0.0226377657804687,0.0172357766033353,-465.8008658008658
-3.0,-0.025,31724.00000000001,0.0226718720821797,0.0175561204699498,-471.34611420325706
-3.0,-0.0225,31735.000000000025,0.0227738520283538,0.0177582782878613,-482.4366110080396
-3.0,-0.02,31742.00000000001,0.0228800241039433,0.0179569597748842,-490.4761904761905
-3.0,-0.0175,31749.000000000025,0.0229089797665,0.0183119848039456,-509.5856524427953
-3.0,-0.015,31753.00000000002,0.0230839330021452,0.0183632447536786,-515.9554730983302
-3.0,-0.0124999999999999,31784.000000000025,0.023120676378827,0.01871956779277,-522.3252937538653
-3.0,-0.01,31784.00000000002,0.0233012220183361,0.018771137750383,-528.6951144094
-3.0,-0.0075,31790.000000000025,0.0234936352847324,0.0188241117487249,-535.0649350649351
-3.0,-0.005,31805.00000000002,0.0234473826683887,0.0193422342561092,-547.804576376005
-3.0,-0.0025,31832.000000000025,0.0236353662651801,0.0193953400136793,-554.1743970315399
-3.0,0.0,31839.000000000025,0.0236673927646817,0.0197788368632126,-569.6969696969699
-3.0,0.0025,31853.000000000025,0.0237822767499523,0.0199826638742957,-583.2611832611834
-3.0,0.0049999999999999,31877.00000000002,0.0238948039934402,0.020205029421029,-589.9402185116471
-3.0,0.0074999999999999,31901.000000000025,0.023917205243673,0.0206009746292005,-597.1346114203258
-3.0,0.0099999999999999,31923.00000000002,0.024128015941807,0.0206323316671404,-604.3290043290044
-3.0,0.0124999999999999,31959.000000000025,0.0241607113838624,0.0210374405474484,-611.523397237683
-3.0,0.015,31983.00000000001,0.0244808197982247,0.0208860250794124,-611.523397237683
-3.0,0.0175,31981.000000000025,0.0246093056679825,0.0210987968476741,-625.9121830550403
-3.0,0.0199999999999999,31997.00000000001,0.0247351679887853,0.0213179218532968,-625.9121830550403
-3.0,0.0224999999999999,32014.000000000025,0.0248664961298016,0.0215379814523228,-640.3009688723974
-3.0,0.0249999999999999,32025.00000000001,0.0249506967441097,0.0218303694465338,-654.1743970315398
-3.0,0.0274999999999999,32036.000000000025,0.0249731373573069,0.0222506342687618,-661.7810760667902
-3.0,0.03,32051.00000000001,0.0251355975778178,0.0224085159511772,-673.5930735930735
-3.0,0.0325,32051.000000000025,0.0252697240969616,0.0226276345251979,-673.5930735930735
-3.0,0.035,32068.00000000001,0.0254161664161997,0.0228438880410094,-689.6310039167181
-3.0,0.0375,32075.00000000002,0.025552949048606,0.0230730562688802,-689.6310039167181
-3.0,0.04,32083.000000000025,0.0256884299854427,0.023294087937478,-705.6689342403629
-3.0,0.0425,32110.00000000001,0.025832751138308,0.0235218151803782,-705.6689342403629
-3.0,0.0449999999999999,32129.000000000025,0.0259684004663842,0.0237480532501272,-721.7068645640074
-3.0,0.0474999999999999,32135.00000000001,0.0261303043804089,0.0239427977256691,-733.5188620902907
-3.0,0.0499999999999999,32171.000000000025,0.0262778916890552,0.0241694845992706,-733.5188620902907
-3.0,0.0524999999999999,32161.000000000025,0.026393018167547,0.0244420607824458,-742.8571428571427
-3.0,0.0549999999999999,32169.00000000001,0.0265369728422875,0.0246708332735234,-760.5442176870747
-3.0,0.0574999999999999,32199.000000000025,0.0266867830969619,0.0248947046849391,-760.5442176870747
-3.0,0.06,32212.00000000001,0.0268308526205566,0.025120705217734,-778.2312925170066
-3.0,0.0625,32218.000000000025,0.0269854913467904,0.025349888936532,-778.2312925170066
-3.0,0.065,32219.000000000025,0.0269882153923183,0.0258223744937928,-804.7619047619046
-3.0,0.0675,32229.00000000001,0.027222332238654,0.0259257621625098,-796.0008245722531
-3.0,0.07,32223.000000000025,0.0273736445555548,0.0261574147459595,-814.5124716553288
-3.0,0.0725,32251.00000000001,0.02752323457531,0.0263895028078696,-814.5124716553288
-3.0,0.075,32252.00000000001,0.0276789120365715,0.0266178822502485,-833.0241187384045
-3.0,0.0774999999999999,32274.000000000025,0.0278950075622704,0.0267580864831952,-831.4574314574315
-3.0,0.0799999999999999,32279.00000000001,0.0278862567992843,0.0272542023004091,-841.1255411255412
-3.0,0.0824999999999999,32304.00000000002,0.0282111769105382,0.0272200559635293,-850.7936507936508
-3.0,0.0849999999999999,32310.000000000025,0.02820040001702,0.0277142195281268,-860.4617604617605
-3.0,0.0875,32316.00000000001,0.0285259433790123,0.0276752876494823,-870.1298701298701
-3.0,0.09,32348.00000000002,0.0284935500179145,0.0282211714234949,-876.9944341372914
-3.0,0.0925,32370.000000000025,0.0286581622138669,0.0284520100894984,-897.1552257266543
-3.0,0.095,32387.00000000001,0.0288221788038315,0.0286837846673481,-897.1552257266543
-3.0,0.0975,32414.00000000001,0.0291670963803278,0.0286343190344529,-907.2356215213358
-3.0,0.1,32412.000000000025,0.0291484455185371,0.0291522177220625,-917.3160173160172
-2.9,-0.1,32585.000000000025,0.0203622771713085,0.0125034027468902,-193.50649350649348
-2.9,-0.0975,32550.00000000001,0.0204232350671012,0.0125742594623559,-208.8641517212946
-2.9,-0.095,32579.00000000001,0.0204580509067264,0.0127258279090813,-211.9356833642548
-2.9,-0.0925,32585.000000000025,0.0205243510497554,0.012799271421584,-227.29334157905583
-2.9,-0.09,32621.00000000001,0.0205632546306095,0.0129654373164935,-230.3648732220161
-2.9,-0.0875,32626.00000000001,0.0206172701349716,0.0130883841411031,-236.5079365079365
-2.9,-0.085,32630.000000000025,0.0206948346038071,0.013163928225499,-250.834879406308
-2.9,-0.0825,32659.00000000001,0.0207169256674168,0.0133730822197874,-253.2467532467533
-2.9,-0.08,32660.00000000001,0.020809885453013,0.0134491308699215,-264.93506493506504
-2.9,-0.0775,32673.00000000003,0.0208459084188123,0.0136519091971405,-276.62337662337666
-2.9,-0.075,32690.00000000001,0.020937342632945,0.0137281850031573,-288.3116883116884
-2.9,-0.0725,32709.00000000001,0.0210048685779153,0.013875912198183,-296.1038961038962
-2.9,-0.07,32690.000000000025,0.0210414022886875,0.014091206123297,-300.0000000000001
-2.9,-0.0675,32732.00000000001,0.0211082454929118,0.0142482659947153,-307.7922077922078
-2.9,-0.065,32751.000000000025,0.0212070992164998,0.0143357666446543,-319.48051948051955
-2.9,-0.0625,32757.000000000025,0.0212619073835624,0.0145373105993349,-331.74603174603175
-2.9,-0.06,32772.000000000015,0.0213544653389885,0.0146670347843105,-339.8886827458255
-2.9,-0.0575,32793.00000000002,0.0214273374518345,0.0148291737933135,-349.3300350443207
-2.9,-0.055,32793.000000000015,0.0215956300615305,0.0148156940379092,-349.3300350443207
-2.9,-0.0525,32823.00000000002,0.0215902488076924,0.0151693211381617,-368.212739641311
-2.9,-0.05,32830.00000000002,0.0217565644896619,0.0151517682994481,-368.212739641311
-2.9,-0.0475,32843.000000000015,0.021795952876694,0.0154161185440998,-372.93341579055857
-2.9,-0.045,32848.00000000002,0.0219372954699967,0.0154959843127798,-387.0954442383013
-2.9,-0.0425,32864.000000000015,0.0219349128562489,0.0158692996799772,-396.5367965367964
-2.9,-0.04,32875.00000000002,0.0220203057758147,0.016056322486535,-410.6369820655534
-2.9,-0.0375,32894.00000000002,0.0222185211636388,0.0160179829165378,-410.3483817769532
-2.9,-0.035,32913.000000000015,0.0222588834780332,0.016320344931504,-415.8936301793445
-2.9,-0.0325,32924.00000000002,0.0222972139675913,0.0166288846044804,-432.5293753865183
-2.9,-0.03,32925.000000000015,0.022386071309653,0.0168247512135538,-443.6198721913008
-2.9,-0.0275,32931.00000000002,0.0225535241531024,0.0168927073159133,-449.16512059369205
-2.9,-0.025,32936.000000000015,0.022718981300158,0.0169573067174485,-454.7103689960833
-2.9,-0.0225,32931.00000000003,0.0227589421557377,0.0172758966606876,-460.25561739847456
-2.9,-0.02,32945.000000000015,0.0228663712621301,0.0174738930804632,-471.34611420325706
-2.9,-0.0175,32945.00000000002,0.0228419142270246,0.0179280356424941,-482.4366110080396
-2.9,-0.015,32966.00000000002,0.0230970913067947,0.0178460079217106,-488.5178313749742
-2.9,-0.0124999999999999,32992.00000000002,0.0231990328942369,0.0180697958903064,-503.2158317872604
-2.9,-0.01,33027.00000000002,0.023228545614989,0.0184241897690457,-509.5856524427953
-2.9,-0.0075,33044.00000000003,0.0233405076676591,0.0186256065738718,-522.3252937538653
-2.9,-0.005,33052.00000000002,0.0234576755623171,0.0188332276341898,-535.0649350649351
-2.9,-0.0025,33067.00000000002,0.023579732625118,0.0190426537425805,-535.0649350649351
-2.9,0.0,33093.00000000002,0.0236964020635194,0.0192495605775344,-547.804576376005
-2.9,0.0025,33104.00000000003,0.0238155594502836,0.0194539179142862,-560.5442176870748
-2.9,0.0049999999999999,33134.000000000015,0.0239280011742864,0.019685154123765,-556.1327561327563
-2.9,0.0074999999999999,33142.00000000003,0.023962769736908,0.0200551678135723,-576.4790764790766
-2.9,0.0099999999999999,33157.00000000002,0.0241771059517353,0.0201070963881115,-589.9402185116471
-2.9,0.0124999999999999,33166.00000000002,0.0243041851157859,0.0203168397252904,-589.9402185116471
-2.9,0.015,33202.000000000015,0.0244262332469946,0.0205331164610141,-604.3290043290044
-2.9,0.0175,33215.00000000002,0.0246647124642239,0.0205657035562348,-597.1346114203258
-2.9,0.0199999999999999,33247.000000000015,0.0248004323947735,0.0207817478452274,-611.523397237683
-2.9,0.0224999999999999,33250.00000000002,0.0248292829472256,0.0211791664103018,-618.7177901463615
-2.9,0.0249999999999999,33253.000000000015,0.0249619623338141,0.0214017757681849,-633.1065759637188
-2.9,0.0274999999999999,33275.00000000002,0.0250954267993046,0.0216168100380783,-633.1065759637188
-2.9,0.03,33298.000000000015,0.0253058650101274,0.0217226659839078,-638.9610389610389
-2.9,0.0325,33318.00000000002,0.0253286006500285,0.0221423367648548,-661.7810760667902
-2.9,0.035,33340.00000000001,0.0255038364062682,0.0223026431282317,-673.5930735930735
-2.9,0.0375,33331.000000000015,0.0256449405809376,0.0225200264160244,-673.5930735930735
-2.9,0.04,33353.00000000002,0.0257912616357714,0.0227421487857944,-689.6310039167181
-2.9,0.0425,33366.000000000015,0.0259433200687493,0.022963749953956,-689.6310039167181
-2.9,0.0449999999999999,33387.00000000002,0.0260836275014232,0.0231916997772503,-705.6689342403629
-2.9,0.0474999999999999,33402.000000000015,0.0262343962609067,0.0234133319696329,-705.6689342403629
-2.9,0.0499999999999999,33425.000000000015,0.0265179751235206,0.0234228436692601,-713.6878994021852
-2.9,0.0524999999999999,33431.00000000002,0.0265519536047742,0.0238368650995078,-733.5188620902907
-2.9,0.0549999999999999,33461.000000000015,0.0267071299279049,0.0240627980446099,-733.5188620902907
-2.9,0.0574999999999999,33452.00000000002,0.0267169604715009,0.0245160523966762,-741.9501133786848
-2.9,0.06,33468.000000000015,0.0269830582605941,0.0245624890829395,-760.5442176870747
-2.9,0.0625,33479.00000000002,0.0271436163693181,0.0247848683754481,-760.5442176870747
-2.9,0.065,33485.00000000002,0.0271456020666808,0.0252537531373259,-769.3877551020407
-2.9,0.0675,33531.000000000015,0.0274566480506947,0.0252422467081448,-778.2312925170066
-2.9,0.07,33531.00000000002,0.0274595849762353,0.0257148287660374,-787.0748299319727
-2.9,0.0725,33558.00000000001,0.0277787889477941,0.0257024080212456,-795.9183673469387
-2.9,0.075,33570.000000000015,0.0280275657252146,0.0257934489757329,-805.2566481137909
-2.9,0.0774999999999999,33590.00000000002,0.0280256866729838,0.026277922977494,-814.5124716553288
-2.9,0.0799999999999999,33595.000000000015,0.0283612113324619,0.0262533992121686,-823.7682951968667
-2.9,0.0824999999999999,33611.000000000015,0.0284236233444326,0.0266434195846372,-831.4574314574315
-2.9,0.0849999999999999,33605.00000000002,0.0284132093152844,0.0271391713879553,-841.1255411255412
-2.9,0.0875,33651.000000000015,0.0287605473310919,0.0271039724373833,-850.7936507936508
-2.9,0.09,33629.000000000015,0.0287485023367899,0.0276007194238347,-860.4617604617605
-2.9,0.0925,33638.00000000002,0.0289176654908448,0.0278361975613857,-860.4617604617605
-2.9,0.095,33659.000000000015,0.0290857457155656,0.0280714637244171,-879.7979797979798
-2.9,0.0975,33691.000000000015,0.0294221280688026,0.0280580337226657,-887.0748299319728
-2.9,0.1,33704.00000000002,0.0294021021685855,0.0285731107915893,-897.1552257266543
-2.8,-0.1,33811.00000000003,0.0202438941403784,0.0122687490269886,-175.07730364873223
-2.8,-0.0975,33832.000000000015,0.020275252039961,0.0124043385268394,-178.14883529169242
-2.8,-0.095,33839.000000000015,0.0203393929518476,0.0124669879929347,-193.50649350649348
-2.8,-0.0925,33859.00000000003,0.0203697503788552,0.0126121461275588,-196.57802514945368
-2.8,-0.09,33856.000000000015,0.0204221233935314,0.0127248589030981,-208.86415172129452
-2.8,-0.0875,33831.000000000015,0.0204927435036902,0.0127980586388571,-218.0787466501752
-2.8,-0.085,33876.00000000003,0.0205738870330411,0.0128735258493239,-227.29334157905583
-2.8,-0.0825,33871.000000000015,0.020608890358339,0.0130414079399085,-236.5079365079365
-2.8,-0.08,33908.000000000015,0.020670967272258,0.0131636234566392,-240.38342609771183
-2.8,-0.0775,33940.00000000003,0.0207190938402688,0.0133215967449212,-253.2467532467533
-2.8,-0.075,33910.000000000015,0.0207818963397245,0.0134567596680487,-261.03896103896113
-2.8,-0.0725,33929.000000000015,0.0208542943692906,0.0135931876232837,-268.83116883116884
-2.8,-0.07,33953.00000000003,0.0209199919767534,0.0137339316892631,-276.62337662337666
-2.8,-0.0675,33979.000000000015,0.0210218590891116,0.0138161084426765,-288.3116883116884
-2.8,-0.065,33983.00000000003,0.0210918390430957,0.0139628555444411,-296.1038961038962
-2.8,-0.0625,33979.00000000002,0.0212024462512539,0.0140450595023424,-307.7922077922079
-2.8,-0.06,34037.000000000015,0.0212120677237412,0.0143405468845724,-315.58441558441564
-2.8,-0.0575,34023.00000000003,0.0212883155420266,0.0144959827943588,-323.37662337662346
-2.8,-0.055,34063.000000000015,0.0214265378002064,0.0145504324089742,-336.0544217687075
-2.8,-0.0525,34072.00000000003,0.0214833638387144,0.0147627497815523,-339.8886827458255
-2.8,-0.05,34097.00000000002,0.021573764881494,0.0149303347357598,-349.3300350443207
-2.8,-0.0475,34103.000000000015,0.0216123074293569,0.0151938217641024,-354.05071119356825
-2.8,-0.045,34105.00000000003,0.021745146664781,0.0152733640048427,-368.212739641311
-2.8,-0.0425,34119.000000000015,0.0218397800678416,0.0154444534826731,-377.65409193980616
-2.8,-0.04,34123.00000000003,0.0218790761765843,0.0157202786070484,-382.37476808905376
-2.8,-0.0375,34139.00000000002,0.0219777994210023,0.0159022431676563,-391.8161203875489
-2.8,-0.035,34151.000000000015,0.0220746059041943,0.0160823386170065,-401.257472686044
-2.8,-0.0325,34179.00000000002,0.0222867754286152,0.0160600766568496,-405.504019789734
-2.8,-0.03,34206.000000000015,0.0223178799666969,0.0163720510760976,-421.4388785817357
-2.8,-0.0275,34204.00000000002,0.0223551493961788,0.0166778774184414,-426.984126984127
-2.8,-0.025,34218.000000000015,0.022660077322064,0.0165049992227567,-432.5293753865183
-2.8,-0.0225,34234.00000000003,0.022703573094795,0.0168180433731095,-438.0746237889096
-2.8,-0.02,34231.000000000015,0.0228084019464972,0.017005955704646,-449.16512059369205
-2.8,-0.0175,34234.00000000003,0.022852681186437,0.0173249897580853,-465.8008658008658
-2.8,-0.015,34243.000000000015,0.0228937239644698,0.0176481218300255,-471.34611420325706
-2.8,-0.0124999999999999,34284.00000000003,0.0232284056330582,0.0174631531982644,-476.89136260564834
-2.8,-0.01,34287.00000000002,0.0232068759971858,0.0179077177003547,-482.5602968460111
-2.8,-0.0075,34321.00000000003,0.0233043519044329,0.0181436866732128,-496.8460111317255
-2.8,-0.005,34351.00000000002,0.0235137276841724,0.0181949087684609,-503.2158317872604
-2.8,-0.0025,34370.00000000003,0.0235501995046835,0.0185452592580277,-509.5856524427953
-2.8,0.0,34376.00000000002,0.0234942368382751,0.0190637557115477,-535.0649350649351
-2.8,0.0025,34393.00000000003,0.0238876198541695,0.0188040967877447,-528.6951144094
-2.8,0.0049999999999999,34403.00000000002,0.0238380355728857,0.0193228174708234,-541.4347557204701
-2.8,0.0074999999999999,34427.00000000003,0.0239624337591177,0.0195312530990653,-554.1743970315399
-2.8,0.0099999999999999,34450.00000000002,0.0241842108638123,0.0195859273626725,-560.5442176870748
-2.8,0.0124999999999999,34461.00000000003,0.0243216348787234,0.0198089911153362,-569.6969696969699
-2.8,0.015,34497.000000000015,0.0244526866088698,0.0200180123380337,-583.2611832611834
-2.8,0.0175,34491.00000000002,0.0244748263904186,0.0204175140438152,-582.7458256029686
-2.8,0.0199999999999999,34515.000000000015,0.0247175702368258,0.0204538181328802,-589.9402185116471
-2.8,0.0224999999999999,34547.00000000002,0.0248538708586152,0.0206674953103459,-604.3290043290044
-2.8,0.0249999999999999,34584.000000000015,0.0249993299723132,0.02088470987632,-604.3290043290044
-2.8,0.0274999999999999,34619.00000000002,0.0252643458801906,0.0209187235361976,-611.523397237683
-2.8,0.03,34602.000000000015,0.0252896050427752,0.0213182560533785,-633.1065759637188
-2.8,0.0325,34620.00000000002,0.0253170047989458,0.021724126953355,-640.3009688723976
-2.8,0.035,34624.00000000001,0.0255244558239912,0.021837909519702,-646.5677179962893
-2.8,0.0375,34657.00000000002,0.0256763670235759,0.0220577572568525,-661.7810760667902
-2.8,0.04,34655.00000000002,0.0257311121539191,0.0224257206165466,-665.5741084312513
-2.8,0.0425,34688.000000000015,0.0261524992517009,0.0222282923258026,-665.5741084312513
-2.8,0.0449999999999999,34691.00000000002,0.02617126322789,0.0226545588690598,-673.5930735930735
-2.8,0.0474999999999999,34707.000000000015,0.0264712651058086,0.0226665214520589,-681.6120387548958
-2.8,0.0499999999999999,34720.00000000002,0.0263461469253597,0.0233100896298136,-697.6499690785406
-2.8,0.0524999999999999,34746.00000000002,0.0266411454293884,0.0233214919524504,-705.6689342403629
-2.8,0.0549999999999999,34771.000000000015,0.026809657611337,0.0235476122107473,-721.7068645640074
-2.8,0.0574999999999999,34779.00000000002,0.0268267907180742,0.0239846068245122,-729.7258297258297
-2.8,0.06,34799.000000000015,0.0271492565638721,0.0239694265495909,-733.5188620902907
-2.8,0.0625,34797.00000000002,0.0271626136315924,0.0244199073723343,-741.9501133786848
-2.8,0.065,34821.00000000003,0.0274425129016455,0.0244665512958026,-742.8571428571427
-2.8,0.0675,34829.000000000015,0.0276132315340352,0.024691620460453,-760.5442176870747
-2.8,0.07,34856.00000000002,0.0277795932722611,0.0249166900844274,-760.5442176870747
-2.8,0.0725,34874.000000000015,0.0279475576205287,0.0251424594394769,-778.2312925170066
-2.8,0.075,34900.000000000015,0.028118004391501,0.025374029663938,-778.2312925170066
-2.8,0.0774999999999999,34911.00000000002,0.0282913352031816,0.0255989955669933,-795.9183673469387
-2.8,0.0799999999999999,34933.000000000015,0.0283895669335693,0.0259437339417959,-796.0008245722531
-2.8,0.0824999999999999,34940.000000000015,0.0285604982325353,0.026174348285787,-814.5124716553288
-2.8,0.0849999999999999,34957.00000000002,0.0287362250361559,0.0264003523220152,-814.5124716553288
-2.8,0.0875,34975.000000000015,0.0289129733283671,0.0266308288029895,-833.0241187384045
-2.8,0.09,34976.00000000002,0.0289685481819539,0.0270369801077644,-841.1255411255412
-2.8,0.0925,34991.00000000002,0.0291438633542481,0.0272639149337012,-841.1255411255412
-2.8,0.095,35017.000000000015,0.0295146224324178,0.0272290069270629,-850.7936507936508
-2.8,0.0975,35016.000000000015,0.029504705547502,0.0277269794262083,-860.4617604617605
-2.8,0.1,35039.00000000002,0.0298713783858936,0.0276878385493447,-870.1298701298701
-2.7,-0.1,35131.00000000003,0.0201947025299999,0.0120170162536101,-155.04019789734076
-2.7,-0.0975,35126.000000000015,0.0202226594910704,0.0121368550581023,-162.21397649969083
-2.7,-0.095,35157.000000000015,0.020243155769169,0.0122889016731729,-165.86270871985155
-2.7,-0.0925,35170.00000000003,0.0203232656328057,0.0123158312335203,-178.14883529169242
-2.7,-0.09,35184.000000000015,0.0203605540617964,0.0124516544692821,-187.36343022057304
-2.7,-0.0875,35169.000000000015,0.0204116765555183,0.0125543478667517,-193.50649350649348
-2.7,-0.085,35186.00000000003,0.0204691823624439,0.012661896022438,-205.7926200783344
-2.7,-0.0825,35183.000000000015,0.020564684711256,0.0126964455807792,-218.0787466501752
-2.7,-0.08,35214.000000000015,0.0205855140149513,0.012890799009314,-224.22180993609564
-2.7,-0.0775,35233.00000000003,0.0206515215169888,0.0130172702791363,-230.3648732220161
-2.7,-0.075,35235.000000000015,0.0206912401387821,0.013185395072485,-236.89960832817977
-2.7,-0.0725,35253.000000000015,0.0207846399375684,0.0132627070762994,-247.3510616367759
-2.7,-0.07,35259.00000000003,0.0209049253062194,0.0133043786307386,-261.03896103896113
-2.7,-0.0675,35248.000000000015,0.0209467136847028,0.0134983533679904,-264.93506493506504
-2.7,-0.065,35280.00000000003,0.0209866287399848,0.0136985679743594,-276.62337662337666
-2.7,-0.0625,35287.00000000002,0.0210636668819414,0.0138471054111427,-284.4155844155845
-2.7,-0.06,35293.000000000015,0.0211423870571576,0.0139939457747094,-292.2077922077923
-2.7,-0.0575,35302.00000000003,0.0212177454789242,0.0141396017895232,-300.0000000000001
-2.7,-0.055,35326.000000000015,0.0213383618420476,0.0142248365714821,-311.6883116883117
-2.7,-0.0525,35338.00000000003,0.0214194549870315,0.0143818448008637,-319.48051948051955
-2.7,-0.05,35344.00000000002,0.0214823492957644,0.0145794391493556,-331.74603174603175
-2.7,-0.0475,35360.000000000015,0.0215887721663081,0.0147130110312552,-339.8886827458255
-2.7,-0.045,35379.00000000003,0.0216778305993009,0.0148768768247412,-349.3300350443207
-2.7,-0.0425,35415.000000000015,0.0217240524598522,0.0151385701237707,-354.05071119356825
-2.7,-0.04,35401.00000000003,0.0218145140377323,0.0153102395374633,-363.4920634920634
-2.7,-0.0375,35414.00000000002,0.0219174017565688,0.0154826717705844,-372.93341579055857
-2.7,-0.035,35436.000000000015,0.0220656720725913,0.0155599866052795,-387.09544423830135
-2.7,-0.0325,35451.00000000003,0.022163072646734,0.0157387863669762,-396.5367965367964
-2.7,-0.03,35456.000000000015,0.0222106080376357,0.0160142364959692,-401.257472686044
-2.7,-0.0275,35464.00000000003,0.0223743080006613,0.0161002902120256,-410.6369820655534
-2.7,-0.025,35489.000000000015,0.0224116792464926,0.0164202791722404,-415.8936301793445
-2.7,-0.0225,35510.00000000003,0.0227216175489865,0.0162459110205503,-421.43887858173576
-2.7,-0.02,35522.000000000015,0.0227659496059649,0.0165544448423671,-426.984126984127
-2.7,-0.0175,35540.00000000003,0.0228133243067042,0.016861269387116,-443.6198721913008
-2.7,-0.015,35557.00000000002,0.0229305761148159,0.0170503099291957,-454.7103689960833
-2.7,-0.0124999999999999,35563.00000000003,0.022972438526871,0.0173711550076917,-460.25561739847456
-2.7,-0.01,35591.00000000002,0.0231683446172386,0.0174415835282097,-465.8008658008658
-2.7,-0.0075,35600.00000000003,0.0232887844333873,0.0176368822599738,-476.8913626056483
-2.7,-0.005,35609.00000000002,0.0234202380742582,0.0178233388928205,-494.47536590393736
-2.7,-0.0025,35624.00000000003,0.0235487005056517,0.0180252394289508,-494.47536590393736
-2.7,0.0,35653.00000000002,0.0237494283938578,0.0181107517886263,-503.2158317872604
-2.7,0.0025,35679.00000000003,0.0237873721117689,0.0184625378073867,-509.5856524427953
-2.7,0.0049999999999999,35682.00000000002,0.0239177467471607,0.0186651135321926,-522.3252937538653
-2.7,0.0074999999999999,35719.00000000003,0.0239572928108691,0.019026362868374,-528.6951144094003
-2.7,0.0099999999999999,35731.00000000002,0.0240907641089239,0.0192345408197441,-541.4347557204701
-2.7,0.0124999999999999,35766.00000000003,0.0244257669630365,0.0191316981721322,-541.4347557204701
-2.7,0.015,35779.00000000002,0.0244632172000221,0.0194926224825573,-547.804576376005
-2.7,0.0175,35789.00000000003,0.0245961735986167,0.0197186488951367,-556.1327561327563
-2.7,0.0199999999999999,35815.000000000015,0.024633305794311,0.0200951628904148,-576.4790764790766
-2.7,0.0224999999999999,35828.00000000003,0.0248837949924113,0.0201436740569557,-589.9402185116471
-2.7,0.0249999999999999,35824.000000000015,0.0249105017733178,0.0205385345171889,-597.1346114203258
-2.7,0.0274999999999999,35861.00000000003,0.0252933202155703,0.0203885884783946,-597.1346114203258
-2.7,0.03,35880.000000000015,0.0253260972833575,0.0207881485716796,-604.3290043290044
-2.7,0.0325,35898.00000000002,0.0255985227074255,0.02082002146442,-611.523397237683
-2.7,0.035,35898.000000000015,0.025632247568856,0.021217677093936,-618.7177901463615
-2.7,0.0375,35914.00000000002,0.0259124095755212,0.0212491020803186,-625.9121830550403
-2.7,0.04,35942.00000000003,0.0260275114491156,0.0215419969119325,-638.9610389610389
-2.7,0.0425,35958.000000000015,0.0260532658672099,0.021957247887165,-646.5677179962893
-2.7,0.0449999999999999,35975.00000000003,0.0262080042978212,0.0221776099241764,-661.7810760667902
-2.7,0.0474999999999999,35999.000000000015,0.0264137463283923,0.0223385797443296,-673.5930735930735
-2.7,0.0499999999999999,36005.00000000002,0.026577191548867,0.0225547892434088,-673.5930735930735
-2.7,0.0524999999999999,36017.00000000003,0.0267399384480053,0.0227740460579534,-689.6310039167181
-2.7,0.0549999999999999,36052.00000000002,0.0269083045625883,0.0230009682230801,-689.6310039167181
-2.7,0.0574999999999999,36090.00000000003,0.0270769813247222,0.0232245976829283,-705.6689342403629
-2.7,0.06,36110.000000000015,0.0272467978427329,0.0234464215713287,-705.6689342403629
-2.7,0.0625,36123.00000000002,0.0272775346408732,0.0238695151082956,-725.0876108018965
-2.7,0.065,36141.00000000003,0.0276108230205002,0.0238683861954544,-733.5188620902907
-2.7,0.0675,36150.000000000015,0.0276224293840114,0.0243227062430238,-741.9501133786848
-2.7,0.07,36181.00000000002,0.0279310996813988,0.0243678961541952,-742.8571428571427
-2.7,0.0725,36189.000000000015,0.0279331389694777,0.0248297104671354,-769.3877551020407
-2.7,0.075,36204.00000000002,0.0282821258079489,0.0248203243483923,-760.5442176870747
-2.7,0.0774999999999999,36213.00000000002,0.028283487594944,0.0252884065944564,-787.0748299319727
-2.7,0.0799999999999999,36260.000000000015,0.0286420103549425,0.0252765693955426,-778.2312925170066
-2.7,0.0824999999999999,36280.00000000002,0.0288233076814178,0.0255009686928724,-795.9183673469387
-2.7,0.0849999999999999,36308.00000000002,0.0289233707496529,0.0258464733631218,-796.0008245722531
-2.7,0.0875,36311.000000000015,0.0291053226386224,0.0260777956846226,-814.5124716553288
-2.7,0.09,36314.00000000002,0.0290996192947131,0.0265603596604193,-823.7682951968666
-2.7,0.0925,36340.00000000003,0.0294729552458671,0.0265349107702407,-833.0241187384045
-2.7,0.095,36359.000000000015,0.0297279649814684,0.0266757512762423,-831.4574314574315
-2.7,0.0975,36363.000000000015,0.0297146021012825,0.0271693433742694,-841.1255411255412
-2.7,0.1,36390.00000000002,0.0301088550158541,0.0271339811363997,-850.7936507936508
-2.6,-0.1,36340.00000000003,0.0200925067146192,0.0119347352924612,-130.32364460935892
-2.6,-0.0975,36361.00000000002,0.0201533110291518,0.0119741013790613,-134.81756338899197
-2.6,-0.095,36338.000000000015,0.0201558667903974,0.0121412102872375,-152.79323850752422
-2.6,-0.0925,36352.00000000003,0.0202293249117136,0.0121596236360818,-162.21397649969083
-2.6,-0.09,36369.00000000002,0.0202643609710816,0.0122813926208804,-164.87322201607918
-2.6,-0.0875,36412.000000000015,0.0203271980262073,0.0123516427374993,-178.14883529169242
-2.6,-0.085,36412.00000000003,0.0203765414181408,0.0124527967649608,-184.29189857761284
-2.6,-0.0825,36426.000000000015,0.0204532804052321,0.0125177860463394,-187.36343022057304
-2.6,-0.08,36419.000000000015,0.020513264120603,0.0126242963363376,-205.7926200783344
-2.6,-0.0775,36434.00000000003,0.0205725979659318,0.0127379912058036,-205.7926200783344
-2.6,-0.075,36431.000000000015,0.0206610492047675,0.0128102684782097,-227.29334157905583
-2.6,-0.0725,36485.000000000015,0.0206994925377382,0.0129752578412317,-230.3648732220161
-2.6,-0.07,36476.00000000003,0.0207239135890879,0.0131884307789682,-242.6509997938569
-2.6,-0.0675,36491.000000000015,0.0208373214131987,0.0132241892669011,-240.38342609771183
-2.6,-0.065,36512.00000000003,0.0209290561449441,0.0133249728965998,-249.3506493506494
-2.6,-0.0625,36480.00000000002,0.0209718614897447,0.013518717818283,-268.83116883116884
-2.6,-0.06,36515.000000000015,0.0210481080418878,0.0136585877634362,-276.62337662337666
-2.6,-0.0575,36527.00000000003,0.0211241658091676,0.0138033958402154,-284.4155844155845
-2.6,-0.055,36518.00000000002,0.0212030454763425,0.0139509549898548,-292.2077922077923
-2.6,-0.0525,36505.00000000003,0.0213246671751236,0.0140293460816143,-296.1038961038962
-2.6,-0.05,36543.00000000003,0.0214115848097887,0.0141804724252351,-303.896103896104
-2.6,-0.0475,36566.000000000015,0.0215426467382192,0.014264083680395,-307.7922077922079
-2.6,-0.045,36578.00000000003,0.0215242910375697,0.0146156816318866,-327.437641723356
-2.6,-0.0425,36593.000000000015,0.021679735023809,0.0146656194658648,-330.4473304473304
-2.6,-0.04,36605.00000000003,0.0218269189682421,0.0147391744965779,-344.6093588950731
-2.6,-0.0375,36617.00000000003,0.0218746981924987,0.0149971893568323,-349.3300350443207
-2.6,-0.035,36654.000000000015,0.0219795891066351,0.0151641430540597,-368.212739641311
-2.6,-0.0325,36661.00000000003,0.0220820577599069,0.0153367102561539,-368.212739641311
-2.6,-0.03,36674.000000000015,0.022185731146253,0.0155098723502601,-377.65409193980616
-2.6,-0.0275,36693.00000000003,0.0222894135794783,0.015686041310975,-387.09544423830135
-2.6,-0.025,36727.000000000015,0.0223409973289124,0.0159642308216821,-391.8161203875489
-2.6,-0.0225,36731.00000000003,0.0224519557029858,0.0161599773960722,-405.504019789734
-2.6,-0.02,36751.00000000002,0.0225613279924374,0.01634482728614,-415.7699443413729
-2.6,-0.0175,36757.00000000003,0.0227338656712386,0.0164340018777442,-421.4388785817357
-2.6,-0.015,36783.00000000002,0.0228528416205355,0.0166220439491474,-432.5293753865183
-2.6,-0.0124999999999999,36814.00000000003,0.0228927700156603,0.0169370529767639,-438.0746237889096
-2.6,-0.01,36819.00000000002,0.0231726006018392,0.0168810374975053,-438.0746237889096
-2.6,-0.0075,36836.00000000003,0.0232917765666163,0.0170713190649529,-449.16512059369205
-2.6,-0.005,36856.00000000002,0.0233488801437224,0.0173910982388131,-465.8008658008658
-2.6,-0.0025,36865.00000000003,0.0235585724193367,0.0174606074753338,-471.34611420325706
-2.6,0.0,36865.00000000003,0.0235267648461027,0.0179129986236853,-488.5178313749743
-2.6,0.0025,36879.00000000003,0.0236593730857703,0.0181149720724381,-500.4329004329004
-2.6,0.0049999999999999,36894.00000000003,0.0237694367756873,0.0183557807271436,-503.2158317872604
-2.6,0.0074999999999999,36933.00000000003,0.0240039506999809,0.018409298626616,-509.5856524427953
-2.6,0.0099999999999999,36956.00000000002,0.0241406873446301,0.018609998423901,-522.3252937538653
-2.6,0.0124999999999999,36975.00000000003,0.0241848303352511,0.0189685140029839,-528.6951144094003
-2.6,0.015,36988.00000000002,0.0244319367744559,0.0190211431899664,-535.0649350649351
-2.6,0.0175,37022.00000000003,0.0245722281127266,0.0192277594856804,-547.804576376005
-2.6,0.0199999999999999,37046.000000000015,0.0246118177007225,0.0195944740170162,-554.1743970315399
-2.6,0.0224999999999999,37066.00000000003,0.0248713300395468,0.0196485043256801,-560.5442176870748
-2.6,0.0249999999999999,37080.000000000015,0.0250173918573733,0.0198663776759459,-569.6969696969699
-2.6,0.0274999999999999,37097.00000000003,0.025171340683137,0.0200765168411457,-583.2611832611834
-2.6,0.03,37127.000000000015,0.0253218087306067,0.0202935688379371,-589.9402185116471
-2.6,0.0325,37130.00000000003,0.0254728730421271,0.0205091267774393,-604.3290043290044
-2.6,0.035,37136.000000000015,0.0256362333694055,0.0207212560369271,-604.3290043290044
-2.6,0.0375,37167.00000000002,0.0257963864875778,0.0209387558572592,-618.7177901463615
-2.6,0.04,37169.00000000003,0.0258252899927507,0.0213380598656018,-625.9121830550403
-2.6,0.0425,37201.00000000002,0.0261213634709386,0.0213732260177069,-633.1065759637188
-2.6,0.0449999999999999,37191.00000000003,0.0261530465302955,0.0217759521383006,-640.3009688723976
-2.6,0.0474999999999999,37192.000000000015,0.0263904444081441,0.0218936321337756,-646.5677179962893
-2.6,0.0499999999999999,37249.00000000003,0.0265621123091983,0.0221133696239944,-661.7810760667902
-2.6,0.0524999999999999,37286.00000000003,0.0267775099502754,0.0222744550596552,-673.5930735930735
-2.6,0.0549999999999999,37292.000000000015,0.0269533270835388,0.0224870430605404,-673.5930735930735
-2.6,0.0574999999999999,37322.00000000003,0.027123944736735,0.0227092010932874,-689.6310039167181
-2.6,0.06,37341.000000000015,0.0271408963617463,0.0231429517720477,-697.6499690785406
-2.6,0.0625,37362.00000000002,0.0274805751421875,0.0231514098106226,-705.6689342403629
-2.6,0.065,37368.00000000003,0.0275001418517196,0.0235908981821598,-713.6878994021852
-2.6,0.0675,37394.000000000015,0.0278377087597575,0.0236024950422603,-721.7068645640074
-2.6,0.07,37415.00000000003,0.0278705111513307,0.0240206550774087,-725.0876108018965
-2.6,0.0725,37408.000000000015,0.0280496152942888,0.0242444824934649,-741.9501133786848
-2.6,0.075,37431.000000000015,0.0282292922466357,0.0244717591819991,-741.9501133786848
-2.6,0.0774999999999999,37472.00000000003,0.028561701990313,0.0245186081907135,-760.5442176870747
-2.6,0.0799999999999999,37482.000000000015,0.0285652907549065,0.0249798183730617,-769.3877551020407
-2.6,0.0824999999999999,37496.00000000002,0.0287487277713764,0.0252108108946261,-769.3877551020407
-2.6,0.0849999999999999,37545.00000000003,0.0291226328985402,0.0251946499406789,-778.2312925170066
-2.6,0.0875,37570.000000000015,0.0291233499238794,0.0256622632423905,-787.0748299319727
-2.6,0.09,37577.00000000002,0.0295037798967783,0.0256503410175818,-795.9183673469387
-2.6,0.0925,37586.00000000003,0.0296100757283913,0.0259968143715969,-814.5124716553288
-2.6,0.095,37600.000000000015,0.0298044672786545,0.0262251664140263,-814.5124716553288
-2.6,0.0975,37611.00000000002,0.0297991537968087,0.0267110224410124,-823.7682951968666
-2.6,0.1,37649.00000000003,0.0302687713870369,0.0265888277956352,-831.4574314574315
-2.5,-0.1,37630.00000000003,0.0200328794946364,0.0118075799873805,-112.34796949082664
-2.5,-0.0975,37640.000000000015,0.0201030973917044,0.0118061865433605,-112.34796949082664
-2.5,-0.095,37648.000000000015,0.0201800665440371,0.0118017855055037,-130.3236446093589
-2.5,-0.0925,37674.00000000003,0.0202225976858917,0.0118730602212807,-139.31148216862505
-2.5,-0.09,37680.000000000015,0.0202363496186977,0.0120057966396743,-141.55844155844156
-2.5,-0.0875,37674.000000000015,0.020273557865027,0.0121122647828616,-148.29931972789117
-2.5,-0.085,37674.00000000003,0.0203424905217375,0.0121659489604633,-162.21397649969083
-2.5,-0.0825,37685.000000000015,0.0203992046978285,0.0122550998952254,-172.005772005772
-2.5,-0.08,37704.000000000015,0.0204154632840488,0.0124216355417252,-184.29189857761284
-2.5,-0.0775,37728.00000000003,0.0204957344209851,0.0124844196601747,-193.50649350649348
-2.5,-0.075,37727.000000000015,0.020559584837269,0.0125891084158778,-193.50649350649348
-2.5,-0.0725,37737.000000000015,0.0206225910516049,0.0127028491410972,-218.0787466501752
-2.5,-0.07,37738.00000000003,0.0206923547540305,0.0128123790857918,-211.9356833642548
-2.5,-0.0675,37764.000000000015,0.0207562073947952,0.0129336253545591,-230.3648732220161
-2.5,-0.065,37779.00000000003,0.020829504902459,0.0130537478031577,-230.3648732220161
-2.5,-0.0625,37793.00000000003,0.0208752566191794,0.0132283994706341,-243.86724386724387
-2.5,-0.06,37786.000000000015,0.020963146529326,0.0133359457309268,-253.2467532467533
-2.5,-0.0575,37792.00000000003,0.0210771918570585,0.0134085881973197,-257.1428571428572
-2.5,-0.055,37780.000000000015,0.0211596933898837,0.0135458202927821,-264.93506493506504
-2.5,-0.0525,37822.00000000003,0.0212800560632232,0.0136203144355116,-276.62337662337666
-2.5,-0.05,37814.00000000003,0.0212923229174091,0.0138935114044507,-292.2077922077923
-2.5,-0.0475,37814.000000000015,0.0213451172257506,0.0141078930910866,-296.1038961038962
-2.5,-0.045,37830.00000000003,0.0215106430442256,0.0141224703887465,-303.896103896104
-2.5,-0.0425,37849.00000000002,0.0216035440776716,0.0142797934369452,-311.6883116883117
-2.5,-0.04,37847.00000000003,0.0217263781050712,0.0144024241602928,-318.8208616780045
-2.5,-0.0375,37843.00000000003,0.0217702415884479,0.0146397786032702,-340.36281179138325
-2.5,-0.035,37894.000000000015,0.0218929190016136,0.014769916272199,-339.8886827458255
-2.5,-0.0325,37908.00000000003,0.0219925176232355,0.0149348351784798,-349.3300350443207
-2.5,-0.03,37929.000000000015,0.0221016456485386,0.0151028947168474,-358.77138734281584
-2.5,-0.0275,37950.00000000003,0.0221526014694653,0.0153669746043355,-363.4920634920634
-2.5,-0.025,37978.00000000002,0.0223220207036702,0.0154448220398328,-377.65409193980616
-2.5,-0.0225,37987.00000000003,0.0224332277134175,0.0156186863177072,-387.09544423830135
-2.5,-0.02,38045.00000000002,0.0225460771459187,0.0157974286304715,-387.09544423830135
-2.5,-0.0175,38029.00000000003,0.022668719597528,0.0159802589340188,-396.5367965367964
-2.5,-0.015,38050.00000000002,0.0227859385125219,0.0161650825568358,-410.6369820655534
-2.5,-0.0124999999999999,38068.00000000003,0.0228979275128575,0.0163637967741835,-421.4388785817357
-2.5,-0.01,38075.00000000002,0.0229508660457094,0.0166709718352394,-426.984126984127
-2.5,-0.0075,38115.00000000003,0.0230772508417609,0.0168639137297763,-438.0746237889096
-2.5,-0.005,38121.00000000002,0.0232845947154846,0.016930153264168,-443.6198721913008
-2.5,-0.0025,38133.00000000003,0.0233375007793339,0.017245238773975,-460.25561739847456
-2.5,0.0,38139.00000000003,0.0236412622233967,0.0171871456575042,-460.25561739847456
-2.5,0.0025,38157.00000000003,0.0236924280572874,0.0175081293210495,-465.8008658008658
-2.5,0.0049999999999999,38167.00000000003,0.023746901094312,0.0178346026526851,-482.4366110080396
-2.5,0.0074999999999999,38199.00000000003,0.0238871026539202,0.0180325713162538,-488.5178313749743
-2.5,0.0099999999999999,38215.00000000002,0.0240988372894723,0.0181275546591975,-496.8460111317255
-2.5,0.0124999999999999,38217.00000000003,0.0242406062646524,0.0183249840511014,-509.5856524427953
-2.5,0.015,38246.00000000002,0.0243908951588842,0.018526672228734,-522.3252937538653
-2.5,0.0175,38259.00000000003,0.0245376410196104,0.0187314703132504,-522.3252937538653
-2.5,0.0199999999999999,38277.00000000002,0.0246903013971873,0.0189366883457064,-535.0649350649351
-2.5,0.0224999999999999,38305.00000000003,0.0248401085414194,0.0191452321637718,-547.804576376005
-2.5,0.0249999999999999,38309.00000000002,0.0248782389893322,0.019507110656833,-554.1743970315399
-2.5,0.0274999999999999,38333.00000000003,0.0251502333410552,0.0195618264696833,-560.5442176870748
-2.5,0.03,38355.000000000015,0.0253010096217822,0.0197873744650943,-569.6969696969699
-2.5,0.0325,38395.00000000003,0.0253424883117651,0.0201616166250733,-576.4790764790766
-2.5,0.035,38423.000000000015,0.0254956790035635,0.0203894825207856,-582.7458256029686
-2.5,0.0375,38432.00000000002,0.0256557413969896,0.0206053931007643,-597.1346114203258
-2.5,0.04,38467.00000000003,0.0259586696841112,0.0206374774356051,-604.3290043290044
-2.5,0.0425,38500.000000000015,0.0259924964173441,0.0210360479419361,-611.523397237683
-2.5,0.0449999999999999,38484.00000000003,0.0262991170312053,0.0210656641270558,-618.7177901463615
-2.5,0.0474999999999999,38516.000000000015,0.0264775898070839,0.0212856960703825,-633.1065759637188
-2.5,0.0499999999999999,38508.00000000003,0.0265126920663017,0.0216907920976387,-640.3009688723976
-2.5,0.0524999999999999,38537.00000000003,0.0267592279425823,0.0218048150284601,-646.5677179962893
-2.5,0.0549999999999999,38563.000000000015,0.0269442168281531,0.0220249710804392,-661.7810760667902
-2.5,0.0574999999999999,38588.00000000003,0.0270089144717947,0.0223929287331915,-665.5741084312513
-2.5,0.06,38631.000000000015,0.0273539347726182,0.0224008413436183,-673.5930735930735
-2.5,0.0625,38621.00000000002,0.0273751207362812,0.0228286831558095,-681.6120387548958
-2.5,0.065,38652.00000000003,0.0275555419953289,0.0230559796151322,-697.6499690785406
-2.5,0.0675,38670.00000000002,0.0277370730580324,0.0232773316419948,-697.6499690785406
-2.5,0.07,38694.00000000003,0.0279270003927484,0.0235036386113122,-713.6878994021852
-2.5,0.0725,38714.000000000015,0.0282785936093784,0.0235121199755718,-721.7068645640074
-2.5,0.075,38716.00000000002,0.0283115844126069,0.0239311985171735,-725.0876108018965
-2.5,0.0774999999999999,38736.00000000003,0.0285034709974858,0.0241587309627794,-741.9501133786848
-2.5,0.0799999999999999,38760.000000000015,0.0286952345833504,0.0243832104814741,-741.9501133786848
-2.5,0.0824999999999999,38775.00000000002,0.0288443433000098,0.0246649722494378,-751.7006802721087
-2.5,0.0849999999999999,38817.00000000003,0.0292458160193762,0.0246507330661296,-760.5442176870747
-2.5,0.0875,38831.000000000015,0.0292500394370116,0.025115601487808,-769.3877551020407
-2.5,0.09,38846.00000000002,0.0296372075968229,0.0251016704885583,-778.2312925170066
-2.5,0.0925,38859.00000000003,0.029643682572903,0.0255699494351274,-787.0748299319727
-2.5,0.095,38894.000000000015,0.0300475852861731,0.0255564007803227,-795.9183673469387
-2.5,0.0975,38897.00000000002,0.0299458944489281,0.0261528996125241,-805.256648113791
-2.5,0.1,38906.00000000003,0.0303600303543063,0.0261288189803922,-814.5124716553288
-2.4,-0.1,38903.00000000003,0.0200280608046625,0.0115898194032174,-85.38445681302824
-2.4,-0.0975,38882.000000000015,0.0200619346989724,0.0116424185727863,-94.37229437229436
-2.4,-0.095,38911.000000000015,0.0200951814772246,0.0117005859750019,-103.36013193156052
-2.4,-0.0925,38922.00000000003,0.0201337586119144,0.0117677184429615,-116.84188827045968
-2.4,-0.09,38912.00000000002,0.020167070272594,0.0118546537217589,-132.57060399917543
-2.4,-0.0875,38911.000000000015,0.0202309462123149,0.0118868150313937,-137.0645227788085
-2.4,-0.085,38936.00000000003,0.0202599423250416,0.0120029782549776,-150.5462791177077
-2.4,-0.0825,38960.00000000003,0.0203287949979589,0.0120422705960966,-155.04019789734076
-2.4,-0.08,38954.000000000015,0.0203556911739059,0.0121722900436454,-156.8954854669141
-2.4,-0.0775,38960.00000000003,0.0203907533220727,0.0123044546476938,-168.93424036281178
-2.4,-0.075,38960.000000000015,0.0204823425665334,0.0123320060637674,-181.22036693465265
-2.4,-0.0725,38964.000000000015,0.0205461543125348,0.0124330642857606,-181.22036693465265
-2.4,-0.07,38966.00000000003,0.020609550736856,0.0125349545318478,-199.6495567924139
-2.4,-0.0675,38988.000000000015,0.0206537254501367,0.0126867597441933,-202.72108843537416
-2.4,-0.065,39005.00000000003,0.0207692521789169,0.0127167594803844,-221.1502782931354
-2.4,-0.0625,38992.00000000003,0.0208382791465493,0.012830388778438,-221.1502782931354
-2.4,-0.06,39030.000000000015,0.0208627638606094,0.0130420213572733,-233.43640486497628
-2.4,-0.0575,39066.00000000003,0.0209093603794216,0.0132219891548252,-240.3834260977118
-2.4,-0.055,39067.000000000015,0.0210139522711207,0.0133004760388089,-250.834879406308
-2.4,-0.0525,39067.00000000003,0.0210773265652083,0.0134685644714743,-257.1428571428572
-2.4,-0.05,39063.00000000003,0.021194791284284,0.0135445282848336,-268.83116883116884
-2.4,-0.0475,39085.000000000015,0.0212842271573337,0.0136826483287523,-276.62337662337666
-2.4,-0.045,39067.00000000003,0.0213697789375022,0.0138279041912791,-284.4155844155845
-2.4,-0.0425,39072.00000000002,0.0215035402156661,0.0139068968090417,-288.3116883116884
-2.4,-0.04,39094.00000000003,0.0215618424860737,0.0141237508281982,-307.7922077922078
-2.4,-0.0375,39107.00000000003,0.0216580405800017,0.0142802120888483,-315.58441558441564
-2.4,-0.035,39124.000000000015,0.0217232767706148,0.0144856148343149,-318.8208616780045
-2.4,-0.0325,39138.00000000003,0.0218298217189375,0.0146482644971604,-327.437641723356
-2.4,-0.03,39130.000000000015,0.0219466742152657,0.0147891242136257,-335.168006596578
-2.4,-0.0275,39165.00000000003,0.0221698952660504,0.0147712576964807,-344.6093588950731
-2.4,-0.025,39185.000000000015,0.0221628104108273,0.0151215947599371,-354.05071119356825
-2.4,-0.0225,39223.00000000003,0.0222783831120404,0.0152956830451645,-363.4920634920634
-2.4,-0.02,39237.00000000002,0.0223949265671345,0.0154697697386003,-372.93341579055857
-2.4,-0.0175,39246.00000000003,0.0225107153910963,0.015644244618237,-382.37476808905376
-2.4,-0.015,39253.00000000002,0.0226933586168405,0.0157251580646023,-396.5367965367964
-2.4,-0.0124999999999999,39294.00000000003,0.0228873340102399,0.0158040456933394,-401.257472686044
-2.4,-0.01,39325.00000000002,0.0227968349236136,0.0163099068517173,-410.6369820655535
-2.4,-0.0075,39327.00000000003,0.023066711051216,0.0162878035542218,-410.34838177695326
-2.4,-0.005,39344.00000000002,0.0231954398996182,0.0164761534264083,-432.5293753865183
-2.4,-0.0025,39310.00000000003,0.0233251630664216,0.0166618251294593,-432.5293753865183
-2.4,0.0,39355.00000000003,0.0235465222491459,0.0167301253139985,-438.0746237889096
-2.4,0.0025,39366.00000000003,0.0236031928194716,0.0170416573082088,-443.6198721913008
-2.4,0.0049999999999999,39401.00000000003,0.0236522416672564,0.0173634349982369,-460.25561739847456
-2.4,0.0074999999999999,39415.00000000003,0.0238870645124327,0.0174337927045398,-465.8008658008658
-2.4,0.0099999999999999,39420.00000000002,0.0239365658241323,0.0177558598733389,-482.4366110080396
-2.4,0.0124999999999999,39459.00000000003,0.0240854098205882,0.0179529423284183,-488.5178313749743
-2.4,0.015,39454.00000000002,0.0243375789142568,0.0180131191208241,-494.47536590393736
-2.4,0.0175,39466.00000000003,0.0243611676416834,0.0183967006401557,-503.2158317872604
-2.4,0.0199999999999999,39486.00000000002,0.0246214747965697,0.0184497311738579,-509.5856524427953
-2.4,0.0224999999999999,39511.00000000003,0.0247813674057245,0.0186469962891874,-522.3252937538653
-2.4,0.0249999999999999,39545.00000000002,0.0248301142097494,0.0190057126636095,-528.6951144094003
-2.4,0.0274999999999999,39573.00000000003,0.0249952149094733,0.0192141301045587,-541.4347557204701
-2.4,0.03,39593.000000000015,0.0252712124354299,0.0192686299190498,-547.804576376005
-2.4,0.0325,39599.00000000003,0.0253189499151748,0.0196362304134301,-554.1743970315399
-2.4,0.035,39632.000000000015,0.0255962196935778,0.0197030740586867,-569.6969696969699
-2.4,0.0375,39675.00000000003,0.0256416632204332,0.0200780450472087,-576.4790764790766
-2.4,0.04,39689.00000000003,0.0257988433041257,0.0203048406933474,-582.7458256029686
-2.4,0.0425,39691.000000000015,0.0259710692387831,0.0205185105403116,-597.1346114203258
-2.4,0.0449999999999999,39703.00000000003,0.0261480171983211,0.0207368837259015,-597.1346114203258
-2.4,0.0474999999999999,39742.000000000015,0.0263235126814195,0.0209496944851373,-611.523397237683
-2.4,0.0499999999999999,39775.00000000003,0.0266453399115933,0.0209813391206682,-618.7177901463615
-2.4,0.0524999999999999,39782.00000000003,0.0266810424813554,0.0213833404495447,-625.9121830550403
-2.4,0.0549999999999999,39800.00000000002,0.0268642996797637,0.021602632438763,-640.3009688723976
-2.4,0.0574999999999999,39828.00000000003,0.0271306009941175,0.0217156606274676,-646.5677179962893
-2.4,0.06,39847.000000000015,0.0271566047759431,0.0221353037570077,-654.1743970315397
-2.4,0.0625,39875.00000000003,0.0275067631137057,0.0221559630539148,-661.7810760667902
-2.4,0.065,39903.00000000004,0.0277526954667249,0.0223135956374734,-673.5930735930735
-2.4,0.0675,39910.000000000015,0.0277706337911025,0.0227372377264588,-681.6120387548958
-2.4,0.07,39935.00000000003,0.0281336042461552,0.0227451147389637,-689.6310039167181
-2.4,0.0725,39976.000000000015,0.0281591376990927,0.0231817902314035,-697.6499690785406
-2.4,0.075,39984.00000000002,0.0285371761741121,0.0231910817954121,-705.6689342403629
-2.4,0.0774999999999999,40010.00000000004,0.0285582334650035,0.0236305844197691,-713.6878994021852
-2.4,0.0799999999999999,40029.000000000015,0.0287701057809346,0.0238358467852933,-725.0876108018965
-2.4,0.0824999999999999,40069.00000000002,0.0289760980854504,0.0240615225157334,-725.0876108018965
-2.4,0.0849999999999999,40060.00000000004,0.0291733194707739,0.0242874799265188,-741.9501133786848
-2.4,0.0875,40070.000000000015,0.0293278190269547,0.0245734605514458,-751.7006802721087
-2.4,0.09,40130.00000000002,0.0297468468757777,0.0245617511518244,-760.5442176870747
-2.4,0.0925,40141.00000000003,0.0297492381058789,0.0250228435492257,-769.3877551020407
-2.4,0.095,40167.000000000015,0.0301603926576529,0.0250077027910093,-778.2312925170066
-2.4,0.0975,40168.00000000002,0.0301642806056717,0.0254775906522105,-787.0748299319727
-2.4,0.1,40199.00000000003,0.0303747921390396,0.0257087835303724,-787.0748299319727
-2.3,-0.1,40165.00000000003,0.0199852913971252,0.0114866925435269,-62.585034013605465
-2.3,-0.0975,40173.00000000003,0.0199997365586793,0.0115429827847696,-73.38693052978766
-2.3,-0.095,40201.000000000015,0.0200332679994803,0.0115894130401378,-84.39497010925582
-2.3,-0.0925,40227.00000000003,0.0200786606305987,0.0116232519404835,-89.87837559266131
-2.3,-0.09,40236.00000000002,0.0201134703016214,0.0116771023878217,-98.86621315192744
-2.3,-0.0875,40242.000000000015,0.0201539104699907,0.0117402422119466,-107.8540507111936
-2.3,-0.085,40221.00000000003,0.0201871740167357,0.0118240622504571,-119.08884766027624
-2.3,-0.0825,40239.00000000002,0.0202420342976343,0.0118757126053744,-125.82972582972585
-2.3,-0.08,40238.000000000015,0.0202788017070423,0.0119714589124773,-137.06452277880848
-2.3,-0.0775,40226.00000000003,0.0203439458602706,0.0120319776272534,-143.8054009482581
-2.3,-0.075,40253.00000000002,0.0203870766488256,0.012136483126949,-156.8954854669141
-2.3,-0.0725,40264.000000000015,0.0204401647906859,0.0122261352576472,-172.85095856524433
-2.3,-0.07,40289.00000000003,0.0205215229006612,0.0122923079363418,-175.07730364873223
-2.3,-0.0675,40274.00000000002,0.0205824223604693,0.0123938847719718,-187.36343022057304
-2.3,-0.065,40280.00000000003,0.0206491826619797,0.0124955226267247,-193.50649350649348
-2.3,-0.0625,40294.00000000003,0.0207202287665721,0.0126000288046013,-205.7926200783344
-2.3,-0.06,40277.000000000015,0.0207689401345634,0.0127514971537596,-208.86415172129452
-2.3,-0.0575,40316.00000000003,0.0208944417817393,0.0127836158592492,-227.29334157905583
-2.3,-0.055,40314.00000000002,0.0209733951572893,0.012899769888871,-227.29334157905583
-2.3,-0.0525,40340.00000000003,0.0210271291427432,0.0130660050692832,-240.38342609771183
-2.3,-0.05,40327.00000000003,0.0211071896638703,0.0131941721080227,-247.3510616367759
-2.3,-0.0475,40356.000000000015,0.0211822577861373,0.0133526174075564,-253.2467532467533
-2.3,-0.045,40355.00000000003,0.0212673249307604,0.0134879525494233,-268.83116883116884
-2.3,-0.0425,40361.00000000002,0.0213192045777294,0.013689590117889,-272.72727272727275
-2.3,-0.04,40361.00000000003,0.0214551110692907,0.0137673287826237,-276.62337662337666
-2.3,-0.0375,40386.00000000003,0.0215922906092591,0.0138474189849937,-288.3116883116884
-2.3,-0.035,40396.000000000015,0.0216473842822652,0.0140620679594464,-300.0000000000001
-2.3,-0.0325,40414.00000000003,0.021751819752299,0.014216238251868,-307.7922077922078
-2.3,-0.03,40453.000000000015,0.0218097839563465,0.0144419777104055,-319.48051948051955
-2.3,-0.0275,40460.00000000003,0.0219324692211025,0.0145833246697918,-327.437641723356
-2.3,-0.025,40459.00000000002,0.022056087567703,0.0147236626016636,-335.168006596578
-2.3,-0.0225,40474.00000000003,0.0222328322945885,0.0147992683749425,-339.8886827458255
-2.3,-0.02,40500.00000000002,0.0222890679183539,0.015057209276972,-354.05071119356825
-2.3,-0.0175,40526.00000000003,0.0224714550578968,0.01513382180059,-358.77138734281584
-2.3,-0.015,40527.00000000002,0.0225935132780213,0.0153085025591497,-368.212739641311
-2.3,-0.0124999999999999,40549.00000000003,0.0226500076787985,0.0155727882814206,-382.37476808905376
-2.3,-0.01,40568.00000000003,0.0227805264101619,0.0157521392326615,-391.8161203875489
-2.3,-0.0075,40569.00000000003,0.0229758018778006,0.0158343040640791,-396.5367965367964
-2.3,-0.005,40603.00000000003,0.0230286266888439,0.0161279505093855,-405.504019789734
-2.3,-0.0025,40611.00000000003,0.023320445868486,0.0160921173310163,-415.7699443413728
-2.3,0.0,40630.00000000003,0.0233655964192739,0.0164049364816096,-421.4388785817357
-2.3,0.0025,40617.00000000003,0.0235179022148293,0.0165938109170927,-432.5293753865183
-2.3,0.0049999999999999,40653.00000000003,0.0235671385280796,0.0169067491013239,-438.0746237889096
-2.3,0.0074999999999999,40656.00000000003,0.0237979410592711,0.0169720394129561,-443.6198721913008
-2.3,0.0099999999999999,40704.00000000003,0.0238594070522006,0.0172920176686536,-460.25561739847456
-2.3,0.0124999999999999,40697.00000000003,0.0240045502443839,0.0174883800164703,-471.34611420325706
-2.3,0.015,40735.00000000002,0.0242542012328617,0.0175564770750194,-476.8913626056483
-2.3,0.0175,40729.00000000003,0.0244184212042297,0.017744424823844,-482.5602968460111
-2.3,0.0199999999999999,40760.00000000002,0.02457977129249,0.0179419799522671,-494.47536590393736
-2.3,0.0224999999999999,40779.00000000003,0.024603414873102,0.0183247820770089,-503.2158317872604
-2.3,0.0249999999999999,40819.00000000002,0.0248758135780011,0.0183757215002953,-509.5856524427953
-2.3,0.0274999999999999,40833.00000000003,0.0249229917834262,0.0187285127542514,-515.9554730983302
-2.3,0.03,40859.000000000015,0.0250899012746226,0.0189353173520821,-528.6951144094003
-2.3,0.0325,40879.00000000003,0.0253840350161122,0.0189839501894818,-535.0649350649351
-2.3,0.035,40881.000000000015,0.0255495274511645,0.0191938895213216,-547.804576376005
-2.3,0.0375,40902.00000000003,0.0255975091256694,0.0195594392636882,-554.1743970315399
-2.3,0.04,40916.00000000003,0.0258916253904112,0.0196264194969301,-569.6969696969699
-2.3,0.0425,40972.00000000002,0.0259371264631914,0.0199990465899807,-576.4790764790766
-2.3,0.0449999999999999,41007.00000000003,0.0262574849238531,0.0200417211244149,-583.2611832611834
-2.3,0.0474999999999999,40988.000000000015,0.0264356863278399,0.0202580125146548,-589.9402185116471
-2.3,0.0499999999999999,40998.00000000003,0.0264713484675514,0.0206552200105587,-597.1346114203258
-2.3,0.0524999999999999,41052.00000000004,0.0266514855375251,0.0208723363514691,-611.523397237683
-2.3,0.0549999999999999,41066.00000000002,0.0268413429907776,0.0210826435426501,-611.523397237683
-2.3,0.0574999999999999,41092.00000000004,0.0270287157850682,0.0213027533500283,-625.9121830550403
-2.3,0.06,41127.000000000015,0.0273793442610506,0.021335680147215,-633.1065759637188
-2.3,0.0625,41139.00000000003,0.0275026149038812,0.0216388336406374,-646.5677179962893
-2.3,0.065,41176.00000000004,0.0276914780275317,0.0218564455797709,-646.5677179962893
-2.3,0.0675,41200.00000000002,0.0278972933643865,0.0220760048686536,-661.7810760667902
-2.3,0.07,41221.00000000003,0.0279718042603417,0.0224399977251037,-665.5741084312513
-2.3,0.0725,41238.000000000015,0.0281757347746503,0.0226556239105691,-681.6120387548958
-2.3,0.075,41248.00000000002,0.0283771519760372,0.0228760675634925,-681.6120387548958
-2.3,0.0774999999999999,41304.00000000004,0.0285784094675399,0.0231022065627169,-697.6499690785406
-2.3,0.0799999999999999,41314.000000000015,0.0287856169882942,0.0233264632197755,-697.6499690785406
-2.3,0.0824999999999999,41345.00000000002,0.0289947905413176,0.0235513462677042,-713.6878994021852
-2.3,0.0849999999999999,41390.00000000004,0.029216329836465,0.0237587231462338,-725.0876108018965
-2.3,0.0875,41396.000000000015,0.0294302472799095,0.0239795167841416,-725.0876108018965
-2.3,0.09,41398.00000000003,0.0296395185543221,0.0242045625821714,-741.9501133786848
-2.3,0.0925,41422.00000000004,0.0298501874290051,0.0244299391652334,-741.9501133786848
-2.3,0.095,41440.000000000015,0.0300198885577602,0.0247121226221409,-751.7006802721087
-2.3,0.0975,41475.00000000002,0.0302391821644939,0.0249383805183438,-769.3877551020407
-2.3,0.1,41503.00000000004,0.0304577444219705,0.025167303751717,-769.3877551020407
-2.2,-0.1,41363.00000000003,0.0199291469474451,0.0114265160350735,-42.671614100185536
-2.2,-0.0975,41377.00000000002,0.0199523599575827,0.0114584391414809,-51.20593692022264
-2.2,-0.095,41387.000000000015,0.0199994542710219,0.0114562416669533,-65.42980828695117
-2.2,-0.0925,41396.00000000003,0.0200102748176418,0.0115226078303436,-71.55225726654297
-2.2,-0.09,41389.00000000002,0.0200389917702166,0.0115788759530484,-91.73366316223456
-2.2,-0.0875,41399.000000000015,0.0200551020539753,0.0116699257870691,-94.37229437229436
-2.2,-0.085,41440.00000000003,0.0201182402447834,0.0116810451404698,-96.6192537621109
-2.2,-0.0825,41430.00000000002,0.0201309158630639,0.0117926547225563,-112.34796949082664
-2.2,-0.08,41433.000000000015,0.0201748778082074,0.011862699724838,-121.33580705009275
-2.2,-0.0775,41466.00000000003,0.0202218400756294,0.0119327524061754,-130.3236446093589
-2.2,-0.075,41454.00000000002,0.0202653350149261,0.0120145111499696,-139.31148216862502
-2.2,-0.0725,41476.000000000015,0.0203973161902,0.01196932409578,-152.79323850752422
-2.2,-0.07,41468.00000000003,0.0204163776682202,0.0121140930615655,-162.21397649969083
-2.2,-0.0675,41491.00000000002,0.0204880790293854,0.0121798791815203,-164.8732220160792
-2.2,-0.065,41522.00000000003,0.0205553873684241,0.012267890690159,-175.07730364873223
-2.2,-0.0625,41508.00000000003,0.0205753018063924,0.012439506010691,-187.36343022057304
-2.2,-0.06,41506.000000000015,0.0206883143100702,0.0124702811030973,-193.50649350649348
-2.2,-0.0575,41524.00000000003,0.0207154657378961,0.012652425367101,-205.79262007833432
-2.2,-0.055,41528.00000000002,0.0208420299275133,0.0126821489992583,-211.9356833642548
-2.2,-0.0525,41547.00000000003,0.020951104888406,0.0127562414663634,-215.00721500721497
-2.2,-0.05,41544.00000000003,0.0210303771427811,0.0128718159204172,-233.43640486497628
-2.2,-0.0475,41588.000000000015,0.0210628519787065,0.013081281839204,-233.43640486497628
-2.2,-0.045,41610.00000000003,0.0211770549910883,0.013162376962283,-247.3510616367759
-2.2,-0.0425,41605.00000000002,0.0212518894262774,0.0133157809795058,-253.2467532467533
-2.2,-0.04,41627.00000000003,0.0213439048940722,0.0134520904653576,-261.03896103896113
-2.2,-0.0375,41620.00000000003,0.0214410889042908,0.0135885238744457,-268.83116883116884
-2.2,-0.035,41638.000000000015,0.0215405812269342,0.0137278645434485,-284.4155844155845
-2.2,-0.0325,41641.00000000003,0.0216386347642756,0.0138735800823666,-292.2077922077923
-2.2,-0.03,41631.000000000015,0.0217001679323622,0.0140869824412868,-296.1038961038962
-2.2,-0.0275,41658.00000000003,0.0218537336893146,0.0141698940612906,-307.7922077922078
-2.2,-0.025,41669.00000000002,0.0220116427272105,0.0142556077496671,-311.6883116883117
-2.2,-0.0225,41710.00000000003,0.0220972591886623,0.0144561538642968,-323.12925170068024
-2.2,-0.02,41731.00000000002,0.0221777306879533,0.0146760624420374,-335.168006596578
-2.2,-0.0175,41720.00000000003,0.0223553933871872,0.0147484222687142,-339.8886827458255
-2.2,-0.015,41740.00000000002,0.0224179594303507,0.0150069949096789,-354.05071119356825
-2.2,-0.0124999999999999,41770.00000000003,0.0225337044431681,0.0151734997219802,-363.4920634920634
-2.2,-0.01,41772.00000000003,0.0226648372035551,0.0153456306618579,-372.93341579055857
-2.2,-0.0075,41810.00000000003,0.0227960503356423,0.015519169142379,-372.93341579055857
-2.2,-0.005,41823.00000000003,0.0229299521264846,0.0156951296531977,-382.37476808905376
-2.2,-0.0025,41837.00000000003,0.0230677126592598,0.0158741608648666,-401.257472686044
-2.2,0.0,41838.00000000003,0.0232716904179108,0.0159612851488387,-400.3710575139146
-2.2,0.0025,41884.00000000003,0.0233375440511773,0.0162497313476858,-415.7699443413729
-2.2,0.0049999999999999,41889.00000000003,0.0235555957965675,0.0163409867502927,-421.4388785817357
-2.2,0.0074999999999999,41897.00000000003,0.0236103380489642,0.0166483187952501,-426.984126984127
-2.2,0.0099999999999999,41901.00000000003,0.0236560444242296,0.0169606285502556,-443.6198721913008
-2.2,0.0124999999999999,41930.00000000003,0.0239007973846521,0.0170279040123476,-449.16512059369205
-2.2,0.015,41945.00000000002,0.024153908831165,0.0170936231781358,-454.7103689960833
-2.2,0.0175,41963.00000000003,0.0243147396706048,0.0172879815060892,-465.8008658008658
-2.2,0.0199999999999999,41976.00000000002,0.0243702537613692,0.0176087864206216,-471.34611420325706
-2.2,0.0224999999999999,42010.00000000003,0.0246425369906294,0.0176678230162499,-482.5602968460111
-2.2,0.0249999999999999,42017.00000000002,0.024696795738892,0.0180038352170399,-488.5178313749743
-2.2,0.0274999999999999,42031.00000000003,0.0249527514631128,0.0180942458323351,-496.8460111317255
-2.2,0.03,42093.00000000002,0.0251202020449207,0.018293334608701,-509.5856524427953
-2.2,0.0325,42072.00000000003,0.0251704013932136,0.0186466288307151,-515.9554730983302
-2.2,0.035,42107.000000000015,0.0253450955475699,0.0188503930476119,-528.6951144094003
-2.2,0.0375,42133.00000000003,0.0256545948845869,0.0189027337392793,-535.0649350649351
-2.2,0.04,42159.00000000003,0.025704391263396,0.019266246774024,-541.4347557204701
-2.2,0.0425,42176.00000000002,0.0258826888003567,0.0194732216476129,-554.1743970315399
-2.2,0.0449999999999999,42204.00000000003,0.0260476127110971,0.0197082524717499,-562.9148629148631
-2.2,0.0474999999999999,42249.000000000015,0.0263804749556383,0.0197509523197176,-569.6969696969699
-2.2,0.0499999999999999,42269.00000000003,0.0264269118626522,0.0201240284003877,-576.4790764790766
-2.2,0.0524999999999999,42285.00000000004,0.0267599869647071,0.0201736128218292,-589.9402185116471
-2.2,0.0549999999999999,42300.00000000002,0.0267955078969415,0.0205679212604701,-597.1346114203258
-2.2,0.0574999999999999,42341.00000000004,0.0271443306688401,0.0205971061415582,-604.3290043290044
-2.2,0.06,42353.000000000015,0.0271858768034698,0.0209936890756388,-611.523397237683
-2.2,0.0625,42377.00000000003,0.0273843120888051,0.0212090691451655,-625.9121830550403
-2.2,0.065,42409.00000000004,0.0277507561892958,0.0212411304104808,-633.1065759637188
-2.2,0.0675,42411.00000000002,0.0277061396058583,0.0217397927608193,-638.9610389610389
-2.2,0.07,42455.00000000003,0.0280820052202492,0.0217601665488211,-646.5677179962893
-2.2,0.0725,42483.000000000015,0.0282949339725334,0.0219778447553049,-661.7810760667902
-2.2,0.075,42494.00000000002,0.0283678821382235,0.0223438470046438,-665.5741084312513
-2.2,0.0774999999999999,42521.00000000004,0.0285806938873908,0.0225601956967569,-681.6120387548958
-2.2,0.0799999999999999,42549.000000000015,0.028796691806041,0.0227781041184424,-681.6120387548958
-2.2,0.0824999999999999,42559.00000000002,0.0290084256696585,0.0230030144088575,-697.6499690785406
-2.2,0.0849999999999999,42582.00000000004,0.0292224818239315,0.0232242681162631,-697.6499690785406
-2.2,0.0875,42626.000000000015,0.0294393198959777,0.0234482903417267,-713.6878994021852
-2.2,0.09,42665.00000000003,0.0296720853223909,0.0236605635893596,-725.0876108018965
-2.2,0.0925,42669.00000000004,0.0298942446788287,0.0238780947213902,-725.0876108018965
-2.2,0.095,42711.000000000015,0.0301207510355025,0.0241034820237662,-741.9501133786848
-2.2,0.0975,42717.00000000002,0.0303373588095531,0.0243311835753288,-741.9501133786848
-2.2,0.1,42733.00000000003,0.0305073734646166,0.0246121262836245,-751.7006802721087
-2.1,-0.1,42565.00000000003,0.0199024716030973,0.0113641936321059,-19.91341991341993
-2.1,-0.0975,42554.00000000002,0.019917341526463,0.0113772012094373,-29.87012987012986
-2.1,-0.095,42567.000000000015,0.0199333577485854,0.0114084486722076,-39.82683982683983
-2.1,-0.0925,42573.00000000003,0.0199607792371508,0.0114284185230338,-45.51638837353124
-2.1,-0.09,42588.00000000002,0.0200020384034815,0.0114415044676948,-64.00742115027832
-2.1,-0.0875,42572.000000000015,0.0200276937859559,0.0114765395485856,-72.54174397031542
-2.1,-0.085,42593.00000000003,0.0200393658442969,0.0115519611803152,-77.05627705627705
-2.1,-0.0825,42577.00000000003,0.020081293743744,0.0115953902603161,-87.63141620284478
-2.1,-0.08,42638.000000000015,0.020140149173414,0.0116211011645039,-101.11317254174398
-2.1,-0.0775,42612.00000000003,0.0201576901630486,0.0117086405620027,-105.60709132137706
-2.1,-0.075,42624.00000000002,0.0202044970141376,0.0117722151038087,-114.59492888064317
-2.1,-0.0725,42649.000000000015,0.0202752548582991,0.0118044166625969,-128.07668521954236
-2.1,-0.07,42669.00000000003,0.0203047005934818,0.0119137701142848,-132.57060399917543
-2.1,-0.0675,42667.00000000002,0.0203585048848037,0.0119941945472883,-141.55844155844156
-2.1,-0.065,42689.00000000003,0.0204491144206479,0.0120332933654049,-155.04019789734076
-2.1,-0.0625,42691.00000000003,0.0204983096828237,0.0121365032121122,-164.8732220160792
-2.1,-0.06,42710.00000000002,0.0205446499145915,0.0122548787749731,-167.53246753246756
-2.1,-0.0575,42685.00000000003,0.0206325648062047,0.0123197303770278,-181.22036693465265
-2.1,-0.055,42716.00000000002,0.0207064916452836,0.0124215871073436,-187.36343022057304
-2.1,-0.0525,42698.00000000003,0.0207813776930095,0.0125219714399982,-199.6495567924139
-2.1,-0.05,42726.00000000003,0.0208616933857473,0.0126331410750946,-199.6495567924139
-2.1,-0.0475,42737.000000000015,0.0209405494542475,0.0127429394505167,-218.0787466501752
-2.1,-0.045,42722.00000000003,0.0210016506846652,0.0129040603475308,-221.1502782931354
-2.1,-0.0425,42751.00000000002,0.0211156616014314,0.0129775749452174,-236.5079365079365
-2.1,-0.04,42777.00000000003,0.0212075420697576,0.0131008058546917,-240.38342609771183
-2.1,-0.0375,42763.00000000003,0.0213021707459079,0.0132310835111902,-254.31869717584007
-2.1,-0.035,42779.000000000015,0.0213801237510672,0.0133875497991582,-261.03896103896113
-2.1,-0.0325,42807.00000000003,0.0214785348149405,0.0135238001049778,-268.83116883116884
-2.1,-0.03,42830.000000000015,0.0215822132695026,0.0136664528996218,-276.62337662337666
-2.1,-0.0275,42838.00000000004,0.0217327363657839,0.013742936676006,-288.3116883116884
-2.1,-0.025,42843.000000000015,0.0217975715417949,0.0139545472734262,-292.2077922077923
-2.1,-0.0225,42820.00000000004,0.0219084701172011,0.0141041411006579,-307.7922077922078
-2.1,-0.02,42851.00000000002,0.0220261265048778,0.0142584805693579,-315.58441558441564
-2.1,-0.0175,42894.00000000004,0.0221663731560985,0.0143910541736843,-323.12925170068024
-2.1,-0.015,42915.00000000002,0.0222904288865284,0.0145455349635203,-331.74603174603175
-2.1,-0.0124999999999999,42949.00000000004,0.0223696923752862,0.0147669098429267,-344.6093588950731
-2.1,-0.01,42926.00000000003,0.0224952718675017,0.0149330288200834,-344.6093588950731
-2.1,-0.0075,42952.00000000004,0.0226944844078202,0.015009820797633,-358.77138734281584
-2.1,-0.005,42947.00000000003,0.0228290652291977,0.0151773446818996,-358.77138734281584
-2.1,-0.0025,42982.00000000004,0.0228918178196067,0.0154455830521292,-372.93341579055857
-2.1,0.0,42996.00000000003,0.0229586532188624,0.015720473052424,-387.0954442383013
-2.1,0.0025,42994.00000000004,0.0231737966149282,0.0158029589195821,-391.8161203875489
-2.1,0.0049999999999999,43018.00000000003,0.0233915116473707,0.0158856215681508,-400.3710575139146
-2.1,0.0074999999999999,43040.00000000004,0.023457905965807,0.0161720423000517,-405.504019789734
-2.1,0.0099999999999999,43046.00000000003,0.023497664767802,0.0165039132471468,-421.43887858173576
-2.1,0.0124999999999999,43065.00000000004,0.0237423253127995,0.0165694607738595,-426.984126984127
-2.1,0.015,43099.00000000003,0.0239996570653138,0.0166344814848718,-432.5293753865183
-2.1,0.0175,43116.00000000004,0.0241592192878271,0.0168202267722673,-443.6198721913008
-2.1,0.0199999999999999,43127.00000000002,0.0243220761425733,0.0170120248494302,-454.7103689960833
-2.1,0.0224999999999999,43130.00000000004,0.0243858369198945,0.017330721323595,-460.25561739847456
-2.1,0.0249999999999999,43156.000000000015,0.0245548439260388,0.0175277012233428,-471.34611420325706
-2.1,0.0274999999999999,43179.00000000004,0.0247239531091875,0.0177220879311914,-482.4366110080396
-2.1,0.03,43238.000000000015,0.0248974811136704,0.0179233901203589,-488.5178313749743
-2.1,0.0325,43256.00000000004,0.0251966106783903,0.0179826358676834,-494.47536590393736
-2.1,0.035,43254.000000000015,0.0252201611648995,0.0183608578151917,-503.2158317872604
-2.1,0.0375,43291.00000000004,0.0253968336625699,0.0185625990914568,-515.9554730983302
-2.1,0.04,43306.00000000004,0.0257105538812887,0.0186144872734717,-522.3252937538653
-2.1,0.0425,43356.00000000002,0.0258960656872446,0.0188197370719245,-535.0649350649351
-2.1,0.0449999999999999,43391.00000000004,0.0259528526700432,0.0191833613845047,-541.4347557204701
-2.1,0.0474999999999999,43405.00000000002,0.0262764280154225,0.0192366511964862,-547.804576376005
-2.1,0.0499999999999999,43447.00000000004,0.0264713798831522,0.0194426492365867,-560.5442176870748
-2.1,0.0524999999999999,43466.00000000004,0.0266562687421351,0.0196652959595933,-569.6969696969699
-2.1,0.0549999999999999,43476.00000000002,0.0267051785358536,0.0200443138907516,-576.4790764790766
-2.1,0.0574999999999999,43499.00000000004,0.0268906137107389,0.0202720203686423,-582.7458256029686
-2.1,0.06,43509.000000000015,0.0270897440874283,0.020482920046841,-597.1346114203258
-2.1,0.0625,43552.00000000004,0.0274573794120086,0.0205154853196815,-604.3290043290044
-2.1,0.065,43560.00000000004,0.0274971024213698,0.020909521162312,-611.523397237683
-2.1,0.0675,43601.00000000002,0.0278746209351353,0.0209425834760597,-618.7177901463615
-2.1,0.07,43615.00000000004,0.0279196710992634,0.0213435056353882,-625.9121830550403
-2.1,0.0725,43645.000000000015,0.0281370221436208,0.0215592369502998,-640.3009688723976
-2.1,0.075,43691.00000000002,0.0284411422361389,0.0216751350944743,-646.5677179962893
-2.1,0.0774999999999999,43710.00000000004,0.0284774259238744,0.0220919609669515,-654.1743970315397
-2.1,0.0799999999999999,43762.000000000015,0.0288804700687877,0.0221134729487653,-661.7810760667902
-2.1,0.0824999999999999,43781.00000000002,0.0291593115835497,0.0222719098047998,-673.5930735930735
-2.1,0.0849999999999999,43776.00000000004,0.0291854876367964,0.0226951183386527,-681.6120387548958
-2.1,0.0875,43803.000000000015,0.0296071877647879,0.0227039229705398,-689.6310039167181
-2.1,0.09,43816.00000000003,0.0296300512159613,0.0231382930084033,-697.6499690785406
-2.1,0.0925,43850.00000000004,0.0298575193650939,0.023362113809735,-713.6878994021852
-2.1,0.095,43879.000000000015,0.0300868571475453,0.0235857228912088,-713.6878994021852
-2.1,0.0975,43912.00000000003,0.0303322246460561,0.0237916559895548,-725.0876108018965
-2.1,0.1,43956.00000000004,0.0307849806779911,0.0237894990760778,-733.5188620902907
-2.0,-0.1,43855.00000000003,0.0198945895129421,0.0113513816429646,1.0101010101010104
-2.0,-0.0975,43853.00000000002,0.01990545533208,0.0113558667828596,-12.801484230055664
-2.0,-0.095,43870.000000000015,0.0199127380660006,0.0113707969987793,-19.913419913419915
-2.0,-0.0925,43887.00000000003,0.019932979638532,0.0113819057321234,-25.602968460111327
-2.0,-0.09,43901.00000000002,0.0199518275087616,0.0114032334692517,-38.40445269016698
-2.0,-0.0875,43898.000000000015,0.0199697329029356,0.011432450732935,-45.51638837353123
-2.0,-0.085,43864.00000000003,0.0200005759245129,0.0114583558520099,-55.4730983302412
-2.0,-0.0825,43888.00000000002,0.0200447909450847,0.0114684780654966,-69.69696969696973
-2.0,-0.08,43911.000000000015,0.0200576822320841,0.0115431072563988,-73.38693052978766
-2.0,-0.0775,43896.00000000003,0.020087508279515,0.0115988514173953,-82.56029684601113
-2.0,-0.075,43907.00000000002,0.0201264428376429,0.0116516865169466,-94.37229437229436
-2.0,-0.0725,43918.000000000015,0.0201721360124907,0.0117080382682146,-103.36013193156052
-2.0,-0.07,43926.00000000003,0.020228789356383,0.0117542799905874,-110.10101010101012
-2.0,-0.0675,43912.00000000002,0.0202563294946922,0.0118573609967161,-119.08884766027624
-2.0,-0.065,43958.00000000003,0.0203157349158186,0.0119095799420868,-130.32364460935892
-2.0,-0.0625,43954.00000000003,0.0203735876925973,0.0119891963327769,-139.31148216862502
-2.0,-0.06,43989.00000000002,0.0204351101686725,0.012071820973454,-148.29931972789117
-2.0,-0.0575,43969.00000000003,0.0205121336703486,0.0121332144140111,-156.8954854669141
-2.0,-0.055,43958.00000000002,0.0205973915681677,0.0121977112310406,-170.19171304885597
-2.0,-0.0525,43993.00000000003,0.0206465732072134,0.0123216820177522,-172.005772005772
-2.0,-0.05,43983.00000000003,0.0206952683954954,0.0124554949904419,-181.22036693465265
-2.0,-0.0475,43988.00000000002,0.0208497516913246,0.0124490187910796,-190.4349618635333
-2.0,-0.045,43995.00000000003,0.020904498769524,0.012595098620229,-205.7926200783344
-2.0,-0.0425,44025.00000000002,0.020962253902172,0.0127454217634885,-208.86415172129452
-2.0,-0.04,44033.00000000003,0.0210814154182374,0.012820523523967,-224.22180993609564
-2.0,-0.0375,44030.00000000003,0.0211441815174219,0.0129784070792147,-227.29334157905583
-2.0,-0.035,44058.000000000015,0.0212701525850283,0.013055927805261,-240.38342609771183
-2.0,-0.0325,44063.00000000004,0.0213289019771488,0.0132374460124848,-243.86724386724387
-2.0,-0.03,44077.000000000015,0.0214467828821253,0.0133404536447557,-253.2467532467533
-2.0,-0.0275,44098.00000000004,0.0215033710341777,0.01353840447468,-264.935064935065
-2.0,-0.025,44101.00000000002,0.0216555271754887,0.0136170646604284,-276.62337662337666
-2.0,-0.0225,44124.00000000004,0.0217698281527476,0.0137580534028518,-284.4155844155845
-2.0,-0.02,44159.00000000002,0.0218820404234566,0.0139040840118545,-292.2077922077923
-2.0,-0.0175,44141.00000000004,0.0219970770288909,0.0140522397677899,-300.0000000000001
-2.0,-0.015,44171.00000000003,0.0221209677508218,0.0142070347063809,-307.7922077922078
-2.0,-0.0124999999999999,44182.00000000004,0.0221898669153153,0.0144341676133184,-319.48051948051955
-2.0,-0.01,44194.00000000003,0.0223262991116546,0.0145721774109283,-327.437641723356
-2.0,-0.0075,44220.00000000004,0.0224747004906074,0.0147108496667276,-335.168006596578
-2.0,-0.005,44246.00000000003,0.0226062507954738,0.0148756865814695,-344.6093588950731
-2.0,-0.0025,44267.00000000004,0.0226705446267946,0.0151404885894243,-358.77138734281584
-2.0,0.0,44248.00000000003,0.0228799586494671,0.0152159075854211,-363.4920634920634
-2.0,0.0025,44268.00000000004,0.0230978731239982,0.0152939775562845,-368.212739641311
-2.0,0.0049999999999999,44273.00000000003,0.0231709347123966,0.0155658989028966,-382.37476808905376
-2.0,0.0074999999999999,44303.00000000004,0.0233183512852796,0.0157453739679203,-391.8161203875489
-2.0,0.0099999999999999,44335.00000000003,0.0235473663399831,0.0158247739908858,-396.5367965367964
-2.0,0.0124999999999999,44350.00000000004,0.0236156128501981,0.0161137930684039,-405.504019789734
-2.0,0.015,44374.00000000003,0.0238615806466346,0.0161838791606879,-410.6369820655534
-2.0,0.0175,44386.00000000004,0.0240129198231909,0.0163842582041156,-421.4388785817357
-2.0,0.0199999999999999,44405.00000000002,0.0241784423484358,0.0165757394666176,-432.5293753865183
-2.0,0.0224999999999999,44435.00000000004,0.0243495553910937,0.0167586037059768,-443.6198721913008
-2.0,0.0249999999999999,44436.00000000002,0.0244121571626674,0.0170761443576063,-449.16512059369205
-2.0,0.0274999999999999,44440.00000000004,0.0245841858497419,0.0172657323803165,-460.25561739847456
-2.0,0.03,44465.000000000015,0.0248725728634196,0.0173333173077991,-465.8008658008658
-2.0,0.0325,44515.00000000004,0.0250482468765611,0.0175308445567797,-476.8913626056483
-2.0,0.035,44543.000000000015,0.0252446216043639,0.0177153110181731,-482.5602968460111
-2.0,0.0375,44571.00000000003,0.0254317124310948,0.0179159436942531,-494.47536590393736
-2.0,0.04,44588.00000000004,0.025458849484964,0.018291648085281,-503.2158317872604
-2.0,0.0425,44614.00000000002,0.0257784451950369,0.0183423546685924,-509.5856524427953
-2.0,0.0449999999999999,44645.00000000004,0.0259699604634108,0.0185428980113649,-522.3252937538653
-2.0,0.0474999999999999,44668.00000000002,0.0260254743770073,0.0188966350328832,-528.6951144094003
-2.0,0.0499999999999999,44702.00000000004,0.0263657449796827,0.0189499038816762,-535.0649350649351
-2.0,0.0524999999999999,44716.00000000004,0.0265687456392388,0.0191591360834154,-547.804576376005
-2.0,0.0549999999999999,44745.00000000002,0.0266229242207,0.0195228619759771,-554.1743970315399
-2.0,0.0574999999999999,44758.00000000004,0.0268085110081382,0.0197538794125209,-562.9148629148631
-2.0,0.06,44798.00000000002,0.0270174109612392,0.0199612426511522,-576.4790764790766
-2.0,0.0625,44841.00000000004,0.0273846007351573,0.0200057059025659,-583.2611832611834
-2.0,0.065,44850.00000000004,0.0275857528829954,0.0202264279200381,-589.9402185116471
-2.0,0.0675,44852.00000000002,0.0276269858937525,0.0206183529930737,-597.1346114203258
-2.0,0.07,44887.00000000004,0.0278457611912977,0.0208292254754077,-611.523397237683
-2.0,0.0725,44913.000000000015,0.0282385393425517,0.0208601313015864,-618.7177901463615
-2.0,0.075,44953.00000000002,0.0282845376724895,0.0212609122133906,-625.9121830550403
-2.0,0.0774999999999999,45004.00000000004,0.0286909164249311,0.0212880101146379,-633.1065759637188
-2.0,0.0799999999999999,45023.000000000015,0.0288351179030039,0.0215861933963472,-646.5677179962893
-2.0,0.0824999999999999,45047.00000000003,0.0288725138890671,0.0220019351815284,-654.1743970315397
-2.0,0.0849999999999999,45067.00000000004,0.0292919226942813,0.0220223337801543,-661.7810760667902
-2.0,0.0875,45092.000000000015,0.0293752343340795,0.0223872219237823,-665.5741084312513
-2.0,0.09,45123.00000000003,0.0296135126396966,0.0226003315351906,-681.6120387548958
-2.0,0.0925,45164.00000000004,0.0300544057326796,0.022609167607883,-689.6310039167181
-2.0,0.095,45209.00000000002,0.0300789818922824,0.0230422984495359,-697.6499690785406
-2.0,0.0975,45230.00000000003,0.0305349945230429,0.0230517766248486,-705.6689342403629
-2.0,0.1,45239.00000000004,0.0305592310992757,0.0234923155023193,-713.6878994021852
-1.9,-0.1,45141.00000000003,0.0199012906778465,0.0113832766385664,15.64625850340137
-1.9,-0.0975,45149.00000000003,0.0198997407865756,0.0113771898705242,8.080808080808083
-1.9,-0.095,45138.000000000015,0.019904846274778,0.011373210997196,2.0202020202020208
-1.9,-0.0925,45174.00000000003,0.0199151176384717,0.0113759474341169,-7.111935683364251
-1.9,-0.09,45149.00000000003,0.0199282576749594,0.0113817165540591,-15.64625850340137
-1.9,-0.0875,45156.000000000015,0.0199427224988829,0.0114016416858156,-27.02535559678418
-1.9,-0.085,45161.00000000003,0.0199579638460845,0.0114219083521536,-35.55967841682127
-1.9,-0.0825,45182.00000000003,0.0199848810874862,0.0114422775905542,-44.094001236858375
-1.9,-0.08,45152.000000000015,0.0200095132806997,0.0114750050053828,-52.62832405689549
-1.9,-0.0775,45173.00000000003,0.0200430974470631,0.0115063245553928,-59.74025974025976
-1.9,-0.075,45184.00000000002,0.0200815351239172,0.0115328270815346,-71.55225726654297
-1.9,-0.0725,45217.000000000015,0.0201369715834105,0.0115582985238188,-86.22964337250049
-1.9,-0.07,45190.00000000003,0.0201531074094074,0.0116496241375115,-89.87837559266129
-1.9,-0.0675,45231.00000000002,0.0202058384983943,0.0116886117189866,-96.6192537621109
-1.9,-0.065,45213.00000000003,0.0202426055079524,0.011766578616769,-107.8540507111936
-1.9,-0.0625,45225.00000000003,0.0202971870198505,0.0118306877639254,-116.84188827045968
-1.9,-0.06,45272.00000000002,0.0203498851551456,0.0119002750170186,-125.82972582972585
-1.9,-0.0575,45250.00000000003,0.0204090554352613,0.0119772733245397,-134.81756338899194
-1.9,-0.055,45263.00000000002,0.0204864064996002,0.0120364979191689,-141.55844155844156
-1.9,-0.0525,45283.00000000003,0.020551680483957,0.0121175878267418,-162.21397649969083
-1.9,-0.05,45279.00000000003,0.0206175511867603,0.0122087474194496,-162.21397649969083
-1.9,-0.0475,45271.00000000002,0.020662372193673,0.0123371548277036,-175.0773036487322
-1.9,-0.045,45256.00000000003,0.020715241387995,0.0124690053280878,-184.29189857761287
-1.9,-0.0425,45263.00000000002,0.0208751425941828,0.0124629484853124,-193.50649350649348
-1.9,-0.04,45293.00000000004,0.0209331823374411,0.0126099323242088,-196.57802514945368
-1.9,-0.0375,45300.00000000003,0.0210516357682552,0.0126794055172445,-211.9356833642548
-1.9,-0.035,45303.000000000015,0.0211125688608099,0.0128340538108041,-215.007215007215
-1.9,-0.0325,45336.00000000003,0.0212414745821629,0.0129098516212533,-230.3648732220161
-1.9,-0.03,45324.000000000015,0.0212984644391678,0.0130755693884676,-236.89960832817977
-1.9,-0.0275,45372.00000000004,0.0214424195628377,0.0131506065692816,-247.3510616367759
-1.9,-0.025,45387.000000000015,0.0215266919945536,0.0133097394189773,-253.2467532467533
-1.9,-0.0225,45376.00000000004,0.0216329940934445,0.0134393670285474,-261.03896103896113
-1.9,-0.02,45384.00000000002,0.0217952288150629,0.0135151831144316,-272.72727272727275
-1.9,-0.0175,45403.00000000004,0.0218584800348539,0.0137197801422356,-284.4155844155845
-1.9,-0.015,45429.00000000003,0.0219316173645317,0.0139277271618909,-288.3116883116884
-1.9,-0.0124999999999999,45450.00000000004,0.0220014910392702,0.0141453891658158,-300.00000000000006
-1.9,-0.01,45458.00000000003,0.0222273681096374,0.0141624479240959,-307.7922077922078
-1.9,-0.0075,45460.00000000004,0.0223753073248962,0.0142902837812066,-314.5124716553288
-1.9,-0.005,45482.00000000003,0.0225092792962331,0.014449226360846,-323.12925170068024
-1.9,-0.0025,45502.00000000004,0.0226690430799514,0.0145761831428928,-330.4473304473304
-1.9,0.0,45530.00000000004,0.0227373137540728,0.0148278158213408,-344.6093588950731
-1.9,0.0025,45537.00000000004,0.0228801678736542,0.0149941246929622,-354.05071119356825
-1.9,0.0049999999999999,45561.00000000004,0.0230225853160804,0.0151631906370643,-363.4920634920634
-1.9,0.0074999999999999,45576.00000000004,0.0231701605053994,0.0153349777896019,-372.93341579055857
-1.9,0.0099999999999999,45581.00000000003,0.0232438402524578,0.0156063576391624,-377.65409193980616
-1.9,0.0124999999999999,45628.00000000004,0.0233987743868948,0.0157844546471561,-387.0954442383013
-1.9,0.015,45637.00000000003,0.0235530241371971,0.0159603128204673,-396.5367965367965
-1.9,0.0175,45671.00000000004,0.0237872231460492,0.0160525240051059,-405.504019789734
-1.9,0.0199999999999999,45693.00000000002,0.0240524208472492,0.016124695082254,-410.6369820655534
-1.9,0.0224999999999999,45715.00000000004,0.0242108369598551,0.0163220551283336,-421.4388785817357
-1.9,0.0249999999999999,45703.000000000015,0.0242724597948207,0.0166320682994734,-426.984126984127
-1.9,0.0274999999999999,45746.00000000004,0.0244475360427835,0.0168177952295973,-438.0746237889096
-1.9,0.03,45765.000000000015,0.0247373342484573,0.0168830641108471,-443.6198721913008
-1.9,0.0325,45788.00000000004,0.0249198339564684,0.0170767292280289,-454.7103689960833
-1.9,0.035,45800.000000000015,0.0251069567604065,0.0172648218782608,-465.8008658008658
-1.9,0.0375,45858.00000000003,0.0251751999381849,0.017589405517519,-471.34611420325706
-1.9,0.04,45897.00000000004,0.0254923125272746,0.0176435403689839,-482.5602968460111
-1.9,0.0425,45901.00000000002,0.0255535042825609,0.0179818535409275,-488.5178313749743
-1.9,0.0449999999999999,45903.00000000004,0.0257107942506939,0.0182167584166423,-503.2158317872604
-1.9,0.0474999999999999,45943.000000000015,0.0260492741280474,0.0182671039544394,-509.5856524427953
-1.9,0.0499999999999999,45980.00000000004,0.0261074307333714,0.0186208303299106,-515.9554730983302
-1.9,0.0524999999999999,45992.00000000004,0.0263056598674599,0.0188244765647849,-528.6951144094003
-1.9,0.0549999999999999,46037.00000000002,0.026665293899349,0.0188735165814555,-535.0649350649351
-1.9,0.0574999999999999,46056.00000000004,0.0267230621436389,0.0192383809908586,-541.4347557204701
-1.9,0.06,46099.000000000015,0.0269336667047647,0.0194476847072477,-554.1743970315399
-1.9,0.0625,46101.00000000004,0.0271208915209643,0.0196758383121168,-562.9148629148631
-1.9,0.065,46146.00000000004,0.0275013798015634,0.0197158856689115,-569.6969696969699
-1.9,0.0675,46197.00000000002,0.0275584402502836,0.0200983502823059,-576.4790764790766
-1.9,0.07,46248.00000000004,0.0279386421171261,0.0201449161182904,-589.9402185116471
-1.9,0.0725,46231.000000000015,0.0279828337673163,0.0205367160705074,-597.1346114203258
-1.9,0.075,46261.00000000002,0.0282066157393405,0.0207492971292892,-611.523397237683
-1.9,0.0774999999999999,46301.00000000004,0.0284356184906861,0.0209601929891672,-611.523397237683
-1.9,0.0799999999999999,46329.00000000002,0.0286635285594376,0.0211784299586994,-625.9121830550403
-1.9,0.0824999999999999,46361.00000000004,0.0290864439142144,0.0212087237393464,-633.1065759637188
-1.9,0.0849999999999999,46380.00000000004,0.0290396518199062,0.0217038616250082,-638.9610389610389
-1.9,0.0875,46410.00000000002,0.0294718038661234,0.021725126607167,-646.5677179962893
-1.9,0.09,46426.00000000003,0.029711367304294,0.0219392060187946,-661.7810760667902
-1.9,0.0925,46461.00000000004,0.0298001068710462,0.0223059546917402,-665.5741084312513
-1.9,0.095,46483.000000000015,0.0300428716901041,0.0225225430780329,-681.6120387548958
-1.9,0.0975,46499.00000000003,0.0302885748892941,0.0227374720643653,-681.6120387548958
-1.9,0.1,46557.00000000004,0.0305364844351947,0.0229616961967547,-697.6499690785406
-1.7999999999999998,-0.1,46416.00000000003,0.0199016902141182,0.0114372968188605,39.82683982683983
-1.7999999999999998,-0.0975,46441.00000000003,0.0198961470273709,0.0114175833180418,27.025355596784152
-1.7999999999999998,-0.095,46434.00000000002,0.0198883626444301,0.0114007887940278,18.49103277674708
-1.7999999999999998,-0.0925,46460.00000000003,0.0198917586634393,0.0113828432307532,11.37909709338281
-1.7999999999999998,-0.09,46440.00000000003,0.0198939564807418,0.0113775005687627,3.030303030303031
-1.7999999999999998,-0.0875,46453.000000000015,0.019901382495304,0.0113740229030025,-7.111935683364251
-1.7999999999999998,-0.085,46453.00000000003,0.0199126793075566,0.0113814144751005,-14.223871366728517
-1.7999999999999998,-0.0825,46465.00000000003,0.0199305212129162,0.0113926157954797,-22.75819418676562
-1.7999999999999998,-0.08,46425.000000000015,0.0199439419681615,0.0114095404113898,-32.714904143475565
-1.7999999999999998,-0.0775,46464.00000000003,0.0199705683111171,0.0114256971665285,-45.51638837353124
-1.7999999999999998,-0.075,46471.00000000003,0.0199990127810226,0.0114535400661725,-54.05071119356835
-1.7999999999999998,-0.0725,46521.000000000015,0.0200345406286876,0.0114758153850406,-64.00742115027832
-1.7999999999999998,-0.07,46489.00000000003,0.0200715337817063,0.0115024307561545,-71.11935683364257
-1.7999999999999998,-0.0675,46474.000000000015,0.0201072361691838,0.0115489340902009,-80.72562358276645
-1.7999999999999998,-0.065,46491.00000000003,0.0201444161520126,0.0116030586920105,-89.87837559266131
-1.7999999999999998,-0.0625,46497.00000000003,0.0201956898588938,0.0116551434722056,-98.86621315192744
-1.7999999999999998,-0.06,46470.000000000015,0.0202487167479493,0.0117091004375125,-107.8540507111936
-1.7999999999999998,-0.0575,46515.00000000003,0.0203011281969134,0.0117721488919497,-116.84188827045968
-1.7999999999999998,-0.055,46560.00000000003,0.0203576714064667,0.011839224992575,-125.82972582972585
-1.7999999999999998,-0.0525,46557.00000000003,0.020420816503362,0.011906063970264,-134.81756338899197
-1.7999999999999998,-0.05,46561.00000000003,0.0204674041694876,0.0120055990004965,-141.55844155844156
-1.7999999999999998,-0.0475,46545.00000000002,0.0205546857617574,0.0120680150305123,-152.79323850752425
-1.7999999999999998,-0.045,46607.00000000003,0.0206093292139654,0.0121725674701883,-162.21397649969083
-1.7999999999999998,-0.0425,46571.00000000002,0.0207309229571636,0.0122057821532004,-172.8509585652443
-1.7999999999999998,-0.04,46575.00000000003,0.0208169969494906,0.012293205275309,-184.29189857761284
-1.7999999999999998,-0.0375,46562.00000000003,0.0207884487063045,0.0125377794622643,-190.4349618635333
-1.7999999999999998,-0.035,46582.00000000002,0.0209618502697392,0.0125311034561659,-199.6495567924139
-1.7999999999999998,-0.0325,46581.00000000003,0.0210550767556683,0.0126352202153976,-205.7926200783344
-1.7999999999999998,-0.03,46568.00000000002,0.0211184516843554,0.0127885573997669,-215.007215007215
-1.7999999999999998,-0.0275,46600.00000000003,0.0212519080549286,0.0128632820084655,-224.22180993609564
-1.7999999999999998,-0.025,46616.00000000002,0.0212833616045432,0.0130709898212264,-236.5079365079365
-1.7999999999999998,-0.0225,46603.00000000003,0.0214191738267083,0.0131523239819072,-236.89960832817977
-1.7999999999999998,-0.02,46616.00000000003,0.0215238220112825,0.0132840806061355,-250.834879406308
-1.7999999999999998,-0.0175,46649.00000000003,0.0216083274085732,0.0134487713021172,-257.1428571428572
-1.7999999999999998,-0.015,46622.00000000003,0.0218277311554956,0.0134621228269633,-272.72727272727275
-1.7999999999999998,-0.0124999999999999,46681.00000000004,0.021843013165081,0.0137306619361754,-280.51948051948057
-1.7999999999999998,-0.01,46699.00000000003,0.0220195867729194,0.0138096791096363,-284.4155844155845
-1.7999999999999998,-0.0075,46739.00000000004,0.0222063835623938,0.0138879705386845,-296.1038961038962
-1.7999999999999998,-0.005,46742.00000000003,0.0223388124612409,0.0140347069793969,-303.896103896104
-1.7999999999999998,-0.0025,46775.00000000004,0.02235459293657,0.014325760319555,-319.48051948051955
-1.7999999999999998,0.0,46767.00000000003,0.0225757812168798,0.0143844611523692,-323.12925170068024
-1.7999999999999998,0.0025,46801.00000000004,0.0227213155770601,0.0145458429456813,-331.74603174603175
-1.7999999999999998,0.0049999999999999,46830.00000000003,0.0228949545578783,0.0146775670096841,-339.8886827458255
-1.7999999999999998,0.0074999999999999,46851.00000000004,0.0229624593983875,0.0149284854177724,-354.05071119356825
-1.7999999999999998,0.0099999999999999,46850.00000000003,0.023113720216925,0.0150967573312058,-363.4920634920634
-1.7999999999999998,0.0124999999999999,46866.00000000004,0.0232696852926043,0.0152633143493496,-363.4920634920634
-1.7999999999999998,0.015,46912.00000000003,0.023427979495808,0.015438187572166,-372.93341579055857
-1.7999999999999998,0.0175,46927.00000000004,0.023679253001272,0.0155179876739341,-387.09544423830135
-1.7999999999999998,0.0199999999999999,46941.00000000003,0.0238484973032618,0.0156885692883069,-396.5367965367964
-1.7999999999999998,0.0224999999999999,46982.00000000004,0.0240111642902039,0.0158720976591572,-400.3710575139146
-1.7999999999999998,0.0249999999999999,46995.00000000002,0.0241868849635194,0.0160525293044441,-410.6369820655534
-1.7999999999999998,0.0274999999999999,47042.00000000004,0.0243511722411234,0.0162442058702996,-421.4388785817357
-1.7999999999999998,0.03,47032.000000000015,0.0244209135060508,0.0165540557918284,-426.984126984127
-1.7999999999999998,0.0325,47064.00000000004,0.0247171529541185,0.0166186765314682,-432.5293753865183
-1.7999999999999998,0.035,47090.000000000015,0.0249036382548104,0.0168052092694688,-443.6198721913008
-1.7999999999999998,0.0375,47092.00000000003,0.0250955741929869,0.0169948348616745,-454.7103689960833
-1.7999999999999998,0.04,47123.00000000004,0.0252905045622578,0.0171869274368934,-465.8008658008658
-1.7999999999999998,0.0425,47150.00000000002,0.025365073567456,0.0175087364063558,-471.34611420325706
-1.7999999999999998,0.0449999999999999,47201.00000000004,0.0256939760009864,0.0175682200248734,-482.5602968460111
-1.7999999999999998,0.0474999999999999,47226.00000000002,0.0257609613930687,0.0179035156633028,-488.5178313749743
-1.7999999999999998,0.0499999999999999,47226.00000000004,0.0259650059969741,0.0180993927317912,-500.4329004329004
-1.7999999999999998,0.0524999999999999,47259.00000000004,0.0262809544162527,0.0181847286355309,-509.5856524427953
-1.7999999999999998,0.0549999999999999,47290.00000000002,0.0263411960601644,0.0185387819555998,-515.9554730983302
-1.7999999999999998,0.0574999999999999,47329.00000000004,0.0267038189707927,0.0185877665048428,-522.3252937538653
-1.7999999999999998,0.06,47350.00000000002,0.0267670280214041,0.0189465146634674,-528.6951144094003
-1.7999999999999998,0.0625,47380.00000000004,0.0269853397842004,0.0191528001157982,-541.4347557204701
-1.7999999999999998,0.065,47434.00000000004,0.0273618851379695,0.0192050342016187,-547.804576376005
-1.7999999999999998,0.0675,47467.00000000002,0.027574346025775,0.0194285141652084,-556.1327561327563
-1.7999999999999998,0.07,47487.00000000004,0.0278056403681665,0.0196320344734912,-569.6969696969699
-1.7999999999999998,0.0725,47517.000000000015,0.0278574384459629,0.0200082916675443,-576.4790764790766
-1.7999999999999998,0.075,47518.00000000003,0.0280719371430948,0.0202387203189163,-582.7458256029686
-1.7999999999999998,0.0774999999999999,47559.00000000004,0.0283037742912891,0.0204470811575529,-597.1346114203258
-1.7999999999999998,0.0799999999999999,47580.000000000015,0.0287313786387256,0.0204768047070246,-604.3290043290044
-1.7999999999999998,0.0824999999999999,47616.00000000004,0.0287781503882291,0.0208719697005823,-611.523397237683
-1.7999999999999998,0.0849999999999999,47634.00000000004,0.0290144374219323,0.0210882590373254,-625.9121830550403
-1.7999999999999998,0.0875,47697.00000000002,0.0294575253482426,0.0211186203935656,-633.1065759637188
-1.7999999999999998,0.09,47697.00000000004,0.0294062599777466,0.0216101526558915,-638.9610389610389
-1.7999999999999998,0.0925,47731.00000000004,0.0298580978231628,0.0216286571837313,-646.5677179962893
-1.7999999999999998,0.095,47774.000000000015,0.0298961548347728,0.0220441346009439,-654.1743970315397
-1.7999999999999998,0.0975,47810.00000000004,0.0303574802192607,0.0220647856244482,-661.7810760667902
-1.7999999999999998,0.1,47850.00000000004,0.0306833518880077,0.0222221951782489,-673.5930735930735
-1.6999999999999995,-0.1,47638.00000000004,0.0199436930558728,0.0115186157631669,55.4730983302412
-1.6999999999999995,-0.0975,47646.00000000003,0.0199276560104097,0.0114813888623152,46.938775510204096
-1.6999999999999995,-0.095,47652.00000000002,0.019905846208669,0.0114530464668935,38.40445269016698
-1.6999999999999995,-0.0925,47664.00000000003,0.0199008155569814,0.0114208450177015,32.714904143475565
-1.6999999999999995,-0.09,47686.00000000003,0.0198903535292967,0.0114047081704264,21.335807050092782
-1.6999999999999995,-0.0875,47675.00000000002,0.0198889782860583,0.0113894364750843,12.801484230055664
-1.6999999999999995,-0.085,47650.00000000003,0.0198899380187794,0.0113802842717312,3.030303030303031
-1.6999999999999995,-0.0825,47660.00000000003,0.0198971502012582,0.0113757875239311,-2.0202020202020208
-1.6999999999999995,-0.08,47678.000000000015,0.0199071537064633,0.0113792445799834,-11.37909709338281
-1.6999999999999995,-0.0775,47688.00000000003,0.0199184266190599,0.0113914550111009,-21.335807050092768
-1.6999999999999995,-0.075,47671.00000000003,0.0199346338087209,0.0114049707394442,-29.87012987012986
-1.6999999999999995,-0.0725,47695.000000000015,0.0199611221216864,0.0114174504484922,-42.671614100185536
-1.6999999999999995,-0.07,47713.00000000003,0.0199895618703578,0.0114366078157787,-49.78354978354979
-1.6999999999999995,-0.0675,47731.00000000002,0.020019475515879,0.0114634996398884,-61.16264687693261
-1.6999999999999995,-0.065,47726.00000000003,0.0200593382500178,0.0114999734503959,-69.69696969696972
-1.6999999999999995,-0.0625,47693.00000000003,0.0200910081017637,0.0115378092726766,-77.05627705627705
-1.6999999999999995,-0.06,47728.000000000015,0.020144439502714,0.0115747070424273,-86.22964337250049
-1.6999999999999995,-0.0575,47732.00000000003,0.0201662417822787,0.0116539628573492,-92.12533498247782
-1.6999999999999995,-0.055,47716.00000000003,0.020240579973749,0.0116780717125568,-105.60709132137706
-1.6999999999999995,-0.0525,47729.00000000005,0.0202828157433511,0.0117526234412418,-112.34796949082664
-1.6999999999999995,-0.05,47783.00000000003,0.020342479308849,0.0118175392660473,-121.33580705009275
-1.6999999999999995,-0.0475,47812.00000000002,0.020435358421357,0.0118516949367477,-134.81756338899197
-1.6999999999999995,-0.045,47779.00000000003,0.0204696357249966,0.0119643697704,-139.31148216862502
-1.6999999999999995,-0.0425,47830.00000000003,0.0205790549182719,0.0119998755667038,-152.79323850752422
-1.6999999999999995,-0.04,47826.00000000005,0.0206250292787113,0.0121227344847404,-159.55473098330245
-1.6999999999999995,-0.0375,47835.00000000003,0.0207260370402295,0.0121810436839649,-172.8509585652443
-1.6999999999999995,-0.035,47828.00000000002,0.0208170007663127,0.0122686614031499,-178.14883529169242
-1.6999999999999995,-0.0325,47826.00000000003,0.0209081171539646,0.0123626751960079,-190.4349618635333
-1.6999999999999995,-0.03,47835.00000000002,0.0209990611410785,0.0124644738125343,-196.5780251494537
-1.6999999999999995,-0.0275,47849.00000000003,0.0210657224977586,0.012606900420595,-205.7926200783344
-1.6999999999999995,-0.025,47849.00000000003,0.0211981276447414,0.0126806143482068,-215.00721500721497
-1.6999999999999995,-0.0225,47828.00000000003,0.0212319859457935,0.0128756338730953,-221.1502782931354
-1.6999999999999995,-0.02,47837.00000000003,0.0214119368909425,0.0129099834965962,-233.43640486497628
-1.6999999999999995,-0.0175,47869.00000000003,0.0214871628372922,0.0130731702590733,-240.38342609771183
-1.6999999999999995,-0.015,47863.00000000003,0.0216476237755434,0.0131466757185428,-250.834879406308
-1.6999999999999995,-0.0124999999999999,47889.00000000005,0.0216960344852701,0.0133559914010249,-261.03896103896113
-1.6999999999999995,-0.01,47915.00000000003,0.0218726969101402,0.0134275815007004,-264.93506493506504
-1.6999999999999995,-0.0075,47916.00000000004,0.0219447696964086,0.0136279483071096,-276.62337662337666
-1.6999999999999995,-0.005,47942.00000000003,0.0221900968871362,0.0136429842130882,-284.4155844155845
-1.6999999999999995,-0.0025,47978.00000000004,0.0222654492563684,0.0138499866230831,-296.1038961038962
-1.6999999999999995,0.0,48011.00000000003,0.0222829765229967,0.0141323456713721,-303.896103896104
-1.6999999999999995,0.0025,48040.00000000004,0.0223623041590801,0.0143556066603792,-315.58441558441564
-1.6999999999999995,0.0049999999999999,48048.00000000003,0.0226511669136739,0.0143446141953256,-323.12925170068024
-1.6999999999999995,0.0074999999999999,48065.00000000004,0.0228008876416766,0.014504577021234,-331.74603174603175
-1.6999999999999995,0.0099999999999999,48076.00000000003,0.0228212517012395,0.0148117889779259,-339.8886827458256
-1.6999999999999995,0.0124999999999999,48113.00000000004,0.0230573051571265,0.0148853027954021,-344.6093588950731
-1.6999999999999995,0.015,48144.00000000003,0.0233024996937814,0.0149600779126601,-358.77138734281584
-1.6999999999999995,0.0175,48156.00000000004,0.0233786242191914,0.0152157072178527,-363.4920634920634
-1.6999999999999995,0.0199999999999999,48192.00000000003,0.0235467962286213,0.0153909005536024,-372.93341579055857
-1.6999999999999995,0.0224999999999999,48217.00000000004,0.0237131417486286,0.0155636625680283,-382.37476808905376
-1.6999999999999995,0.0249999999999999,48240.00000000002,0.0238854489388279,0.0157395099639788,-391.8161203875489
-1.6999999999999995,0.0274999999999999,48254.00000000004,0.0240669669535397,0.0159185769075933,-401.257472686044
-1.6999999999999995,0.03,48265.00000000002,0.0243365424909965,0.0160007000389132,-410.6369820655534
-1.6999999999999995,0.0325,48302.00000000004,0.0243911011366685,0.0163121808882014,-415.8936301793445
-1.6999999999999995,0.035,48319.000000000015,0.0246949204804498,0.0163805575714699,-421.4388785817357
-1.6999999999999995,0.0375,48315.00000000003,0.02488248027507,0.0165687811671333,-432.5293753865183
-1.6999999999999995,0.04,48345.00000000004,0.0250828481152319,0.0167512330607047,-443.6198721913008
-1.6999999999999995,0.0425,48371.00000000003,0.0252811360693665,0.0169408683411584,-454.7103689960833
-1.6999999999999995,0.0449999999999999,48406.00000000004,0.0253575640964486,0.0172549524013568,-460.25561739847456
-1.6999999999999995,0.0474999999999999,48459.000000000015,0.0256886387184448,0.0173219076332532,-465.8008658008658
-1.6999999999999995,0.0499999999999999,48481.00000000004,0.0258893471267483,0.0175178357722583,-476.8913626056483
-1.6999999999999995,0.0524999999999999,48516.00000000004,0.0259747931461866,0.0178408243745213,-488.5178313749743
-1.6999999999999995,0.0549999999999999,48552.00000000003,0.026334819690241,0.0179007468106749,-494.47536590393736
-1.6999999999999995,0.0574999999999999,48572.00000000004,0.0263648571846254,0.0182745676584191,-503.2158317872604
-1.6999999999999995,0.06,48603.000000000015,0.0267366006687218,0.0183259417152973,-509.5856524427953
-1.6999999999999995,0.0625,48610.00000000004,0.0268007397598248,0.0186756636405603,-515.9554730983302
-1.6999999999999995,0.065,48664.00000000004,0.0271897555498261,0.0187257246115895,-535.0649350649351
-1.6999999999999995,0.0675,48693.00000000002,0.027251356912384,0.0190868103522974,-541.4347557204701
-1.6999999999999995,0.07,48733.00000000004,0.0276466188517855,0.0191380150046962,-547.804576376005
-1.6999999999999995,0.0725,48749.000000000015,0.0278816931247513,0.0193442510512623,-560.5442176870748
-1.6999999999999995,0.075,48777.00000000003,0.0281024927326331,0.0195620969978032,-569.6969696969699
-1.6999999999999995,0.0774999999999999,48819.00000000004,0.0281624825786037,0.0199380834123186,-576.4790764790766
-1.6999999999999995,0.0799999999999999,48844.000000000015,0.0283817386391241,0.0201689113200046,-582.7458256029686
-1.6999999999999995,0.0824999999999999,48890.00000000003,0.0288196955002899,0.0201992708594705,-589.9402185116471
-1.6999999999999995,0.0849999999999999,48904.00000000004,0.0290678476001245,0.0204054210086344,-604.3290043290044
-1.6999999999999995,0.0875,48921.00000000002,0.0291189137816761,0.0208009058518321,-611.523397237683
-1.6999999999999995,0.09,48966.00000000004,0.0293681609528069,0.0210137303392121,-611.523397237683
-1.6999999999999995,0.0925,48998.00000000004,0.0296186353324356,0.0212313935501328,-625.9121830550403
-1.6999999999999995,0.095,49034.00000000002,0.0298771386253934,0.0214413556732608,-640.3009688723976
-1.6999999999999995,0.0975,49072.00000000003,0.0302448403069416,0.021555166598365,-646.5677179962893
-1.6999999999999995,0.1,49099.00000000004,0.0302847030970328,0.021966786311308,-654.1743970315397
-1.5999999999999996,-0.1,48770.00000000004,0.0200111274431148,0.0116239825084833,77.05627705627705
-1.5999999999999996,-0.0975,48786.00000000003,0.0199875514094218,0.0115651499713519,72.54174397031542
-1.5999999999999996,-0.095,48830.00000000002,0.019947283775362,0.0115400092795897,59.74025974025976
-1.5999999999999996,-0.0925,48858.00000000005,0.0199325815069227,0.0114960947480908,49.78354978354979
-1.5999999999999996,-0.09,48866.00000000003,0.0199147968865793,0.0114623439605466,41.24922696351268
-1.5999999999999996,-0.0875,48885.00000000002,0.0199047740041839,0.0114270569927675,35.55967841682127
-1.5999999999999996,-0.085,48856.00000000003,0.0198964976641705,0.01140967694731,28.447742733457005
-1.5999999999999996,-0.0825,48884.00000000003,0.0198891632589043,0.0113969419439425,15.64625850340137
-1.5999999999999996,-0.08,48905.00000000002,0.0198909950842544,0.0113822387229542,5.689548546691398
-1.5999999999999996,-0.0775,48894.00000000003,0.0198921569341701,0.0113771464544505,-4.0404040404040416
-1.5999999999999996,-0.075,48923.00000000003,0.0199057556415703,0.0113756694014287,-12.801484230055664
-1.5999999999999996,-0.0725,48893.000000000015,0.019915280586035,0.0113825121832383,-17.068645640074223
-1.5999999999999996,-0.07,48891.00000000003,0.0199317747083243,0.0113968511845244,-27.02535559678418
-1.5999999999999996,-0.0675,48894.00000000002,0.0199481706526398,0.0114129403847598,-35.55967841682127
-1.5999999999999996,-0.065,48928.00000000003,0.019982995161421,0.0114270481620834,-46.938775510204096
-1.5999999999999996,-0.0625,48957.00000000003,0.0200078501733492,0.0114633745671516,-52.62832405689549
-1.5999999999999996,-0.06,48968.000000000015,0.0200587313671478,0.0114775771804677,-65.42980828695117
-1.5999999999999996,-0.0575,48962.00000000003,0.0200964011864266,0.0115111204597531,-75.22160379303236
-1.5999999999999996,-0.055,48942.00000000003,0.0201401473136646,0.0115528475588132,-82.56029684601114
-1.5999999999999996,-0.0525,48927.00000000005,0.020169479347876,0.0116148388449017,-94.37229437229436
-1.5999999999999996,-0.05,48953.00000000003,0.0202052858807736,0.0116998561755276,-98.86621315192744
-1.5999999999999996,-0.0475,48957.00000000002,0.0202965177958365,0.0117102132551664,-110.1010101010101
-1.5999999999999996,-0.045,48981.00000000003,0.0203025553941189,0.0118440859209339,-119.08884766027624
-1.5999999999999996,-0.0425,49006.00000000002,0.0204270582046088,0.0118402036853407,-132.57060399917543
-1.5999999999999996,-0.04,49028.00000000005,0.0204768210589204,0.0119311928113435,-143.8054009482581
-1.5999999999999996,-0.0375,49034.00000000003,0.020552695783123,0.0120088646092993,-152.79323850752425
-1.5999999999999996,-0.035,49020.00000000002,0.0206297101797954,0.0120890562561165,-154.23623995052571
-1.5999999999999996,-0.0325,49045.00000000003,0.0207324018675354,0.0121463687633192,-167.5324675324676
-1.5999999999999996,-0.03,49065.00000000002,0.020830115053872,0.0122309304521693,-178.14883529169242
-1.5999999999999996,-0.0275,49027.00000000003,0.0208899067984731,0.0123571758910789,-181.22036693465265
-1.5999999999999996,-0.025,49038.00000000002,0.0210139956328391,0.0124227143409791,-196.5780251494537
-1.5999999999999996,-0.0225,49071.00000000005,0.0210487243067917,0.0126023441740413,-196.57802514945368
-1.5999999999999996,-0.02,49081.00000000003,0.0211518879770702,0.0127112305639772,-215.007215007215
-1.5999999999999996,-0.0175,49054.00000000005,0.0213314709981729,0.0127442374231433,-221.1502782931354
-1.5999999999999996,-0.015,49056.00000000003,0.0214062238026086,0.0129039048131082,-224.22180993609564
-1.5999999999999996,-0.0124999999999999,49099.00000000005,0.0214786093381275,0.0130735221909289,-236.89960832817977
-1.5999999999999996,-0.01,49101.00000000003,0.021640948088035,0.0131471965559937,-247.3510616367759
-1.5999999999999996,-0.0075,49106.00000000005,0.0217319591998867,0.0133057704286621,-253.2467532467533
-1.5999999999999996,-0.005,49102.00000000003,0.0218046166359777,0.0135008478759228,-264.935064935065
-1.5999999999999996,-0.0025,49138.00000000005,0.0220479947333247,0.0135129903140441,-272.72727272727275
-1.5999999999999996,0.0,49134.00000000003,0.0221218033809261,0.0137139964573403,-284.4155844155845
-1.5999999999999996,0.0025,49167.00000000004,0.0222584528454686,0.0138596976441229,-292.2077922077923
-1.5999999999999996,0.0049999999999999,49217.00000000003,0.0224019574366753,0.014005243202457,-300.0000000000001
-1.5999999999999996,0.0074999999999999,49247.00000000004,0.0226166469304728,0.014085320912348,-311.6883116883117
-1.5999999999999996,0.0099999999999999,49271.00000000003,0.0226992249596924,0.0143081817251197,-323.37662337662346
-1.5999999999999996,0.0124999999999999,49300.00000000004,0.0229529749930742,0.014361527068365,-327.437641723356
-1.5999999999999996,0.015,49323.00000000003,0.0229821693452515,0.0146591623312014,-335.168006596578
-1.5999999999999996,0.0175,49345.00000000004,0.0231395011660482,0.014820673392272,-344.6093588950731
-1.5999999999999996,0.0199999999999999,49393.00000000003,0.0233101509160356,0.0149871234962152,-354.05071119356825
-1.5999999999999996,0.0224999999999999,49415.00000000004,0.0235668978412916,0.0150604820623586,-358.77138734281584
-1.5999999999999996,0.0249999999999999,49435.00000000002,0.0237442608631795,0.0152281320829368,-368.212739641311
-1.5999999999999996,0.0274999999999999,49460.00000000004,0.0239191755185562,0.0154016810685034,-377.65409193980616
-1.5999999999999996,0.03,49474.00000000002,0.0241009667773377,0.0155737390615369,-387.09544423830135
-1.5999999999999996,0.0325,49482.00000000004,0.0242858875290971,0.0157495530356393,-396.5367965367964
-1.5999999999999996,0.035,49504.000000000015,0.0243598035333287,0.0160411756278371,-405.504019789734
-1.5999999999999996,0.0375,49530.00000000003,0.0245526973969309,0.0162206311440961,-415.7699443413729
-1.5999999999999996,0.04,49546.00000000004,0.0248448979330745,0.016307134726102,-421.4388785817357
-1.5999999999999996,0.0425,49580.00000000003,0.0250416098655954,0.0164939485864539,-432.5293753865183
-1.5999999999999996,0.0449999999999999,49577.00000000004,0.0252475680807817,0.0166812409288561,-443.6198721913008
-1.5999999999999996,0.0474999999999999,49630.00000000002,0.025323838444075,0.0169934519097138,-449.16512059369205
-1.5999999999999996,0.0499999999999999,49677.00000000004,0.0256617950665931,0.0170621243464552,-454.7103689960833
-1.5999999999999996,0.0524999999999999,49691.00000000004,0.0258767589606924,0.0172492800005178,-465.8008658008658
-1.5999999999999996,0.0549999999999999,49696.00000000003,0.026085410053827,0.0174448139292219,-476.8913626056483
-1.5999999999999996,0.0574999999999999,49751.00000000004,0.0261714521482705,0.0177670412301054,-476.602762317048
-1.5999999999999996,0.06,49804.00000000002,0.0265440920162435,0.0178253095941274,-494.47536590393736
-1.5999999999999996,0.0625,49857.00000000004,0.02657630866626,0.018200823156655,-503.2158317872604
-1.5999999999999996,0.065,49883.00000000004,0.0269627906433421,0.0182500006003498,-509.5856524427953
-1.5999999999999996,0.0675,49890.00000000002,0.027029406891072,0.0186030394285363,-515.9554730983302
-1.5999999999999996,0.07,49922.00000000004,0.0272594039472274,0.0188069704295636,-528.6951144094003
-1.5999999999999996,0.0725,49975.000000000015,0.0276669327211245,0.0188564990105652,-535.0649350649351
-1.5999999999999996,0.075,50000.00000000003,0.0277377415691239,0.0192096958355805,-541.4347557204701
-1.5999999999999996,0.0774999999999999,49996.00000000004,0.0279761119622744,0.0194205570260323,-554.1743970315399
-1.5999999999999996,0.0799999999999999,50036.000000000015,0.0281942621202276,0.0196509446738055,-562.9148629148631
-1.5999999999999996,0.0824999999999999,50089.00000000004,0.0286262015437332,0.0196902709861824,-569.6969696969699
-1.5999999999999996,0.0849999999999999,50124.00000000004,0.028684565240109,0.0200697680226552,-576.4790764790766
-1.5999999999999996,0.0875,50135.000000000015,0.0289195153962062,0.020296299916994,-582.7458256029686
-1.5999999999999996,0.09,50159.00000000004,0.029169904238843,0.0205083893986557,-597.1346114203258
-1.5999999999999996,0.0925,50189.00000000004,0.0294262312142716,0.0207176487777774,-611.523397237683
-1.5999999999999996,0.095,50249.000000000015,0.0296861657846452,0.0209278320194977,-611.523397237683
-1.5999999999999996,0.0975,50276.00000000004,0.0299434109592711,0.0211451601561518,-625.9121830550403
-1.5999999999999996,0.1,50278.00000000004,0.0302103515107016,0.0213565356634134,-625.9121830550403
-1.5,-0.1,49873.00000000005,0.0201182905694954,0.0117491837319741,103.36013193156052
-1.5,-0.0975,49853.00000000003,0.0200860478226844,0.0116791197203706,92.12533498247782
-1.5,-0.095,49827.00000000002,0.0200313332122092,0.0116370873636019,80.72562358276645
-1.5,-0.0925,49832.00000000005,0.0199863238000614,0.0115972396203973,71.11935683364257
-1.5,-0.09,49883.00000000003,0.0199832573422971,0.0115280460217435,68.27458256029686
-1.5,-0.0875,49895.00000000002,0.0199391577923584,0.0115088224215709,54.05071119356835
-1.5,-0.085,49898.00000000005,0.0199213965037493,0.0114719926809351,45.51638837353124
-1.5,-0.0825,49928.00000000003,0.0199022185469347,0.0114431649422832,36.98206555349413
-1.5,-0.08,49943.00000000002,0.0198994826106089,0.0114127347005939,31.29251700680271
-1.5,-0.0775,49917.00000000003,0.0198906839224175,0.0113943089335434,19.91341991341993
-1.5,-0.075,49943.00000000003,0.0198864707478358,0.0113795423702229,11.37909709338281
-1.5,-0.0725,49934.00000000002,0.0198865160119967,0.0113750511635164,3.030303030303031
-1.5,-0.07,49964.00000000003,0.0198966983412616,0.0113720539983004,-8.534322820037104
-1.5,-0.0675,49958.00000000002,0.0199087104566236,0.0113740770907542,-17.068645640074223
-1.5,-0.065,49949.00000000004,0.0199281709925608,0.0113811893453102,-25.6029684601113
-1.5,-0.0625,49948.00000000003,0.0199431335090998,0.0114028535619197,-31.29251700680271
-1.5,-0.06,49996.000000000015,0.019969262264921,0.0114220635015045,-39.82683982683983
-1.5,-0.0575,50012.00000000003,0.0200064737571171,0.0114375277899691,-54.05071119356835
-1.5,-0.055,50043.00000000003,0.0200269771995862,0.0114839757629279,-61.16264687693261
-1.5,-0.0525,50038.00000000004,0.0200848825545025,0.0114993766220134,-71.11935683364257
-1.5,-0.05,50012.00000000003,0.0201262773752943,0.0115367906477985,-78.89095031952175
-1.5,-0.0475,50037.00000000002,0.0201713805239358,0.0115850034109714,-87.63141620284478
-1.5,-0.045,50005.00000000003,0.020226173282119,0.01163606284845,-96.6192537621109
-1.5,-0.0425,50033.00000000003,0.0202841470481587,0.0116904883575452,-105.60709132137706
-1.5,-0.04,50032.00000000005,0.020345075222113,0.0117514360768882,-114.59492888064318
-1.5,-0.0375,50051.00000000003,0.0204090482658968,0.0118149651992554,-123.5827664399093
-1.5,-0.035,50079.00000000002,0.0204625438009193,0.0119038601306143,-134.81756338899197
-1.5,-0.0325,50086.00000000003,0.020572453731185,0.0119444338568768,-148.29931972789117
-1.5,-0.03,50080.00000000002,0.0206326670332936,0.0120454173259638,-150.5462791177077
-1.5,-0.0275,50066.00000000003,0.0206979826497577,0.0121457369809865,-159.55473098330245
-1.5,-0.025,50086.00000000002,0.0207878747097203,0.0122345682726599,-168.93424036281178
-1.5,-0.0225,50081.00000000003,0.0209109103350352,0.0122927087648022,-184.29189857761284
-1.5,-0.02,50087.00000000003,0.0210069842546108,0.0123902854998034,-190.4349618635333
-1.5,-0.0175,50090.00000000005,0.0210745305879532,0.0125296817302195,-199.6495567924139
-1.5,-0.015,50123.00000000003,0.0212159580153173,0.0125956511350698,-208.8641517212946
-1.5,-0.0124999999999999,50108.00000000005,0.0212886741234263,0.0127454707209501,-218.0787466501752
-1.5,-0.01,50142.00000000003,0.0214390216581124,0.01282163884411,-227.29334157905583
-1.5,-0.0075,50147.00000000005,0.021480672488515,0.0130276808251423,-233.43640486497628
-1.5,-0.005,50170.00000000003,0.0215980136694755,0.0131527422208423,-243.86724386724387
-1.5,-0.0025,50131.00000000005,0.0217743030171798,0.0132289676603485,-247.3510616367759
-1.5,0.0,50170.00000000003,0.0219308395734909,0.0133285149796469,-264.93506493506504
-1.5,0.0025,50183.00000000005,0.0220664003960219,0.0134614587726557,-272.72727272727275
-1.5,0.0049999999999999,50180.00000000003,0.0221441343008489,0.0136631179464819,-276.62337662337666
-1.5,0.0074999999999999,50235.00000000005,0.0223501499411481,0.0137402521668492,-288.3116883116884
-1.5,0.0099999999999999,50221.00000000003,0.0224317541141012,0.0139531719418362,-300.0000000000001
-1.5,0.0124999999999999,50281.00000000004,0.0225807469140527,0.0140998286563416,-307.7922077922078
-1.5,0.015,50296.00000000003,0.0228059184981959,0.0141850099456678,-311.6883116883117
-1.5,0.0175,50344.00000000004,0.0229209137881293,0.0143832345822771,-323.12925170068024
-1.5,0.0199999999999999,50369.00000000003,0.0230828668499432,0.0145420868127313,-331.74603174603175
-1.5,0.0224999999999999,50427.00000000004,0.0232798466035068,0.01467451148897,-339.8886827458255
-1.5,0.0249999999999999,50456.00000000002,0.0234545554970998,0.0148341778973253,-349.3300350443207
-1.5,0.0274999999999999,50486.00000000004,0.0236277611463876,0.0149995560511425,-358.77138734281584
-1.5,0.03,50507.00000000002,0.0238041030806019,0.0151653878688365,-368.212739641311
-1.5,0.0325,50526.00000000004,0.0238904469873644,0.015431105346445,-372.93341579055857
-1.5,0.035,50592.000000000015,0.0240804585923912,0.0156042888305314,-382.37476808905376
-1.5,0.0375,50583.00000000003,0.0242672608333439,0.0157802151967971,-391.8161203875489
-1.5,0.04,50613.00000000004,0.024562809802161,0.0158644748398788,-400.3710575139146
-1.5,0.0425,50631.00000000003,0.0247582891448325,0.0160445872451372,-410.6369820655534
-1.5,0.0449999999999999,50615.00000000004,0.0249511757315153,0.0162366397316793,-421.4388785817357
-1.5,0.0474999999999999,50643.000000000015,0.0250272920738385,0.0165458227609489,-426.984126984127
-1.5,0.0499999999999999,50670.00000000004,0.0253607800582233,0.0166101705445002,-432.5293753865183
-1.5,0.0524999999999999,50734.00000000004,0.0255792968987693,0.0167932080004949,-443.6198721913008
-1.5,0.0549999999999999,50787.00000000003,0.0257931924563411,0.01698348967112,-454.7103689960833
-1.5,0.0574999999999999,50787.00000000004,0.0258761677125783,0.0172978311569799,-460.25561739847456
-1.5,0.06,50817.00000000002,0.0261003509988687,0.0174926369812856,-471.34611420325706
-1.5,0.0625,50856.00000000004,0.0263234725895331,0.0176867228144456,-476.602762317048
-1.5,0.065,50910.00000000004,0.0265504250704053,0.0178811832632719,-488.5178313749743
-1.5,0.0675,50930.00000000002,0.0267855141586325,0.018079602588928,-500.4329004329004
-1.5,0.07,50969.00000000004,0.0269738201010291,0.0183195264362108,-503.2158317872604
-1.5,0.0725,51001.000000000015,0.0272093654653559,0.018520613172676,-515.9554730983302
-1.5,0.075,51041.00000000003,0.027623884537724,0.0185692175910756,-522.3252937538653
-1.5,0.0774999999999999,51064.00000000004,0.0276920034419041,0.0189259656529654,-528.6951144094003
-1.5,0.0799999999999999,51092.00000000002,0.0279352738103179,0.0191240705038384,-541.4347557204701
-1.5,0.0824999999999999,51137.00000000004,0.0281847957489274,0.0193352168892736,-554.1743970315399
-1.5,0.0849999999999999,51160.00000000004,0.0284099835914427,0.0195641544489273,-562.9148629148631
-1.5,0.0875,51164.00000000002,0.0286638981850262,0.0197707081787357,-562.9148629148631
-1.5,0.09,51220.00000000004,0.0289177072567597,0.0199811975335749,-576.4790764790766
-1.5,0.0925,51257.00000000004,0.0291574948733109,0.020210438144684,-582.7458256029686
-1.5,0.095,51291.00000000002,0.0294206791538655,0.0204194698263541,-597.1346114203258
-1.5,0.0975,51343.00000000003,0.0296812301160294,0.0206313796909375,-597.1346114203258
-1.5,0.1,51353.00000000004,0.0299448048305365,0.0208422822653905,-611.523397237683
-1.4,-0.1,50733.00000000005,0.0202254885459171,0.0119418616722864,121.33580705009275
-1.4,-0.0975,50733.00000000003,0.0201850912695331,0.011846879939327,110.1010101010101
-1.4,-0.095,50744.00000000002,0.0201335123284704,0.011779989197981,101.11317254174398
-1.4,-0.0925,50717.00000000005,0.0200879705195062,0.0117159495235919,92.12533498247784
-1.4,-0.09,50716.00000000003,0.0200627229818827,0.0116392417167886,86.22964337250052
-1.4,-0.0875,50721.00000000002,0.0200252246226256,0.0115895409049548,78.89095031952175
-1.4,-0.085,50754.00000000005,0.0199766585910176,0.0115582289776738,65.42980828695117
-1.4,-0.0825,50780.00000000003,0.0199488106680909,0.0115191925637711,56.89548546691405
-1.4,-0.08,50778.00000000002,0.0199306687372471,0.0114808386263189,48.36116264687695
-1.4,-0.0775,50818.00000000005,0.0199103030428581,0.0114488012953485,39.82683982683983
-1.4,-0.075,50829.00000000003,0.0199035859692344,0.0114157682631409,34.13729128014842
-1.4,-0.0725,50787.00000000002,0.0198953140617842,0.01139626198283,24.180581323438474
-1.4,-0.07,50830.00000000003,0.0198879997196756,0.0113843982521398,11.37909709338281
-1.4,-0.0675,50855.00000000003,0.019891590247891,0.0113749763265,5.050505050505052
-1.4,-0.065,50844.00000000005,0.0198970958792556,0.0113698542971202,-2.0202020202020208
-1.4,-0.0625,50857.00000000003,0.0199135665047704,0.0113670070684442,-14.223871366728517
-1.4,-0.06,50854.00000000002,0.0199305816796681,0.0113755164297815,-22.758194186765635
-1.4,-0.0575,50867.00000000004,0.019939241882798,0.0113971120072474,-29.87012987012986
-1.4,-0.055,50909.00000000003,0.0199681265904105,0.0114094605035373,-42.671614100185536
-1.4,-0.0525,50925.00000000004,0.0200013097637342,0.0114298363764728,-49.78354978354979
-1.4,-0.05,50956.00000000003,0.0200383225468317,0.0114575542247928,-55.4730983302412
-1.4,-0.0475,50970.00000000002,0.0200828191588293,0.0114906566057062,-69.69696969696972
-1.4,-0.045,50959.00000000003,0.0201287988631329,0.0115187570395477,-75.22160379303236
-1.4,-0.0425,50995.00000000002,0.0201780293032675,0.0115654952281746,-86.22964337250049
-1.4,-0.04,50939.00000000005,0.0202005023369236,0.011644354211723,-92.12533498247782
-1.4,-0.0375,50949.00000000003,0.0202600999754918,0.0117006884099801,-101.11317254174398
-1.4,-0.035,50967.00000000002,0.0203209150449157,0.0117605289689462,-110.10101010101012
-1.4,-0.0325,51011.00000000003,0.0203894703119824,0.0118272705935076,-119.08884766027624
-1.4,-0.03,51009.00000000002,0.020438515854992,0.0119172187061541,-134.81756338899194
-1.4,-0.0275,51027.00000000003,0.0205437929848489,0.0119565204376629,-139.31148216862502
-1.4,-0.025,51042.00000000003,0.0206265317325872,0.0120358674933529,-148.29931972789117
-1.4,-0.0225,51027.00000000005,0.0207174948556355,0.0121129316702686,-159.55473098330245
-1.4,-0.02,51031.00000000003,0.0207775991505008,0.0122296245141229,-167.53246753246756
-1.4,-0.0175,51047.00000000005,0.0208696697104316,0.0123259293613925,-178.14883529169242
-1.4,-0.015,51027.00000000003,0.0210317870822216,0.0123518232491157,-190.4349618635333
-1.4,-0.0124999999999999,51050.00000000005,0.0210665687939338,0.0125308550509066,-202.72108843537416
-1.4,-0.01,51074.00000000003,0.0212115640169672,0.0125957139649933,-205.7926200783344
-1.4,-0.0075,51085.00000000005,0.0212804141123356,0.012746524358936,-221.1502782931354
-1.4,-0.005,51086.00000000003,0.021355781670421,0.0129070281365244,-224.22180993609564
-1.4,-0.0025,51086.00000000005,0.0215566136535354,0.0129397895757814,-230.3648732220161
-1.4,0.0,51109.00000000003,0.021634750621657,0.0131115339396108,-243.86724386724387
-1.4,0.0025,51112.00000000005,0.0217617823176385,0.0132394418298599,-257.8025149453721
-1.4,0.0049999999999999,51131.00000000003,0.021918294751179,0.0133440595773361,-261.03896103896113
-1.4,0.0074999999999999,51143.00000000005,0.0220536823346142,0.0134781876703283,-268.83116883116884
-1.4,0.0099999999999999,51176.00000000003,0.0221352013353043,0.0136806105740291,-280.51948051948057
-1.4,0.0124999999999999,51174.00000000005,0.0224070692681691,0.0136920256269837,-288.3116883116884
-1.4,0.015,51180.00000000003,0.0225530491236805,0.0138358057654342,-296.1038961038962
-1.4,0.0175,51198.00000000005,0.0226390088692137,0.0140498074139669,-300.0000000000001
-1.4,0.0199999999999999,51225.00000000003,0.0228682221535523,0.0141317564104057,-311.6883116883117
-1.4,0.0224999999999999,51269.00000000004,0.0229870316073198,0.0143283559117324,-323.12925170068024
-1.4,0.0249999999999999,51286.00000000003,0.0231515646248425,0.0144886731186706,-331.74603174603175
-1.4,0.0274999999999999,51328.00000000004,0.0232662656586542,0.0147080730569802,-335.168006596578
-1.4,0.03,51363.00000000002,0.0234369291487545,0.0148687373714996,-344.6093588950731
-1.4,0.0325,51392.00000000004,0.0237095084586678,0.0149431820254925,-358.77138734281584
-1.4,0.035,51421.00000000002,0.0238947327426053,0.0151092503396453,-368.212739641311
-1.4,0.0375,51460.00000000003,0.0239760963484144,0.0153760598259069,-372.93341579055857
-1.4,0.04,51483.00000000004,0.0241703037585833,0.0155445133493581,-382.37476808905376
-1.4,0.0425,51495.00000000003,0.0243627743100312,0.0157214680840817,-391.8161203875489
-1.4,0.0449999999999999,51508.00000000004,0.0246625535164633,0.0158016788366598,-400.3710575139146
-1.4,0.0474999999999999,51572.00000000002,0.0248650780029857,0.0159840220181099,-410.6369820655534
-1.4,0.0499999999999999,51570.00000000004,0.0250599995907993,0.0161765824179382,-421.4388785817357
-1.4,0.0524999999999999,51567.00000000004,0.0252705881657828,0.0163592290538169,-421.4388785817357
-1.4,0.0549999999999999,51606.00000000003,0.0254757703509996,0.0165471404452963,-432.5293753865183
-1.4,0.0574999999999999,51653.00000000004,0.0256998971829475,0.0167310230211547,-443.6198721913008
-1.4,0.06,51675.000000000015,0.0259216594425532,0.0169183352385746,-454.7103689960833
-1.4,0.0625,51701.00000000004,0.0260064414076352,0.0172328356089037,-460.25561739847456
-1.4,0.065,51724.00000000004,0.0262302546457969,0.0174250246780916,-471.34611420325706
-1.4,0.0675,51778.00000000003,0.02646162729165,0.0176206285986861,-476.602762317048
-1.4,0.07,51814.00000000004,0.0266927458293455,0.0178151947426952,-488.5178313749743
-1.4,0.0725,51857.00000000002,0.026930255918986,0.0180117474648236,-488.5178313749743
-1.4,0.075,51910.00000000003,0.0272934637220788,0.018101664267366,-509.5856524427953
-1.4,0.0774999999999999,51925.00000000004,0.0273642054865014,0.0184512555921703,-515.9554730983302
-1.4,0.0799999999999999,51943.000000000015,0.0276126077728254,0.0186539821974309,-515.9554730983302
-1.4,0.0824999999999999,51981.00000000004,0.0280373604011975,0.0187027604916282,-535.0649350649351
-1.4,0.0849999999999999,52022.00000000004,0.0281091179442952,0.0190555217673602,-541.4347557204701
-1.4,0.0875,52074.000000000015,0.0285426676854083,0.0191047968938776,-547.804576376005
-1.4,0.09,52063.00000000004,0.0286168284539198,0.0194701262580557,-554.1743970315399
-1.4,0.0925,52099.00000000004,0.0288578023100536,0.0196979978801795,-562.9148629148631
-1.4,0.095,52155.00000000002,0.0291178344845153,0.0199070175740985,-576.4790764790766
-1.4,0.0975,52192.00000000004,0.0295870615602462,0.0199470287993002,-583.2611832611834
-1.4,0.1,52228.00000000004,0.0296312026329627,0.0203458088650371,-597.1346114203258
-1.2999999999999998,-0.1,51380.00000000005,0.0203816065632946,0.0121079963794812,141.55844155844156
-1.2999999999999998,-0.0975,51386.00000000003,0.0203101168889822,0.0120199421067737,132.57060399917543
-1.2999999999999998,-0.095,51377.00000000002,0.0202467049527238,0.0119426660128137,123.5827664399093
-1.2999999999999998,-0.0925,51371.00000000005,0.0201725933179164,0.011881068671111,116.84188827045972
-1.2999999999999998,-0.09,51362.00000000003,0.0201378869217877,0.0117947005625907,105.60709132137706
-1.2999999999999998,-0.0875,51368.00000000002,0.0200868286434335,0.0117270320820617,96.6192537621109
-1.2999999999999998,-0.085,51370.00000000005,0.0200450441083548,0.0116702967306094,87.63141620284478
-1.2999999999999998,-0.0825,51363.00000000003,0.020006494209209,0.0116129190864829,78.89095031952175
-1.2999999999999998,-0.08,51338.00000000002,0.0199683841636073,0.0115645327518764,68.27458256029688
-1.2999999999999998,-0.0775,51398.00000000005,0.01993614965831,0.0115279861177564,61.16264687693261
-1.2999999999999998,-0.075,51416.00000000003,0.0199124883289441,0.0114924921492626,48.36116264687695
-1.2999999999999998,-0.0725,51432.00000000002,0.0198979934120898,0.0114503766711127,42.671614100185536
-1.2999999999999998,-0.07,51446.00000000005,0.0198886174132139,0.0114101543038644,36.98206555349413
-1.2999999999999998,-0.0675,51471.00000000003,0.0198744350196043,0.0113973084755551,31.29251700680271
-1.2999999999999998,-0.065,51451.00000000005,0.0198660091328368,0.0113818939176049,19.91341991341993
-1.2999999999999998,-0.0625,51471.00000000003,0.0198677458673469,0.0113657730745265,7.111935683364251
-1.2999999999999998,-0.06,51474.00000000002,0.0198709968400196,0.0113599292630046,-2.0202020202020208
-1.2999999999999998,-0.0575,51480.00000000003,0.0198830715160684,0.0113570686269572,-9.956709956709958
-1.2999999999999998,-0.055,51482.00000000003,0.0198947986169672,0.0113640908631159,-18.49103277674708
-1.2999999999999998,-0.0525,51487.00000000005,0.0199159180756677,0.0113747896538337,-28.447742733457005
-1.2999999999999998,-0.05,51498.00000000003,0.0199303228056868,0.0113969388004014,-35.55967841682127
-1.2999999999999998,-0.0475,51537.00000000002,0.0199606660262114,0.0114150612797267,-48.36116264687693
-1.2999999999999998,-0.045,51563.00000000005,0.0199944032088298,0.0114461756352268,-56.89548546691405
-1.2999999999999998,-0.0425,51583.00000000003,0.0200277681728642,0.0114818495575928,-64.00742115027832
-1.2999999999999998,-0.04,51573.00000000005,0.0200842078821468,0.0114967360968606,-73.96413110698828
-1.2999999999999998,-0.0375,51581.00000000003,0.0201164721609154,0.0115604847579914,-78.89095031952175
-1.2999999999999998,-0.035,51577.00000000002,0.0201855673559581,0.0115882579295892,-92.12533498247784
-1.2999999999999998,-0.0325,51575.00000000003,0.0202217555483091,0.0116695164955577,-96.6192537621109
-1.2999999999999998,-0.03,51594.00000000002,0.0202792657405502,0.0117276095074569,-105.60709132137706
-1.2999999999999998,-0.0275,51594.00000000005,0.0203429509723256,0.0117929589617849,-114.59492888064317
-1.2999999999999998,-0.025,51598.00000000002,0.0204476349090145,0.0118241105809761,-128.07668521954236
-1.2999999999999998,-0.0225,51613.00000000003,0.020540558250599,0.0118736659103861,-139.31148216862505
-1.2999999999999998,-0.02,51642.00000000003,0.0206241101366734,0.0119507772667611,-148.29931972789117
-1.2999999999999998,-0.0175,51646.00000000005,0.0207132413975689,0.0120317570487589,-157.2871572871573
-1.2999999999999998,-0.015,51641.00000000003,0.0207885810945378,0.0121291428671323,-167.5324675324676
-1.2999999999999998,-0.0124999999999999,51655.00000000005,0.0208606203359324,0.0122479510439986,-175.07730364873223
-1.2999999999999998,-0.01,51676.00000000003,0.0209555987145335,0.0123421096516098,-181.22036693465265
-1.2999999999999998,-0.0075,51671.00000000005,0.0210944844001337,0.0124089633529168,-196.5780251494537
-1.2999999999999998,-0.005,51687.00000000003,0.0211703366547789,0.0125506605308485,-205.7926200783344
-1.2999999999999998,-0.0025,51695.00000000005,0.0213190641022816,0.0126183833299142,-208.8641517212946
-1.2999999999999998,0.0,51741.00000000003,0.0213954327868552,0.0127721098553722,-218.0787466501752
-1.2999999999999998,0.0025,51750.00000000005,0.0215213882384627,0.0128912326365751,-224.22180993609564
-1.2999999999999998,0.0049999999999999,51744.00000000003,0.0215994087412952,0.0130560693742868,-239.57946815089676
-1.2999999999999998,0.0074999999999999,51749.00000000005,0.0217765966509327,0.0131323039582507,-247.3510616367759
-1.2999999999999998,0.0099999999999999,51745.00000000003,0.0218278576982156,0.013349238348292,-257.1428571428572
-1.2999999999999998,0.0124999999999999,51791.00000000005,0.022086294190224,0.0133601471178115,-264.93506493506504
-1.2999999999999998,0.015,51798.00000000003,0.0222315357099642,0.0134983781781567,-272.72727272727275
-1.2999999999999998,0.0175,51833.00000000005,0.0223791613278195,0.0136342085393862,-280.51948051948057
-1.2999999999999998,0.0199999999999999,51860.00000000003,0.0225358807351289,0.0137774866147227,-288.3116883116884
-1.2999999999999998,0.0224999999999999,51875.00000000005,0.0226933757344365,0.0139218535606277,-296.1038961038962
-1.2999999999999998,0.0249999999999999,51899.00000000003,0.0228564647431184,0.0140686173305468,-311.6883116883117
-1.2999999999999998,0.0274999999999999,51931.00000000004,0.0229507219048487,0.0142916017362226,-315.58441558441564
-1.2999999999999998,0.03,51966.00000000002,0.0232290109604564,0.0143438231073336,-327.437641723356
-1.2999999999999998,0.0325,51983.00000000004,0.0234071206145577,0.0145012372297669,-336.0544217687075
-1.2999999999999998,0.035,52027.00000000002,0.0235305404333804,0.0147114179630077,-339.8886827458255
-1.2999999999999998,0.0375,52047.00000000004,0.0237150392440864,0.0148767228852059,-349.3300350443207
-1.2999999999999998,0.04,52091.00000000004,0.023805273043065,0.0151314573828016,-354.05071119356825
-1.2999999999999998,0.0425,52124.00000000003,0.0240936059552049,0.0152048052787943,-368.212739641311
-1.2999999999999998,0.0449999999999999,52145.00000000004,0.0242924853417936,0.0153805302798138,-377.65409193980616
-1.2999999999999998,0.0474999999999999,52178.00000000002,0.0244904384258136,0.015552517626755,-387.09544423830135
-1.2999999999999998,0.0499999999999999,52186.00000000004,0.0246970669434164,0.0157254192377883,-396.5367965367964
-1.2999999999999998,0.0524999999999999,52251.00000000004,0.0247784307762598,0.0160157559131647,-405.504019789734
-1.2999999999999998,0.0549999999999999,52249.00000000003,0.0249889871631228,0.016197422561561,-415.7699443413729
-1.2999999999999998,0.0574999999999999,52296.00000000004,0.0253155079104778,0.0162813955139575,-421.4388785817357
-1.2999999999999998,0.06,52353.00000000002,0.0255277133179695,0.016468441438981,-432.5293753865183
-1.2999999999999998,0.0625,52394.00000000004,0.0257493610121149,0.0166553051996886,-443.6198721913008
-1.2999999999999998,0.065,52400.00000000004,0.0258392744977647,0.0169660069582067,-449.16512059369205
-1.2999999999999998,0.0675,52446.00000000002,0.026068971825793,0.017154265671503,-460.25561739847456
-1.2999999999999998,0.07,52441.00000000004,0.0262967344004914,0.0173471833207647,-460.25561739847456
-1.2999999999999998,0.0725,52482.00000000002,0.0265353307502847,0.0175429650628738,-471.34611420325706
-1.2999999999999998,0.075,52539.00000000003,0.0269338924673236,0.0175991867862031,-482.5602968460111
-1.2999999999999998,0.0774999999999999,52570.00000000004,0.0270143212410672,0.0179317171418599,-488.5178313749743
-1.2999999999999998,0.0799999999999999,52615.00000000002,0.0272169882399189,0.0181715261267335,-503.2158317872604
-1.2999999999999998,0.0824999999999999,52658.00000000004,0.0276442008429824,0.0182188472078045,-509.5856524427953
-1.2999999999999998,0.0849999999999999,52690.00000000004,0.027717268937869,0.0185703328387788,-515.9554730983302
-1.2999999999999998,0.0875,52729.00000000002,0.0279700715020311,0.0187740637513108,-528.6951144094003
-1.2999999999999998,0.09,52758.00000000004,0.0282266714796392,0.0189733963482212,-528.6951144094003
-1.2999999999999998,0.0925,52761.00000000004,0.0284819719577183,0.0191756454322429,-541.4347557204701
-1.2999999999999998,0.095,52831.00000000002,0.0287454769962992,0.0193837382234865,-554.1743970315399
-1.2999999999999998,0.0975,52837.00000000004,0.0289868664528802,0.0196130054941734,-562.9148629148631
-1.2999999999999998,0.1,52888.00000000004,0.0292551876697889,0.0198189229206452,-562.9148629148631
-1.1999999999999995,-0.1,51788.00000000005,0.0206126948697674,0.0122968444735443,164.8732220160792
-1.1999999999999995,-0.0975,51831.00000000003,0.0205328063013144,0.0121967384333716,157.2871572871573
-1.1999999999999995,-0.095,51874.00000000002,0.0204790826352872,0.0120859084474124,146.05236033807464
-1.1999999999999995,-0.0925,51869.00000000005,0.0203840090513875,0.0120184273433135,139.31148216862502
-1.1999999999999995,-0.09,51870.00000000003,0.0203190452635891,0.0119393472226308,130.3236446093589
-1.1999999999999995,-0.0875,51887.00000000002,0.020273923959478,0.0118446450514904,119.08884766027624
-1.1999999999999995,-0.085,51872.00000000005,0.0201992040495719,0.011791282486507,112.34796949082664
-1.1999999999999995,-0.0825,51851.00000000003,0.0201449498010552,0.0117252054262864,103.36013193156052
-1.1999999999999995,-0.08,51844.00000000002,0.0200979402520085,0.0116637349972235,89.87837559266131
-1.1999999999999995,-0.0775,51865.00000000005,0.0200453744347656,0.0116236565427639,82.56029684601114
-1.1999999999999995,-0.075,51862.00000000003,0.0200262506448005,0.0115493976474624,75.38651824366113
-1.1999999999999995,-0.0725,51854.00000000002,0.019973168564049,0.0115273190312076,62.585034013605465
-1.1999999999999995,-0.07,51934.00000000005,0.0199459380599037,0.0114846559175199,54.05071119356835
-1.1999999999999995,-0.0675,51948.00000000003,0.0199385487355426,0.0114425352574968,48.36116264687693
-1.1999999999999995,-0.065,51944.00000000005,0.0199071545807376,0.0114204162142294,36.98206555349413
-1.1999999999999995,-0.0625,52001.00000000003,0.01990291507557,0.0113931806337259,31.29251700680271
-1.1999999999999995,-0.06,51971.00000000002,0.0198939527326168,0.0113754814218243,22.75819418676562
-1.1999999999999995,-0.0575,51983.00000000005,0.019893213054043,0.0113613313443034,8.534322820037104
-1.1999999999999995,-0.055,51969.00000000003,0.0198959238348488,0.0113546772431775,5.050505050505052
-1.1999999999999995,-0.0525,51988.00000000005,0.0199049377767546,0.0113513912249865,-8.534322820037104
-1.1999999999999995,-0.05,51995.00000000003,0.019918046836674,0.0113539532731491,-17.068645640074223
-1.1999999999999995,-0.0475,52019.00000000002,0.0199355807285893,0.0113679610249081,-21.335807050092782
-1.1999999999999995,-0.045,52040.00000000003,0.0199511277849058,0.0113833110549333,-31.29251700680271
-1.1999999999999995,-0.0425,52076.00000000003,0.0199767523600718,0.0114019821074708,-39.82683982683983
-1.1999999999999995,-0.04,52086.00000000005,0.020008437420247,0.0114324143672253,-54.05071119356835
-1.1999999999999995,-0.0375,52104.00000000003,0.0200543309842251,0.0114545120621151,-58.317872603586906
-1.1999999999999995,-0.035,52117.00000000002,0.0201020301294874,0.0114826494664154,-71.11935683364257
-1.1999999999999995,-0.0325,52125.00000000003,0.0201471505223585,0.0115196467507433,-78.89095031952175
-1.1999999999999995,-0.03,52125.00000000002,0.020210434037748,0.0115559303723531,-88.06431663574519
-1.1999999999999995,-0.0275,52101.00000000005,0.0202526743614282,0.011619185403473,-96.6192537621109
-1.1999999999999995,-0.025,52096.00000000002,0.0203134869472015,0.0116756999591354,-105.60709132137706
-1.1999999999999995,-0.0225,52128.00000000005,0.0203647859042939,0.011753114862615,-116.84188827045968
-1.1999999999999995,-0.02,52109.00000000003,0.0204458597693223,0.011801611521487,-123.5827664399093
-1.1999999999999995,-0.0175,52144.00000000005,0.0205031549760755,0.0118924117298688,-134.81756338899197
-1.1999999999999995,-0.015,52170.00000000003,0.0205839025312667,0.0119691017614559,-143.8054009482581
-1.1999999999999995,-0.0124999999999999,52167.00000000005,0.0206857038986588,0.0120319202430171,-150.5462791177077
-1.1999999999999995,-0.01,52176.00000000003,0.0207334300820089,0.012159552336378,-162.21397649969083
-1.1999999999999995,-0.0075,52177.00000000005,0.0208560883114256,0.0122245676772298,-170.19171304885597
-1.1999999999999995,-0.005,52186.00000000003,0.0209883528348692,0.0122836762473054,-184.29189857761284
-1.1999999999999995,-0.0025,52193.00000000005,0.021055636055575,0.0124190113189295,-187.36343022057304
-1.1999999999999995,0.0,52173.00000000003,0.0211951064487638,0.0124855646439268,-202.72108843537413
-1.1999999999999995,0.0025,52214.00000000005,0.0212740300043308,0.01263065019914,-211.9356833642548
-1.1999999999999995,0.0049999999999999,52209.00000000003,0.0213078756643079,0.0128285099340414,-211.9356833642548
-1.1999999999999995,0.0074999999999999,52227.00000000005,0.0215058163927101,0.0128611700477215,-230.3648732220161
-1.1999999999999995,0.0099999999999999,52249.00000000003,0.0215518696171576,0.0130693990048688,-236.5079365079365
-1.1999999999999995,0.0124999999999999,52287.00000000005,0.0218180505181486,0.0130530424493408,-243.86724386724387
-1.1999999999999995,0.015,52284.00000000003,0.0219555620750565,0.0131793902535767,-250.834879406308
-1.1999999999999995,0.0175,52319.00000000005,0.0221386031881289,0.0132716298043588,-261.03896103896113
-1.1999999999999995,0.0199999999999999,52321.00000000003,0.0221573847094445,0.0135281472610548,-268.83116883116884
-1.1999999999999995,0.0224999999999999,52342.00000000005,0.0223032439515667,0.0136688174620186,-276.62337662337666
-1.1999999999999995,0.0249999999999999,52378.00000000003,0.022524047672549,0.0137456435415453,-288.3116883116884
-1.1999999999999995,0.0274999999999999,52397.00000000005,0.0226800495297422,0.0138896314844867,-296.1038961038962
-1.1999999999999995,0.03,52421.00000000002,0.0228433498094024,0.014037669598754,-303.896103896104
-1.1999999999999995,0.0325,52462.00000000004,0.023014522021357,0.0141891993899969,-311.6883116883117
-1.1999999999999995,0.035,52454.00000000002,0.0231354330966155,0.014387218730718,-323.12925170068024
-1.1999999999999995,0.0375,52483.00000000004,0.0233087478361689,0.0145450401968488,-331.74603174603175
-1.1999999999999995,0.04,52523.00000000005,0.0235207403877813,0.0146776075334162,-339.8886827458255
-1.1999999999999995,0.0425,52546.00000000003,0.0237072174656055,0.0148373316512644,-349.3300350443207
-1.1999999999999995,0.0449999999999999,52576.00000000004,0.0238954749408661,0.0150027892918861,-358.77138734281584
-1.1999999999999995,0.0474999999999999,52596.00000000002,0.0240847117737652,0.0151674400952065,-368.212739641311
-1.1999999999999995,0.0499999999999999,52624.00000000004,0.0242845545141505,0.0153372417504392,-377.65409193980616
-1.1999999999999995,0.0524999999999999,52663.00000000004,0.0243786381230691,0.0156063279285528,-382.37476808905376
-1.1999999999999995,0.0549999999999999,52702.00000000003,0.0245834007914096,0.0157810867776013,-391.8161203875489
-1.1999999999999995,0.0574999999999999,52781.00000000004,0.0247722645537928,0.0159732853085699,-395.2380952380952
-1.1999999999999995,0.06,52798.00000000002,0.024984281893878,0.0161536145059691,-405.504019789734
-1.1999999999999995,0.0625,52803.00000000004,0.0251794960821335,0.0163588113445677,-415.8936301793445
-1.1999999999999995,0.065,52867.00000000004,0.0255258921099515,0.0164214651957348,-432.5293753865183
-1.1999999999999995,0.0675,52897.00000000004,0.0256130658432446,0.016730006809481,-438.0746237889096
-1.1999999999999995,0.07,52940.00000000004,0.0259856749085789,0.0167936262697265,-443.6198721913008
-1.1999999999999995,0.0725,52971.00000000002,0.0260741031326695,0.0171088286846515,-449.16512059369205
-1.1999999999999995,0.075,53012.00000000004,0.0264508118146822,0.017172543775407,-465.8008658008658
-1.1999999999999995,0.0774999999999999,53002.00000000004,0.0265386058152703,0.0174922376620105,-471.34611420325706
-1.1999999999999995,0.0799999999999999,53051.00000000002,0.0267817173370498,0.0176896642891451,-482.4366110080396
-1.1999999999999995,0.0824999999999999,53088.00000000004,0.0270242077451551,0.0178801645220592,-488.5178313749743
-1.1999999999999995,0.0849999999999999,53109.00000000004,0.0272692536828834,0.018080360608119,-500.4329004329004
-1.1999999999999995,0.0875,53168.00000000002,0.0274787740305473,0.0183210720261537,-503.2158317872604
-1.1999999999999995,0.09,53210.00000000004,0.0277286173780007,0.0185192063429537,-515.9554730983302
-1.1999999999999995,0.0925,53260.00000000004,0.0281729805496252,0.0185670645990837,-522.3252937538653
-1.1999999999999995,0.095,53289.00000000002,0.0282459515952337,0.0189245071950585,-528.6951144094003
-1.1999999999999995,0.0975,53337.00000000004,0.0287028993211556,0.0189686678808765,-547.804576376005
-1.1999999999999995,0.1,53362.00000000004,0.0287765474887348,0.0193322624114512,-554.1743970315399
-1.0999999999999996,-0.1,52089.00000000005,0.0209191209796526,0.0124826833311379,187.36343022057304
-1.0999999999999996,-0.0975,52081.00000000003,0.0207859936656448,0.0124124083676546,178.14883529169242
-1.0999999999999996,-0.095,52090.00000000002,0.0206217218269574,0.012379251367504,165.86270871985158
-1.0999999999999996,-0.0925,52096.00000000005,0.0205396659808973,0.0122756111839744,156.89548546691407
-1.0999999999999996,-0.09,52100.00000000003,0.0204687183013546,0.0121713671833049,146.05236033807464
-1.0999999999999996,-0.0875,52121.00000000002,0.0204324705054492,0.0120420479995126,141.55844155844156
-1.0999999999999996,-0.085,52131.00000000005,0.0203367224402597,0.0119819899686325,130.3236446093589
-1.0999999999999996,-0.0825,52130.00000000003,0.0202718338623902,0.0119047435678288,121.33580705009275
-1.0999999999999996,-0.08,52153.00000000002,0.0201769672774852,0.0118653515966249,116.84188827045972
-1.0999999999999996,-0.0775,52154.00000000005,0.0201070466783215,0.0118121366187074,105.60709132137704
-1.0999999999999996,-0.075,52091.00000000003,0.020068915371959,0.0117283935221168,94.3722943722944
-1.0999999999999996,-0.0725,52121.00000000002,0.0200261061951026,0.0116703371931935,85.38445681302824
-1.0999999999999996,-0.07,52105.00000000005,0.0199952088057868,0.0116044053949766,75.22160379303236
-1.0999999999999996,-0.0675,52105.00000000003,0.0199651642684012,0.0115502248766893,66.85219542362402
-1.0999999999999996,-0.065,52128.00000000005,0.019929770574525,0.011516596965353,56.89548546691405
-1.0999999999999996,-0.0625,52168.00000000003,0.019908697334834,0.0114777902793378,48.36116264687695
-1.0999999999999996,-0.06,52189.00000000002,0.0198771746502012,0.0114552509154696,42.671614100185536
-1.0999999999999996,-0.0575,52184.00000000005,0.0198756886979967,0.0114125404121914,29.87012987012986
-1.0999999999999996,-0.055,52189.00000000003,0.0198607019999117,0.0113974758296238,22.758194186765635
-1.0999999999999996,-0.0525,52229.00000000005,0.0198616791319081,0.0113778959863622,17.068645640074223
-1.0999999999999996,-0.05,52228.00000000003,0.019860813271223,0.0113698550238263,2.844774273345706
-1.0999999999999996,-0.0475,52189.00000000002,0.0198680196293101,0.0113630610273147,-3.030303030303031
-1.0999999999999996,-0.045,52223.00000000005,0.019881872431302,0.0113613566532724,-14.223871366728517
-1.0999999999999996,-0.0425,52249.00000000002,0.0199006654741296,0.0113687358009966,-22.758194186765635
-1.0999999999999996,-0.04,52245.00000000005,0.0199236862253829,0.0113767201707476,-28.447742733457005
-1.0999999999999996,-0.0375,52280.00000000003,0.0199385181330412,0.0114028410387192,-36.98206555349413
-1.0999999999999996,-0.035,52313.00000000002,0.0199783396057229,0.0114174137204662,-48.36116264687695
-1.0999999999999996,-0.0325,52369.00000000003,0.0200158133797581,0.011449529955925,-56.89548546691405
-1.0999999999999996,-0.03,52370.00000000002,0.0200528448988638,0.0114856895505199,-64.00742115027832
-1.0999999999999996,-0.0275,52349.00000000003,0.0201023362698047,0.011513609071038,-75.22160379303236
-1.0999999999999996,-0.025,52372.00000000002,0.0201361950470323,0.011580121791699,-82.56029684601113
-1.0999999999999996,-0.0225,52359.00000000005,0.0201940521357375,0.0116225229852031,-94.37229437229436
-1.0999999999999996,-0.02,52345.00000000003,0.0202537706913806,0.011678314569987,-103.36013193156052
-1.0999999999999996,-0.0175,52356.00000000005,0.0203363809885095,0.0117215221694281,-110.1010101010101
-1.0999999999999996,-0.015,52357.00000000003,0.0203860952700705,0.0118034762760358,-121.33580705009275
-1.0999999999999996,-0.0124999999999999,52386.00000000005,0.0204605039119032,0.0118734051364048,-130.3236446093589
-1.0999999999999996,-0.01,52416.00000000003,0.0205378531155569,0.0119506432490446,-139.31148216862502
-1.0999999999999996,-0.0075,52417.00000000005,0.0206032073318425,0.0120534159321066,-150.5462791177077
-1.0999999999999996,-0.005,52397.00000000003,0.0206891191739176,0.0121347414549422,-162.21397649969083
-1.0999999999999996,-0.0025,52423.00000000005,0.020808220563915,0.0121990748205381,-164.8732220160792
-1.0999999999999996,0.0,52446.00000000003,0.0208424021640965,0.0123599764820523,-181.22036693465265
-1.0999999999999996,0.0025,52458.00000000005,0.0210819764452062,0.0123193764491043,-187.36343022057304
-1.0999999999999996,0.0049999999999999,52450.00000000003,0.0210833466966128,0.0125298349021149,-196.57802514945368
-1.0999999999999996,0.0074999999999999,52441.00000000005,0.0212675505419573,0.0125608529889546,-208.8641517212946
-1.0999999999999996,0.0099999999999999,52486.00000000003,0.0213069698325974,0.0127501594972444,-208.86415172129452
-1.0999999999999996,0.0124999999999999,52532.00000000005,0.0214686962101993,0.0128279551961326,-224.22180993609564
-1.0999999999999996,0.015,52542.00000000003,0.021637167133143,0.0129009380120124,-233.43640486497628
-1.0999999999999996,0.0175,52546.00000000005,0.0217263064291534,0.0130640940410475,-240.38342609771183
-1.0999999999999996,0.0199999999999999,52580.00000000003,0.0219157783182849,0.0131392926654438,-250.834879406308
-1.0999999999999996,0.0224999999999999,52574.00000000005,0.0220338250910862,0.0132899476084789,-257.1428571428572
-1.0999999999999996,0.0249999999999999,52572.00000000002,0.0221811659919347,0.0134213390034052,-264.93506493506504
-1.0999999999999996,0.0274999999999999,52623.00000000005,0.0223293574391891,0.0135575727255634,-272.72727272727275
-1.0999999999999996,0.03,52638.00000000002,0.0223492850898395,0.0138279296746914,-280.51948051948057
-1.0999999999999996,0.0325,52646.00000000005,0.0225709856996056,0.0139064256846022,-292.2077922077923
-1.0999999999999996,0.035,52671.00000000002,0.022729828692874,0.0140545194642961,-300.0000000000001
-1.0999999999999996,0.0375,52704.00000000004,0.0229732665024642,0.0141364036406482,-311.6883116883117
-1.0999999999999996,0.04,52753.00000000005,0.023145133724897,0.014287990543554,-319.48051948051955
-1.0999999999999996,0.0425,52769.00000000003,0.0233603791776977,0.0144094385707798,-327.437641723356
-1.0999999999999996,0.0449999999999999,52796.00000000004,0.0234884372232109,0.0146179797968311,-339.8886827458255
-1.0999999999999996,0.0474999999999999,52794.00000000002,0.023572972020268,0.0148725808623646,-344.6093588950731
-1.0999999999999996,0.0499999999999999,52843.00000000004,0.0237648515702604,0.0150364974233249,-354.05071119356825
-1.0999999999999996,0.0524999999999999,52856.00000000004,0.0239546534999831,0.0152024900204087,-363.4920634920634
-1.0999999999999996,0.0549999999999999,52880.00000000003,0.0241486240032099,0.015375831702304,-372.93341579055857
-1.0999999999999996,0.0574999999999999,52946.00000000004,0.0243485143903541,0.0155449768708872,-382.37476808905376
-1.0999999999999996,0.06,52977.00000000002,0.0246659445796416,0.015621911326075,-387.09544423830135
-1.0999999999999996,0.0625,53004.00000000004,0.0247622005143426,0.0158982504881675,-391.8161203875489
-1.0999999999999996,0.065,53044.00000000004,0.0250874484263401,0.0159784025343296,-410.6369820655534
-1.0999999999999996,0.0675,53049.00000000004,0.0251774898673131,0.0162659694791265,-415.7699443413729
-1.0999999999999996,0.07,53111.00000000004,0.025371958891142,0.0164749086743682,-426.984126984127
-1.0999999999999996,0.0725,53148.00000000002,0.0257290429986799,0.0165405732114421,-432.5293753865183
-1.0999999999999996,0.075,53206.00000000004,0.0258153298050687,0.0168478009277983,-438.0746237889096
-1.0999999999999996,0.0774999999999999,53238.00000000004,0.0260446753275236,0.0170386829364393,-449.16512059369205
-1.0999999999999996,0.0799999999999999,53256.00000000002,0.0262805500703416,0.0172265211779248,-460.25561739847456
-1.0999999999999996,0.0824999999999999,53278.00000000004,0.0265145814947172,0.017415894376705,-471.34611420325706
-1.0999999999999996,0.0849999999999999,53327.00000000004,0.0267568121921174,0.0176118101764811,-471.34611420325706
-1.0999999999999996,0.0875,53328.00000000002,0.0270027106499385,0.0178063626272728,-488.5178313749743
-1.0999999999999996,0.09,53406.00000000004,0.0274169559185884,0.0178613655867444,-494.47536590393736
-1.0999999999999996,0.0925,53435.00000000004,0.0274560442120951,0.0182426127882367,-503.2158317872604
-1.0999999999999996,0.095,53479.00000000002,0.0277076615363254,0.0184403170373941,-515.9554730983302
-1.0999999999999996,0.0975,53517.00000000004,0.0279666594524745,0.018643837441818,-515.9554730983302
-1.0999999999999996,0.1,53588.00000000004,0.0282298260460844,0.0188458352234386,-528.6951144094003
-1.0,-0.1,52207.00000000005,0.0211573266242479,0.012787071989715,208.86415172129452
-1.0,-0.0975,52169.00000000003,0.0210879936033055,0.0126333099677855,199.64955679241396
-1.0,-0.095,52157.00000000002,0.0209435657256834,0.0125571230766307,190.4349618635333
-1.0,-0.0925,52174.00000000005,0.0208083528247075,0.0124904181161702,181.22036693465265
-1.0,-0.09,52142.00000000003,0.0207443896545701,0.0123554386439012,172.005772005772
-1.0,-0.0875,52165.00000000002,0.020626330511164,0.0122893006589906,164.8732220160792
-1.0,-0.085,52142.00000000005,0.0205444314194346,0.0121884201644632,152.79323850752425
-1.0,-0.0825,52176.00000000003,0.0204653544752992,0.0121010508011837,143.8054009482581
-1.0,-0.08,52190.00000000002,0.0203702786377157,0.0120357415184737,132.57060399917543
-1.0,-0.0775,52186.00000000005,0.020284291594541,0.0119764591779266,125.82972582972582
-1.0,-0.075,52212.00000000003,0.0202258348564197,0.0118967988256366,116.84188827045972
-1.0,-0.0725,52191.00000000002,0.0201697280611204,0.0118252915322751,107.85405071119357
-1.0,-0.07,52177.00000000005,0.0201315873391282,0.0117427032431088,96.6192537621109
-1.0,-0.0675,52204.00000000003,0.0200845623349331,0.0116843275589355,87.63141620284478
-1.0,-0.065,52164.00000000005,0.0200441921064846,0.0116285742692672,86.22964337250049
-1.0,-0.0625,52167.00000000004,0.0200149081178226,0.0115656366013429,73.96413110698828
-1.0,-0.06,52216.00000000002,0.0199819342193149,0.0115239779586942,65.42980828695117
-1.0,-0.0575,52251.00000000005,0.0199587370226696,0.011477135984899,55.4730983302412
-1.0,-0.055,52252.00000000003,0.0199224670891116,0.0114604669490903,42.671614100185536
-1.0,-0.0525,52292.00000000005,0.0199039568460478,0.0114330542679234,38.40445269016698
-1.0,-0.05,52296.00000000003,0.0198952473375506,0.0114065950305318,25.6029684601113
-1.0,-0.0475,52291.00000000002,0.0198873039771757,0.0113883781549978,17.068645640074223
-1.0,-0.045,52295.00000000005,0.0198879376321965,0.0113730910146999,8.534322820037104
-1.0,-0.0425,52294.00000000003,0.0198886183226713,0.01136734163428,-2.0202020202020208
-1.0,-0.04,52299.00000000005,0.0199001046518731,0.0113626146919264,-8.534322820037104
-1.0,-0.0375,52318.00000000003,0.0199110023610445,0.0113683290601036,-19.91341991341993
-1.0,-0.035,52300.00000000002,0.0199301703864807,0.0113768511582843,-28.447742733457005
-1.0,-0.0325,52329.00000000003,0.0199512970412269,0.011391153568634,-38.40445269016698
-1.0,-0.03,52370.00000000002,0.0199921256098275,0.0113976559898273,-42.671614100185536
-1.0,-0.0275,52418.00000000005,0.0200106317551622,0.0114391791833188,-55.4730983302412
-1.0,-0.025,52402.00000000002,0.0200548543288674,0.0114630300148852,-62.585034013605465
-1.0,-0.0225,52387.00000000005,0.020093316320131,0.0115010735765801,-72.54174397031542
-1.0,-0.02,52400.00000000003,0.0201475847488889,0.0115362147505066,-82.56029684601114
-1.0,-0.0175,52386.00000000005,0.0201967123707518,0.0115849221982055,-92.12533498247784
-1.0,-0.015,52384.00000000003,0.020228058209437,0.011666864832083,-96.6192537621109
-1.0,-0.0124999999999999,52393.00000000005,0.0202863217129368,0.0117236594686461,-105.60709132137706
-1.0,-0.01,52440.00000000003,0.0203504248369978,0.0117899997318497,-114.59492888064317
-1.0,-0.0075,52409.00000000005,0.0204029816768664,0.0118758737393154,-125.82972582972585
-1.0,-0.005,52452.00000000003,0.0204791343309355,0.0119514826415695,-134.81756338899194
-1.0,-0.0025,52439.00000000005,0.0205759292341236,0.0120110526208318,-141.55844155844156
-1.0,0.0,52461.00000000003,0.0207236410709882,0.0120286621970108,-152.79323850752422
-1.0,0.0025,52456.00000000005,0.0207455033973324,0.0121801714368196,-156.8954854669141
-1.0,0.0049999999999999,52444.00000000003,0.0208667617024631,0.0122441733570673,-175.07730364873223
-1.0,0.0074999999999999,52498.00000000005,0.0209333562438976,0.012375030497935,-184.29189857761284
-1.0,0.0099999999999999,52485.00000000003,0.0211074637244069,0.0124014705380073,-190.4349618635333
-1.0,0.0124999999999999,52454.00000000005,0.021144831731592,0.0125816409457719,-196.57802514945368
-1.0,0.015,52534.00000000003,0.0213313814545061,0.0126117983668134,-208.8641517212946
-1.0,0.0175,52539.00000000005,0.0213671902552902,0.0128095471233628,-215.007215007215
-1.0,0.0199999999999999,52569.00000000003,0.0215338652061437,0.0128840787036973,-224.22180993609564
-1.0,0.0224999999999999,52589.00000000005,0.0216567462140743,0.0130037547851392,-236.5079365079365
-1.0,0.0249999999999999,52561.00000000003,0.0218448707051448,0.0130743381451553,-243.86724386724387
-1.0,0.0274999999999999,52584.00000000005,0.021903836813819,0.0132841171586324,-253.2467532467533
-1.0,0.03,52588.00000000003,0.0221046413991727,0.0133554976972864,-264.93506493506504
-1.0,0.0325,52618.00000000005,0.0222520152739936,0.0134920827494147,-272.72727272727275
-1.0,0.035,52646.00000000002,0.022403162510543,0.0136290544570696,-280.51948051948057
-1.0,0.0375,52660.00000000004,0.0224924014984572,0.0138373269133767,-284.4155844155845
-1.0,0.04,52682.00000000005,0.0226496531677621,0.0139872287067843,-292.2077922077923
-1.0,0.0425,52726.00000000003,0.0227439835519743,0.01420540148843,-303.896103896104
-1.0,0.0449999999999999,52749.00000000005,0.0229834913158676,0.0142844921100616,-315.58441558441564
-1.0,0.0474999999999999,52797.00000000002,0.0231843952517394,0.0144177462644774,-323.12925170068024
-1.0,0.0499999999999999,52788.00000000004,0.0233612363527077,0.0145749176698755,-331.74603174603175
-1.0,0.0524999999999999,52832.00000000005,0.0235772899727944,0.014706036528321,-339.8886827458255
-1.0,0.0549999999999999,52846.00000000003,0.0237652892214208,0.0148715363396106,-349.3300350443207
-1.0,0.0574999999999999,52862.00000000004,0.0238577694472017,0.0151263114999756,-354.05071119356825
-1.0,0.06,52887.00000000002,0.0240533040310027,0.0152968790680083,-363.4920634920634
-1.0,0.0625,52947.00000000004,0.0242493244935109,0.0154719977291125,-372.93341579055857
-1.0,0.065,52980.00000000004,0.0245603161532473,0.0155471343270372,-387.09544423830135
-1.0,0.0675,52989.00000000003,0.024656332721319,0.0158190219920626,-391.8161203875489
-1.0,0.07,53053.00000000004,0.0249698850221497,0.0159049462929347,-400.3710575139146
-1.0,0.0725,53078.000000000015,0.0251895525561381,0.0160813400087216,-410.6369820655534
-1.0,0.075,53099.00000000004,0.0252594325885476,0.0163962726093526,-415.8936301793445
-1.0,0.0774999999999999,53162.00000000004,0.0254741331666521,0.0165873979935186,-426.984126984127
-1.0,0.0799999999999999,53170.00000000002,0.0256961383985926,0.0167693373734491,-438.0746237889096
-1.0,0.0824999999999999,53193.00000000004,0.0259274401479705,0.0169569674642997,-449.16512059369205
-1.0,0.0849999999999999,53291.00000000004,0.0263032635800847,0.0170260289669644,-454.7103689960833
-1.0,0.0875,53296.00000000002,0.0263944358586396,0.0173389007004816,-460.25561739847456
-1.0,0.09,53307.00000000004,0.0267851545757832,0.0174044375199371,-476.8913626056483
-1.0,0.0925,53356.00000000004,0.0268804439020804,0.0177302359192536,-482.4366110080396
-1.0,0.095,53386.00000000002,0.0271218740333425,0.0179221143405581,-488.5178313749743
-1.0,0.0975,53409.00000000004,0.027324280432516,0.018163528411825,-503.2158317872604
-1.0,0.1,53472.00000000004,0.0275810164101461,0.0183635886608479,-503.2158317872604
-0.8999999999999999,-0.1,52184.00000000005,0.0214823056828389,0.0130082901414476,230.3648732220161
-0.8999999999999999,-0.0975,52151.00000000003,0.0213151057752795,0.0129243619573546,221.1502782931354
-0.8999999999999999,-0.095,52152.00000000002,0.0211996495066376,0.012805357818479,208.86415172129452
-0.8999999999999999,-0.0925,52142.00000000005,0.0210909595710062,0.0126905310012175,202.72108843537416
-0.8999999999999999,-0.09,52150.00000000003,0.0209140264708097,0.0126546854568941,190.4349618635333
-0.8999999999999999,-0.0875,52157.00000000002,0.0208830955137615,0.012475235792473,184.29189857761284
-0.8999999999999999,-0.085,52149.00000000005,0.0207188972726023,0.0124421024123556,178.14883529169242
-0.8999999999999999,-0.0825,52131.00000000003,0.020662715135144,0.0123054580229194,164.8732220160792
-0.8999999999999999,-0.08,52147.00000000002,0.0205817611313655,0.0122063755736054,157.2871572871573
-0.8999999999999999,-0.0775,52163.00000000005,0.0205262946692336,0.0120959916278512,146.05236033807464
-0.8999999999999999,-0.075,52162.00000000003,0.0204491179762577,0.0120151977505323,137.06452277880848
-0.8999999999999999,-0.0725,52179.00000000002,0.0203767309136166,0.0119374478930322,128.07668521954238
-0.8999999999999999,-0.07,52208.00000000004,0.0202800316155617,0.0118967186082407,123.5827664399093
-0.8999999999999999,-0.0675,52206.00000000003,0.0202554747594048,0.0117938846828757,110.10101010101012
-0.8999999999999999,-0.065,52184.00000000005,0.0201694051339693,0.0117584598833556,105.60709132137706
-0.8999999999999999,-0.0625,52175.00000000004,0.020132547523913,0.0116839651974498,89.87837559266131
-0.8999999999999999,-0.06,52194.00000000002,0.0200867552928883,0.0116331468100985,80.72562358276645
-0.8999999999999999,-0.0575,52193.00000000005,0.0200382633075802,0.0115932077798095,71.11935683364257
-0.8999999999999999,-0.055,52201.00000000003,0.0200092955149218,0.0115404002892298,64.00742115027832
-0.8999999999999999,-0.0525,52266.00000000005,0.0199779880454192,0.011507094782197,54.05071119356835
-0.8999999999999999,-0.05,52287.00000000005,0.0199557552880051,0.0114736718031579,45.51638837353124
-0.8999999999999999,-0.0475,52333.00000000002,0.0199433834887359,0.0114363787286526,39.82683982683983
-0.8999999999999999,-0.045,52287.00000000005,0.0199254350466834,0.0114195044193792,28.447742733457005
-0.8999999999999999,-0.0425,52322.00000000003,0.0199210457784959,0.0113970629720581,22.75819418676562
-0.8999999999999999,-0.04,52323.00000000005,0.0199147501442929,0.0113853123839798,9.956709956709958
-0.8999999999999999,-0.0375,52347.00000000003,0.0199171167111116,0.0113769470745359,2.0202020202020208
-0.8999999999999999,-0.035,52371.00000000002,0.0199236653469187,0.011372481124206,-8.534322820037104
-0.8999999999999999,-0.0325,52347.00000000003,0.0199354824130661,0.0113745562371906,-17.068645640074223
-0.8999999999999999,-0.03,52365.00000000002,0.0199570463666115,0.0113807428087385,-25.6029684601113
-0.8999999999999999,-0.0275,52368.00000000005,0.0199788638171084,0.0113943597163068,-32.714904143475565
-0.8999999999999999,-0.025,52417.00000000002,0.0199964261679817,0.0114188775282237,-44.09400123685839
-0.8999999999999999,-0.0225,52459.00000000005,0.0200282890048653,0.011445359245717,-52.62832405689549
-0.8999999999999999,-0.02,52451.00000000003,0.0200690828830937,0.01146858848043,-59.74025974025976
-0.8999999999999999,-0.0175,52463.00000000005,0.0201106336327467,0.0115024587485875,-68.27458256029688
-0.8999999999999999,-0.015,52475.00000000003,0.0201430063156745,0.0115473200217589,-80.72562358276645
-0.8999999999999999,-0.0124999999999999,52453.00000000005,0.0202173894790348,0.0115752672558331,-85.38445681302824
-0.8999999999999999,-0.01,52456.00000000003,0.0202570537008905,0.0116371323204777,-96.6192537621109
-0.8999999999999999,-0.0075,52417.00000000005,0.0203212508296152,0.0116902173986454,-105.60709132137706
-0.8999999999999999,-0.005,52472.00000000003,0.0203555748307571,0.0117855105757485,-119.08884766027624
-0.8999999999999999,-0.0025,52482.00000000005,0.0204491511569469,0.0118138151605479,-123.5827664399093
-0.8999999999999999,0.0,52519.00000000003,0.02047209143253,0.0119461179163488,-139.31148216862502
-0.8999999999999999,0.0025,52522.00000000005,0.0206020870447323,0.0119614849669146,-141.55844155844156
-0.8999999999999999,0.0049999999999999,52541.00000000003,0.0206669776956922,0.0120633629150076,-152.79323850752425
-0.8999999999999999,0.0074999999999999,52506.00000000005,0.0207326909530019,0.0121679020408829,-162.21397649969083
-0.8999999999999999,0.0099999999999999,52531.00000000003,0.0208212154683388,0.0122640864089505,-172.005772005772
-0.8999999999999999,0.0124999999999999,52531.00000000005,0.0210165466419932,0.0122569813121682,-181.22036693465265
-0.8999999999999999,0.015,52571.00000000003,0.0210513098646021,0.0124211970297655,-187.36343022057304
-0.8999999999999999,0.0175,52523.00000000005,0.0211208402020648,0.0125625822205678,-202.72108843537416
-0.8999999999999999,0.0199999999999999,52546.00000000003,0.0212682642939515,0.0126306969061956,-205.7926200783344
-0.8999999999999999,0.0224999999999999,52584.00000000005,0.0214285569579886,0.0127028602477749,-215.00721500721497
-0.8999999999999999,0.0249999999999999,52590.00000000003,0.0215502724453266,0.01282061856611,-227.29334157905583
-0.8999999999999999,0.0274999999999999,52607.00000000005,0.0217184465376604,0.0128940403863118,-230.3648732220161
-0.8999999999999999,0.03,52584.00000000002,0.0217639041595904,0.0130979407436032,-240.38342609771183
-0.8999999999999999,0.0325,52626.00000000005,0.0219538392324452,0.0131732324948681,-250.834879406308
-0.8999999999999999,0.035,52622.00000000002,0.0221351362210728,0.0132653558822769,-261.03896103896113
-0.8999999999999999,0.0375,52634.00000000003,0.0221547269631139,0.013521152749866,-268.83116883116884
-0.8999999999999999,0.04,52624.00000000005,0.0223686027779897,0.0135925020194069,-280.51948051948057
-0.8999999999999999,0.0425,52674.00000000003,0.0225228143759534,0.0137362038507417,-288.3116883116884
-0.8999999999999999,0.0449999999999999,52714.00000000005,0.0226801507044472,0.0138770501836933,-296.1038961038962
-0.8999999999999999,0.0474999999999999,52736.00000000002,0.0228435037156521,0.0140269109496204,-303.896103896104
-0.8999999999999999,0.0499999999999999,52757.00000000004,0.0230130529401652,0.0141774838269811,-311.6883116883117
-0.8999999999999999,0.0524999999999999,52781.00000000005,0.0231417089186534,0.014373859105686,-323.12925170068024
-0.8999999999999999,0.0549999999999999,52824.00000000003,0.0233137450788775,0.0145339204309021,-331.74603174603175
-0.8999999999999999,0.0574999999999999,52835.00000000005,0.023526925490919,0.014663138463066,-339.8886827458255
-0.8999999999999999,0.06,52861.00000000002,0.0237124091432887,0.0148220771618849,-349.3300350443207
-0.8999999999999999,0.0625,52919.00000000004,0.0239043197681594,0.0149878157771624,-358.77138734281584
-0.8999999999999999,0.065,52891.00000000004,0.0240959998171114,0.0151518637601531,-368.212739641311
-0.8999999999999999,0.0675,52918.00000000003,0.0242937944192659,0.0153229832775155,-377.65409193980616
-0.8999999999999999,0.07,52965.00000000004,0.0244940868561881,0.0154957290595688,-387.09544423830135
-0.8999999999999999,0.0725,53004.00000000002,0.0245933470522944,0.0157642649796299,-391.8161203875489
-0.8999999999999999,0.075,53022.00000000003,0.0249019183259392,0.0158477037388475,-400.3710575139146
-0.8999999999999999,0.0774999999999999,53091.00000000004,0.0251226699436658,0.0160277528597816,-410.6369820655534
-0.8999999999999999,0.0799999999999999,53096.00000000002,0.0251918024672331,0.0163402791553683,-415.8936301793445
-0.8999999999999999,0.0824999999999999,53154.00000000004,0.0254102511443057,0.016526996768081,-426.984126984127
-0.8999999999999999,0.0849999999999999,53159.00000000004,0.0256284666751786,0.0167141805030119,-438.0746237889096
-0.8999999999999999,0.0875,53202.00000000002,0.0259991811455188,0.0167775285239701,-443.6198721913008
-0.8999999999999999,0.09,53262.00000000004,0.0262353120943408,0.0169656041312076,-454.7103689960833
-0.8999999999999999,0.0925,53280.00000000004,0.0264694548824903,0.0171576498270744,-465.8008658008658
-0.8999999999999999,0.095,53300.00000000002,0.026563115505898,0.0174743100043147,-471.34611420325706
-0.8999999999999999,0.0975,53322.00000000004,0.0268055021589047,0.0176706394273641,-482.4366110080396
-0.8999999999999999,0.1,53388.00000000004,0.0270544371564381,0.0178614284190324,-488.5178313749743
-0.7999999999999998,-0.1,52316.00000000005,0.021683981062678,0.0134277619656612,257.1428571428572
-0.7999999999999998,-0.0975,52300.00000000003,0.0214799188371242,0.0133610006297868,247.35106163677597
-0.7999999999999998,-0.095,52308.00000000002,0.0214158256033277,0.0131724186662851,239.57946815089676
-0.7999999999999998,-0.0925,52301.00000000005,0.0213425446570764,0.0130074652490269,218.0787466501752
-0.7999999999999998,-0.09,52271.00000000005,0.0211796212220397,0.0129238698910821,221.1502782931354
-0.7999999999999998,-0.0875,52278.00000000002,0.0210264997644678,0.0128422195156716,211.9356833642548
-0.7999999999999998,-0.085,52291.00000000005,0.0209651889908081,0.0126905597429069,196.5780251494537
-0.7999999999999998,-0.0825,52315.00000000004,0.0208294919565763,0.0126152719176827,193.50649350649348
-0.7999999999999998,-0.08,52278.00000000002,0.0207662757861496,0.0124760414818142,184.29189857761284
-0.7999999999999998,-0.0775,52298.00000000005,0.0206426684553013,0.0124072513931321,168.9342403628118
-0.7999999999999998,-0.075,52280.00000000003,0.0205637887381483,0.0122981114004076,164.8732220160792
-0.7999999999999998,-0.0725,52259.00000000002,0.0204997807512028,0.0121920836498228,157.2871572871573
-0.7999999999999998,-0.07,52285.00000000005,0.0203831931102271,0.0121465983957623,143.80540094825813
-0.7999999999999998,-0.0675,52266.00000000003,0.0203171465238556,0.012059382389511,134.81756338899197
-0.7999999999999998,-0.065,52282.00000000005,0.0202561624165883,0.0119803380687646,125.82972582972582
-0.7999999999999998,-0.0625,52301.00000000004,0.0201990629447859,0.0119048746730739,116.84188827045972
-0.7999999999999998,-0.06,52319.00000000002,0.0201586744722588,0.0118168792843468,105.60709132137704
-0.7999999999999998,-0.0575,52305.00000000005,0.0200996988481103,0.0117653014224552,98.86621315192748
-0.7999999999999998,-0.055,52300.00000000003,0.0200563195475963,0.01170600438131,89.87837559266131
-0.7999999999999998,-0.0525,52314.00000000005,0.0200453392737666,0.0116139846077678,75.22160379303236
-0.7999999999999998,-0.05,52311.00000000005,0.0200164733780422,0.0115603690899969,66.85219542362402
-0.7999999999999998,-0.0475,52359.00000000002,0.0199557682245082,0.0115500363871118,62.585034013605465
-0.7999999999999998,-0.045,52373.00000000005,0.0199384739334665,0.0115031580989435,52.62832405689551
-0.7999999999999998,-0.0425,52392.00000000003,0.0199374834811622,0.0114457793373653,36.98206555349413
-0.7999999999999998,-0.04,52406.00000000005,0.0199046316404293,0.0114409784972476,35.55967841682127
-0.7999999999999998,-0.0375,52438.00000000003,0.019900767130502,0.0114084416317451,21.335807050092782
-0.7999999999999998,-0.035,52433.00000000002,0.0198956288043771,0.0113941261656644,12.801484230055664
-0.7999999999999998,-0.0325,52424.00000000003,0.0198936173968205,0.0113828698240176,4.267161410018545
-0.7999999999999998,-0.03,52435.00000000002,0.0199020871045247,0.0113771438725965,-7.070707070707073
-0.7999999999999998,-0.0275,52447.00000000005,0.0199087307155001,0.0113770008205674,-9.956709956709958
-0.7999999999999998,-0.025,52454.00000000003,0.0199178790553234,0.0113857751803754,-25.602968460111327
-0.7999999999999998,-0.0225,52477.00000000005,0.0199306035120534,0.0114073761935707,-32.714904143475565
-0.7999999999999998,-0.02,52542.00000000003,0.0199551212611865,0.011418295186758,-42.671614100185536
-0.7999999999999998,-0.0175,52572.00000000005,0.0199873129373608,0.0114393703994004,-49.78354978354979
-0.7999999999999998,-0.015,52547.00000000003,0.0200153447052625,0.0114723330522769,-59.74025974025976
-0.7999999999999998,-0.0124999999999999,52570.00000000005,0.0200575954680379,0.0115008949261256,-66.85219542362402
-0.7999999999999998,-0.01,52555.00000000003,0.0201129480776239,0.0115200155317524,-72.54174397031542
-0.7999999999999998,-0.0075,52564.00000000005,0.0201243930625697,0.0116032453558552,-84.39497010925582
-0.7999999999999998,-0.005,52573.00000000003,0.0202071943890179,0.0116203516740642,-92.12533498247784
-0.7999999999999998,-0.0025,52545.00000000005,0.0202351967280881,0.0117062336803794,-105.60709132137706
-0.7999999999999998,0.0,52577.00000000003,0.020297561811027,0.01176581592311,-114.59492888064317
-0.7999999999999998,0.0025,52594.00000000005,0.0203965547022875,0.0117968740858863,-114.59492888064318
-0.7999999999999998,0.0049999999999999,52587.00000000003,0.0204641540897848,0.0118650166347433,-123.5827664399093
-0.7999999999999998,0.0074999999999999,52631.00000000005,0.0205433382444268,0.011939128366087,-137.0645227788085
-0.7999999999999998,0.0099999999999999,52630.00000000003,0.0206093776205216,0.0120379349857445,-148.29931972789117
-0.7999999999999998,0.0124999999999999,52614.00000000005,0.0206553183306429,0.0121655433736139,-161.78107606679035
-0.7999999999999998,0.015,52610.00000000003,0.0207362597256424,0.0122610111223095,-164.87322201607918
-0.7999999999999998,0.0175,52614.00000000005,0.0208876179838711,0.012295011187463,-175.07730364873223
-0.7999999999999998,0.0199999999999999,52631.00000000003,0.0210242498479288,0.0123548302970631,-190.4349618635333
-0.7999999999999998,0.0224999999999999,52614.00000000005,0.0210903670807062,0.0124931460574841,-193.50649350649348
-0.7999999999999998,0.0249999999999999,52633.00000000003,0.0212051452387513,0.0125972837121588,-205.7926200783344
-0.7999999999999998,0.0274999999999999,52652.00000000005,0.0212825846317481,0.0127461702780856,-208.86415172129452
-0.7999999999999998,0.03,52643.00000000003,0.0214394550604308,0.012825583861134,-224.22180993609564
-0.7999999999999998,0.0325,52652.00000000003,0.021561243426825,0.0129380658984033,-230.3648732220161
-0.7999999999999998,0.035,52700.00000000002,0.0216962655102176,0.0130633285852307,-236.5079365079365
-0.7999999999999998,0.0375,52677.00000000003,0.0217747711080335,0.0132398013546952,-243.86724386724387
-0.7999999999999998,0.04,52718.00000000005,0.021996935630827,0.013285372480087,-257.1428571428572
-0.7999999999999998,0.0425,52735.00000000003,0.0220782900718188,0.0134759456711974,-268.83116883116884
-0.7999999999999998,0.0449999999999999,52719.00000000005,0.0221620316484031,0.0136771669465793,-272.72727272727275
-0.7999999999999998,0.0474999999999999,52749.00000000002,0.0223780404876923,0.0137559730149571,-284.4155844155845
-0.7999999999999998,0.0499999999999999,52800.00000000004,0.0225343040609914,0.0138982985619603,-292.2077922077923
-0.7999999999999998,0.0524999999999999,52837.00000000005,0.0227621063308952,0.0139802974166677,-303.896103896104
-0.7999999999999998,0.0549999999999999,52854.00000000003,0.022927572027734,0.0141287984163865,-311.6883116883117
-0.7999999999999998,0.0574999999999999,52870.00000000005,0.0230985240345105,0.0142798851273642,-319.48051948051955
-0.7999999999999998,0.06,52887.00000000002,0.0232262504900948,0.0144818420778407,-331.74603174603175
-0.7999999999999998,0.0625,52911.00000000004,0.0234345792242716,0.0146080017278266,-339.8886827458255
-0.7999999999999998,0.065,52947.00000000005,0.0236189994532298,0.0147692803532551,-349.3300350443207
-0.7999999999999998,0.0675,52963.00000000003,0.0238001010863999,0.014932045194211,-358.77138734281584
-0.7999999999999998,0.07,52991.00000000004,0.0238932602523119,0.0151910649012157,-363.4920634920634
-0.7999999999999998,0.0725,53004.00000000002,0.0240909994345176,0.0153618869982904,-372.93341579055857
-0.7999999999999998,0.075,53058.00000000003,0.0242924952970428,0.0155328280106131,-382.37476808905376
-0.7999999999999998,0.0774999999999999,53072.00000000004,0.0244897853295121,0.0157046901920577,-391.8161203875489
-0.7999999999999998,0.0799999999999999,53138.00000000002,0.02469804574807,0.0158843112107183,-401.257472686044
-0.7999999999999998,0.0824999999999999,53178.00000000004,0.0250132630616771,0.0159687201276981,-410.6369820655534
-0.7999999999999998,0.0849999999999999,53186.00000000004,0.0251068544776811,0.0162564114543323,-415.7699443413729
-0.7999999999999998,0.0875,53235.00000000002,0.025439216841544,0.016344989848022,-421.4388785817357
-0.7999999999999998,0.09,53265.00000000004,0.0256587946035194,0.0165286868545495,-432.5293753865183
-0.7999999999999998,0.0925,53310.00000000004,0.0260358691001666,0.0165952613445186,-438.0746237889096
-0.7999999999999998,0.095,53348.00000000002,0.0261259113700711,0.0169022656210783,-443.6198721913008
-0.7999999999999998,0.0975,53383.00000000004,0.0263618419016329,0.0170907068054066,-454.7103689960833
-0.7999999999999998,0.1,53415.00000000004,0.0266042378637879,0.0172805927627178,-465.8008658008658
-0.6999999999999997,-0.1,52316.00000000005,0.0221615702886792,0.0136317092562225,272.72727272727275
-0.6999999999999997,-0.0975,52305.00000000003,0.02188243393904,0.0136102093445339,272.72727272727275
-0.6999999999999997,-0.095,52287.00000000002,0.021804159553267,0.013413092947875,261.03896103896113
-0.6999999999999997,-0.0925,52289.00000000005,0.0215903541816597,0.0133559887016203,250.834879406308
-0.6999999999999997,-0.09,52290.00000000003,0.0214714455088599,0.0132156636856923,245.7225314368172
-0.6999999999999997,-0.0875,52294.00000000002,0.0213504831033955,0.0130900840199367,233.43640486497628
-0.6999999999999997,-0.085,52284.00000000005,0.0212795799158616,0.0129226432582296,224.22180993609564
-0.6999999999999997,-0.0825,52275.00000000004,0.0211209874255664,0.0128428633758585,215.00721500721497
-0.6999999999999997,-0.08,52265.00000000002,0.021014390071186,0.0127297866037903,202.72108843537413
-0.6999999999999997,-0.0775,52257.00000000005,0.0209860227021441,0.0125436204546789,190.4349618635333
-0.6999999999999997,-0.075,52291.00000000003,0.0207812779358721,0.012542292780412,187.36343022057304
-0.6999999999999997,-0.0725,52279.00000000002,0.0207207362963633,0.0124068903056747,178.14883529169242
-0.6999999999999997,-0.07,52258.00000000005,0.0205851309775639,0.0123608428389734,167.53246753246756
-0.6999999999999997,-0.0675,52283.00000000003,0.0205481066604027,0.0122245956826475,157.2871572871573
-0.6999999999999997,-0.065,52289.00000000005,0.020432452547776,0.0121738766608595,148.29931972789117
-0.6999999999999997,-0.0625,52298.00000000003,0.0203825154395751,0.0120652903723012,137.0645227788085
-0.6999999999999997,-0.06,52323.00000000002,0.0203549409566707,0.0119476235630115,123.5827664399093
-0.6999999999999997,-0.0575,52343.00000000005,0.0202416025657027,0.0119257655915033,121.33580705009275
-0.6999999999999997,-0.055,52344.00000000003,0.0202336904911732,0.0118027749239546,105.60709132137706
-0.6999999999999997,-0.0525,52370.00000000005,0.0201508877287007,0.0117673573602567,101.11317254174398
-0.6999999999999997,-0.05,52341.00000000005,0.020096280006368,0.011719897698018,94.3722943722944
-0.6999999999999997,-0.0475,52364.00000000002,0.0200886475807493,0.0116248442658973,78.89095031952175
-0.6999999999999997,-0.045,52365.00000000005,0.0200476252930883,0.0115752854747039,68.27458256029688
-0.6999999999999997,-0.0425,52388.00000000003,0.0199962852814185,0.0115571037591839,65.42980828695117
-0.6999999999999997,-0.04,52407.00000000005,0.0199730785030875,0.0115115366622709,58.317872603586906
-0.6999999999999997,-0.0375,52445.00000000003,0.0199622950365681,0.0114624132117829,42.671614100185536
-0.6999999999999997,-0.035,52450.00000000002,0.0199332831892505,0.011449284749571,39.82683982683983
-0.6999999999999997,-0.0325,52433.00000000005,0.0199261973750046,0.0114178034972639,29.87012987012986
-0.6999999999999997,-0.03,52465.00000000002,0.0199192523852802,0.0114004013946286,21.335807050092757
-0.6999999999999997,-0.0275,52492.00000000003,0.0199233797854096,0.0113803049427825,7.111935683364251
-0.6999999999999997,-0.025,52495.00000000003,0.0199249585301956,0.0113763824750148,-2.0202020202020208
-0.6999999999999997,-0.0225,52488.00000000005,0.0199278478412629,0.0113740873322898,-11.37909709338281
-0.6999999999999997,-0.02,52516.00000000003,0.0199363833133155,0.0113777375267048,-21.335807050092782
-0.6999999999999997,-0.0175,52512.00000000005,0.0199522055919795,0.0113886654274416,-29.87012987012986
-0.6999999999999997,-0.015,52575.00000000003,0.0199709200968168,0.0114032998914266,-38.40445269016698
-0.6999999999999997,-0.0124999999999999,52603.00000000005,0.0200013954785801,0.0114191652658132,-45.51638837353124
-0.6999999999999997,-0.01,52636.00000000003,0.0200310365674694,0.0114481875496893,-54.05071119356835
-0.6999999999999997,-0.0075,52605.00000000005,0.0200555774984358,0.0114866059063088,-65.42980828695117
-0.6999999999999997,-0.005,52566.00000000003,0.0201045868195977,0.0115083731530042,-71.11935683364257
-0.6999999999999997,-0.0025,52612.00000000005,0.0201203144353285,0.0115905109566387,-82.56029684601113
-0.6999999999999997,0.0,52611.00000000003,0.0201887564843424,0.0116125360489706,-94.37229437229436
-0.6999999999999997,0.0025,52622.00000000005,0.0202551741154062,0.0116520037698881,-101.11317254174398
-0.6999999999999997,0.0049999999999999,52652.00000000003,0.0203044003866807,0.0117220501963524,-112.34796949082664
-0.6999999999999997,0.0074999999999999,52655.00000000005,0.0203987219052573,0.0117492245835995,-116.84188827045972
-0.6999999999999997,0.0099999999999999,52640.00000000003,0.0204170153872992,0.0118692130637628,-123.5827664399093
-0.6999999999999997,0.0124999999999999,52656.00000000005,0.0205437061231679,0.0118848562007757,-134.81756338899197
-0.6999999999999997,0.015,52666.00000000003,0.0205897660204726,0.0120004333625298,-148.29931972789117
-0.6999999999999997,0.0175,52716.00000000005,0.0206759200424893,0.0120827098753581,-157.2871572871573
-0.6999999999999997,0.0199999999999999,52673.00000000003,0.0207659684674081,0.0121612275666853,-164.8732220160792
-0.6999999999999997,0.0224999999999999,52658.00000000005,0.0208577491188021,0.0122530766523689,-175.07730364873223
-0.6999999999999997,0.0249999999999999,52674.00000000002,0.0209566747026215,0.0123451943475057,-181.22036693465265
-0.6999999999999997,0.0274999999999999,52670.00000000005,0.0210565451824872,0.0124459886494487,-193.50649350649348
-0.6999999999999997,0.03,52637.00000000003,0.0211676388708467,0.0125483408721643,-199.6495567924139
-0.6999999999999997,0.0325,52694.00000000003,0.0212777182802575,0.0126603640270952,-211.9356833642548
-0.6999999999999997,0.035,52708.00000000002,0.0213576122248019,0.0128149256982959,-215.007215007215
-0.6999999999999997,0.0375,52706.00000000003,0.0214355566573757,0.01297283946158,-224.22180993609564
-0.6999999999999997,0.04,52756.00000000005,0.0216436917528532,0.0130100009505929,-236.5079365079365
-0.6999999999999997,0.0425,52723.00000000003,0.0217748963660606,0.0131324809062268,-247.3510616367759
-0.6999999999999997,0.0449999999999999,52760.00000000005,0.0218821522968707,0.01329084292149,-253.2467532467533
-0.6999999999999997,0.0474999999999999,52764.00000000002,0.0220817790752959,0.0133602382132634,-264.93506493506504
-0.6999999999999997,0.0499999999999999,52795.00000000005,0.0222276343039916,0.0134959147875557,-272.72727272727275
-0.6999999999999997,0.0524999999999999,52804.00000000005,0.022381705692395,0.0136307056186116,-280.51948051948057
-0.6999999999999997,0.0549999999999999,52806.00000000003,0.0224648115619379,0.0138395363284105,-292.2077922077923
-0.6999999999999997,0.0574999999999999,52842.00000000005,0.0226233943425787,0.0139885818789991,-300.0000000000001
-0.6999999999999997,0.06,52845.00000000003,0.0227839781292765,0.0141361890921549,-307.7922077922078
-0.6999999999999997,0.0625,52875.00000000004,0.0229520882829636,0.0142886601152723,-315.58441558441564
-0.6999999999999997,0.065,52906.00000000005,0.0231508573495114,0.0144187362876995,-323.12925170068024
-0.6999999999999997,0.0675,52929.00000000003,0.0232651577620513,0.0146357268061983,-335.168006596578
-0.6999999999999997,0.07,52972.00000000004,0.0234438857904936,0.0147969524496587,-344.6093588950731
-0.6999999999999997,0.0725,53010.00000000002,0.0237278888568958,0.01487285286595,-349.3300350443207
-0.6999999999999997,0.075,53058.00000000003,0.023911474646686,0.0150389119456124,-358.77138734281584
-0.6999999999999997,0.0774999999999999,53085.00000000004,0.0241133852082544,0.0152039847088074,-368.212739641311
-0.6999999999999997,0.0799999999999999,53126.00000000002,0.0243141661661584,0.0153809862821189,-377.65409193980616
-0.6999999999999997,0.0824999999999999,53134.00000000004,0.0245118017715904,0.0155495864279631,-387.09544423830135
-0.6999999999999997,0.0849999999999999,53163.00000000004,0.0248336159822303,0.0156263374845485,-391.8161203875489
-0.6999999999999997,0.0875,53187.00000000003,0.0248084798594545,0.0160135911263287,-405.504019789734
-0.6999999999999997,0.09,53193.00000000004,0.0250143088420411,0.0161948062322063,-415.7699443413729
-0.6999999999999997,0.0925,53210.00000000004,0.0253455187276085,0.016277541488323,-421.4388785817357
-0.6999999999999997,0.095,53257.00000000002,0.0254290206836212,0.0165867223511105,-426.984126984127
-0.6999999999999997,0.0975,53302.00000000004,0.0257927431835889,0.0166521640625141,-432.5293753865183
-0.6999999999999997,0.1,53336.00000000004,0.025881009721927,0.0169623478097554,-449.16512059369205
-0.5999999999999996,-0.1,52396.00000000005,0.0224735462553841,0.0140378322382919,300.0000000000001
-0.5999999999999996,-0.0975,52368.00000000005,0.0223130508478562,0.0138873875673524,292.2077922077923
-0.5999999999999996,-0.095,52375.00000000002,0.0220939634207703,0.0138047093161433,280.51948051948057
-0.5999999999999996,-0.0925,52389.00000000005,0.0219441319415339,0.0136625527360888,272.72727272727275
-0.5999999999999996,-0.09,52352.00000000003,0.0218011994404418,0.0135224800592819,264.93506493506504
-0.5999999999999996,-0.0875,52353.00000000002,0.0216645575268413,0.0133823327638651,249.3506493506494
-0.5999999999999996,-0.085,52349.00000000005,0.0215643561324534,0.013220472565057,247.3510616367759
-0.5999999999999996,-0.0825,52345.00000000003,0.0213924677938114,0.0131344355673555,233.43640486497628
-0.5999999999999996,-0.08,52355.00000000002,0.021271783674389,0.013010232152272,227.29334157905583
-0.5999999999999996,-0.0775,52342.00000000005,0.02111784840525,0.0129243404142962,218.0787466501752
-0.5999999999999996,-0.075,52341.00000000003,0.0210498013201611,0.0127706287268409,208.8641517212946
-0.5999999999999996,-0.0725,52325.00000000002,0.0209078989000565,0.0126916219511218,199.64955679241396
-0.5999999999999996,-0.07,52341.00000000005,0.0208462386253394,0.0125424506937453,190.4349618635333
-0.5999999999999996,-0.0675,52359.00000000003,0.0207187545183798,0.0124769714868227,181.22036693465265
-0.5999999999999996,-0.065,52342.00000000005,0.0206562245351914,0.0123416500173615,172.005772005772
-0.5999999999999996,-0.0625,52330.00000000005,0.0205569946216811,0.0122668015587874,164.8732220160792
-0.5999999999999996,-0.06,52346.00000000003,0.0204703753055758,0.0121826549467304,150.54627911770768
-0.5999999999999996,-0.0575,52360.00000000005,0.0203990005513961,0.0120949502023089,141.5584415584416
-0.5999999999999996,-0.055,52357.00000000003,0.0203123892963234,0.0120299632640246,134.81756338899197
-0.5999999999999996,-0.0525,52402.00000000005,0.0202700066045844,0.0119340959151243,123.58276643990928
-0.5999999999999996,-0.05,52391.00000000005,0.020195648367453,0.0118766329297746,116.84188827045972
-0.5999999999999996,-0.0475,52400.00000000002,0.020145726127779,0.0118053380983261,107.85405071119357
-0.5999999999999996,-0.045,52400.00000000005,0.0200980784417803,0.0117386003587609,98.86621315192748
-0.5999999999999996,-0.0425,52382.00000000003,0.0200553861937131,0.0116802943387893,89.87837559266131
-0.5999999999999996,-0.04,52412.00000000005,0.0200232383452699,0.0116212332670043,79.65367965367966
-0.5999999999999996,-0.0375,52424.00000000005,0.0199878764080177,0.0115813307523794,69.69696969696973
-0.5999999999999996,-0.035,52427.00000000002,0.0199854785446844,0.0115088753010141,54.05071119356835
-0.5999999999999996,-0.0325,52472.00000000005,0.0199592269244862,0.0114733857156035,45.51638837353124
-0.5999999999999996,-0.03,52495.00000000002,0.0199388712785124,0.0114423499029782,36.98206555349413
-0.5999999999999996,-0.0275,52529.00000000005,0.0199106217448787,0.0114345659552451,35.55967841682127
-0.5999999999999996,-0.025,52507.00000000003,0.0199048827262573,0.0114083781673752,25.602968460111317
-0.5999999999999996,-0.0225,52519.00000000005,0.0199022127974739,0.0113921171164828,17.068645640074223
-0.5999999999999996,-0.02,52479.00000000003,0.0199063630513532,0.0113780927356087,8.534322820037119
-0.5999999999999996,-0.0175,52542.00000000005,0.0199107117762275,0.0113740686989119,-8.534322820037104
-0.5999999999999996,-0.015,52533.00000000003,0.0199287799188783,0.0113718659711864,-9.956709956709972
-0.5999999999999996,-0.0124999999999999,52542.00000000005,0.0199447309875602,0.0113801937762805,-21.335807050092757
-0.5999999999999996,-0.01,52544.00000000003,0.0199502535260243,0.0113963008597068,-32.714904143475565
-0.5999999999999996,-0.0075,52637.00000000005,0.0199710161204242,0.0114244249326912,-45.51638837353124
-0.5999999999999996,-0.005,52625.00000000003,0.0200105158213091,0.0114362092801888,-49.7835497835498
-0.5999999999999996,-0.0025,52646.00000000005,0.0200243609658413,0.0114859212797396,-64.00742115027832
-0.5999999999999996,0.0,52639.00000000003,0.0200805419113344,0.011501378778933,-68.27458256029688
-0.5999999999999996,0.0025,52624.00000000005,0.0201199613299705,0.0115388730199192,-78.89095031952175
-0.5999999999999996,0.0049999999999999,52657.00000000003,0.0201785667295657,0.0115734725015169,-85.38445681302824
-0.5999999999999996,0.0074999999999999,52673.00000000005,0.0202374498949684,0.0116218077628483,-94.3722943722944
-0.5999999999999996,0.0099999999999999,52653.00000000003,0.0202646873193061,0.0117095328998505,-107.8540507111936
-0.5999999999999996,0.0124999999999999,52673.00000000005,0.020357478920497,0.0117353776765681,-112.34796949082664
-0.5999999999999996,0.015,52642.00000000003,0.0203952027405906,0.0118331457083554,-125.82972582972585
-0.5999999999999996,0.0175,52680.00000000005,0.0204660434973407,0.0119034345175952,-134.81756338899197
-0.5999999999999996,0.0199999999999999,52681.00000000003,0.0205436385484451,0.0119807405553254,-143.8054009482581
-0.5999999999999996,0.0224999999999999,52682.00000000005,0.0206254619379751,0.0120632934586206,-152.79323850752425
-0.5999999999999996,0.0249999999999999,52721.00000000003,0.0207126058412932,0.0121391445411444,-159.55473098330245
-0.5999999999999996,0.0274999999999999,52718.00000000005,0.0208068515471585,0.0122293410247473,-170.19171304885597
-0.5999999999999996,0.03,52699.00000000002,0.0209342076666337,0.0122890098402887,-184.29189857761284
-0.5999999999999996,0.0325,52714.00000000005,0.0210032176456064,0.0124195938110478,-187.36343022057304
-0.5999999999999996,0.035,52685.00000000002,0.0210357154695932,0.0125991808824844,-193.50649350649348
-0.5999999999999996,0.0375,52727.00000000003,0.0212218434574742,0.0126298901538317,-205.7926200783344
-0.5999999999999996,0.04,52746.00000000005,0.0213351586637519,0.0127404286891348,-218.0787466501752
-0.5999999999999996,0.0425,52783.00000000003,0.0214190837665897,0.0129011693586726,-221.1502782931354
-0.5999999999999996,0.0449999999999999,52768.00000000005,0.021536674391965,0.013020856514899,-227.29334157905583
-0.5999999999999996,0.0474999999999999,52775.00000000002,0.0217564538465614,0.0130560014684935,-245.7225314368172
-0.5999999999999996,0.0499999999999999,52791.00000000005,0.0218946813773063,0.0131746988222436,-250.834879406308
-0.5999999999999996,0.0524999999999999,52795.00000000005,0.0218951291080795,0.0134443231207536,-257.1428571428572
-0.5999999999999996,0.0549999999999999,52820.00000000003,0.0220951703089916,0.0135209900602201,-268.83116883116884
-0.5999999999999996,0.0574999999999999,52830.00000000005,0.0223090522012666,0.0135919219712518,-280.51948051948057
-0.5999999999999996,0.06,52866.00000000002,0.0224655884151267,0.0137341040442986,-288.3116883116884
-0.5999999999999996,0.0625,52857.00000000005,0.0226224785460563,0.0138770917301669,-296.1038961038962
-0.5999999999999996,0.065,52866.00000000005,0.0227841335210995,0.0140262246523753,-303.896103896104
-0.5999999999999996,0.0675,52871.00000000003,0.0228830063970317,0.0142452304581837,-315.58441558441564
-0.5999999999999996,0.07,52885.00000000005,0.0229784013084718,0.0144734890199631,-319.48051948051955
-0.5999999999999996,0.0725,52924.00000000002,0.023165205826152,0.0146122354127318,-327.437641723356
-0.5999999999999996,0.075,53002.00000000003,0.0233726624602206,0.0147518123628036,-335.168006596578
-0.5999999999999996,0.0774999999999999,53007.00000000004,0.0236511055825608,0.0148218082261266,-349.3300350443207
-0.5999999999999996,0.0799999999999999,53022.00000000002,0.0238436823379654,0.0149910116213381,-358.77138734281584
-0.5999999999999996,0.0824999999999999,53069.00000000004,0.024038737216415,0.0151531496818224,-368.212739641311
-0.5999999999999996,0.0849999999999999,53103.00000000004,0.0241321134848674,0.0154223325111808,-372.93341579055857
-0.5999999999999996,0.0875,53170.00000000002,0.0244405461012925,0.0154990554449851,-387.09544423830135
-0.5999999999999996,0.09,53168.00000000004,0.0246423724355682,0.0156725403131872,-396.5367965367964
-0.5999999999999996,0.0925,53179.00000000004,0.0247397783812138,0.0159501754508795,-401.257472686044
-0.5999999999999996,0.095,53212.00000000002,0.0249413682779622,0.0161425060709443,-405.504019789734
-0.5999999999999996,0.0975,53250.00000000004,0.0252663574016111,0.016229142245472,-421.4388785817357
-0.5999999999999996,0.1,53276.00000000004,0.0254855195509385,0.0164104737092146,-432.5293753865183
-0.5,-0.1,52408.00000000005,0.0228323739301505,0.0143810193016773,323.37662337662346
-0.5,-0.0975,52379.00000000003,0.0225888883304893,0.0142912113497829,311.6883116883117
-0.5,-0.095,52365.00000000002,0.022421969148603,0.0141393854618513,303.896103896104
-0.5,-0.0925,52386.00000000005,0.0224049710360332,0.013860717866253,288.3116883116884
-0.5,-0.09,52374.00000000003,0.0222495650927953,0.0137162947097559,280.51948051948057
-0.5,-0.0875,52372.00000000002,0.0220342132856121,0.0136336695738303,276.62337662337666
-0.5,-0.085,52333.00000000005,0.021882713673959,0.0134961718406103,268.83116883116884
-0.5,-0.0825,52334.00000000005,0.0216849111358292,0.0134166260565858,257.1428571428572
-0.5,-0.08,52330.00000000002,0.0216418292148741,0.0132025412330991,243.86724386724387
-0.5,-0.0775,52314.00000000005,0.0215074506408726,0.0130799672707364,233.43640486497628
-0.5,-0.075,52294.00000000003,0.0213370964475938,0.0129983046209665,230.3648732220161
-0.5,-0.0725,52297.00000000002,0.0211762077418814,0.0129140774034563,221.1502782931354
-0.5,-0.07,52292.00000000005,0.0211022649812898,0.0127590619724651,205.7926200783344
-0.5,-0.0675,52324.00000000003,0.0209599114646856,0.0126796135845411,202.72108843537413
-0.5,-0.065,52320.00000000005,0.0208214197244812,0.0126036559361883,193.50649350649348
-0.5,-0.0625,52280.00000000004,0.0208296989144283,0.0123958202679027,178.14883529169242
-0.5,-0.06,52292.00000000003,0.020634681896857,0.0123955701295387,175.0773036487322
-0.5,-0.0575,52297.00000000005,0.0205875119988117,0.0122613300758385,167.5324675324676
-0.5,-0.055,52311.00000000003,0.0204716857912794,0.0122040960463831,155.04019789734076
-0.5,-0.0525,52328.00000000005,0.0203964787713987,0.0121165176309864,146.05236033807464
-0.5,-0.05,52317.00000000005,0.020345277848789,0.0120116203847938,139.31148216862505
-0.5,-0.0475,52350.00000000003,0.0202797689434084,0.0119332976564299,130.3236446093589
-0.5,-0.045,52350.00000000005,0.0202173358312967,0.011857970213233,121.33580705009275
-0.5,-0.0425,52380.00000000003,0.0201606094854441,0.0117912745393585,112.34796949082664
-0.5,-0.04,52375.00000000005,0.0201107682826821,0.0117230177280877,103.36013193156052
-0.5,-0.0375,52337.00000000005,0.0200655225433855,0.0116670816882861,94.3722943722944
-0.5,-0.035,52388.00000000002,0.0200336838123644,0.0116022522238779,75.22160379303236
-0.5,-0.0325,52394.00000000005,0.019979753566333,0.0115755611571457,72.54174397031544
-0.5,-0.03,52389.00000000002,0.019944718133212,0.0115381253935214,62.585034013605465
-0.5,-0.0275,52410.00000000005,0.0199376669221262,0.0114758671839303,48.36116264687695
-0.5,-0.025,52424.00000000003,0.0199153296179428,0.0114449517005557,39.82683982683983
-0.5,-0.0225,52449.00000000005,0.019902217745267,0.0114179453446959,31.29251700680271
-0.5,-0.02,52421.00000000003,0.0198789576366131,0.0114102977560069,29.870129870129876
-0.5,-0.0175,52454.00000000005,0.0198829306052687,0.011382636906311,12.801484230055664
-0.5,-0.015,52437.00000000003,0.0198841636564863,0.0113699553802086,2.844774273345692
-0.5,-0.0124999999999999,52479.00000000005,0.019887529246744,0.0113674412238541,-6.060606060606062
-0.5,-0.01,52458.00000000003,0.0198928898281326,0.0113663862929946,-12.801484230055664
-0.5,-0.0075,52454.00000000005,0.0199038837286407,0.011373776851208,-24.180581323438474
-0.5,-0.005,52524.00000000003,0.0199242834345418,0.0113815939217367,-29.87012987012986
-0.5,-0.0025,52552.00000000005,0.019939476031082,0.0114099889515783,-44.09400123685839
-0.5,0.0,52585.00000000003,0.0199780673814027,0.011419559274668,-48.36116264687695
-0.5,0.0025,52593.00000000005,0.0200064000437849,0.0114535930522273,-58.317872603586906
-0.5,0.0049999999999999,52601.00000000003,0.0200533444268899,0.011477843368371,-65.42980828695117
-0.5,0.0074999999999999,52576.00000000005,0.0200862383308381,0.0115222815492208,-69.69696969696972
-0.5,0.0099999999999999,52615.00000000003,0.0201355911892967,0.011569336226327,-88.06431663574519
-0.5,0.0124999999999999,52613.00000000005,0.0201603334199143,0.0116502423485302,-94.37229437229436
-0.5,0.015,52648.00000000003,0.0202406155525832,0.0116761062063198,-103.36013193156052
-0.5,0.0175,52638.00000000005,0.0202848440219634,0.011750362690908,-110.10101010101012
-0.5,0.0199999999999999,52622.00000000003,0.0203653859136042,0.0118017794067867,-121.33580705009275
-0.5,0.0224999999999999,52617.00000000005,0.0204207785678347,0.0118865471699455,-128.07668521954238
-0.5,0.0249999999999999,52654.00000000003,0.0205137728492217,0.0119442086204534,-139.31148216862502
-0.5,0.0274999999999999,52696.00000000005,0.0206006876525847,0.0120194169822071,-148.29931972789117
-0.5,0.03,52704.00000000002,0.0206836356608833,0.0121040209366066,-157.2871572871573
-0.5,0.0325,52690.00000000005,0.0207814878089517,0.012185039716467,-164.8732220160792
-0.5,0.035,52683.00000000002,0.0208755815873244,0.0122776837426371,-175.07730364873223
-0.5,0.0375,52712.00000000003,0.0209112434483168,0.012446655321291,-181.22036693465265
-0.5,0.04,52723.00000000005,0.0210804633974656,0.0124763004976213,-193.50649350649348
-0.5,0.0425,52672.00000000003,0.0211936311054764,0.0125812293524242,-205.7926200783344
-0.5,0.0449999999999999,52745.00000000005,0.0213080583209329,0.0126941733306845,-211.9356833642548
-0.5,0.0474999999999999,52730.00000000002,0.0214722551989419,0.0127624282153603,-221.1502782931354
-0.5,0.0499999999999999,52745.00000000003,0.021555190022935,0.0129209444463137,-230.3648732220161
-0.5,0.0524999999999999,52732.00000000005,0.021682156071727,0.0130470092809898,-236.5079365079365
-0.5,0.0549999999999999,52759.00000000003,0.021820042392272,0.0131693829477047,-247.3510616367759
-0.5,0.0574999999999999,52772.00000000005,0.0219905563729878,0.0132660695297705,-257.1428571428572
-0.5,0.06,52771.00000000003,0.0221289915214061,0.0133975511776778,-264.93506493506504
-0.5,0.0625,52789.00000000005,0.022278914420237,0.0135339149708828,-280.51948051948057
-0.5,0.065,52835.00000000005,0.0223038581528372,0.0138023681815677,-280.51948051948057
-0.5,0.0675,52851.00000000003,0.0225237159325941,0.013882087283685,-292.2077922077923
-0.5,0.07,52877.00000000005,0.0226849531388507,0.0140322186484401,-300.0000000000001
-0.5,0.0725,52898.00000000002,0.0229263872334497,0.0141132779518786,-311.6883116883117
-0.5,0.075,52924.00000000003,0.0230948179080226,0.0142638023202602,-319.48051948051955
-0.5,0.0774999999999999,52931.00000000005,0.0233076066637691,0.0143845556667321,-327.437641723356
-0.5,0.0799999999999999,52969.00000000002,0.0234336556329211,0.0145940077665051,-339.8886827458255
-0.5,0.0824999999999999,53006.00000000004,0.0236132821967219,0.0147546814647286,-349.3300350443207
-0.5,0.0849999999999999,53032.00000000005,0.0238035676355619,0.0149191435411118,-358.77138734281584
-0.5,0.0875,53051.00000000002,0.0238982030672806,0.0151777283103508,-363.4920634920634
-0.5,0.09,53088.00000000004,0.0240948766408682,0.0153498317226039,-372.93341579055857
-0.5,0.0925,53140.00000000004,0.0242871157218282,0.0155258731327111,-382.37476808905376
-0.5,0.095,53155.00000000002,0.0244931565302039,0.0156978413192223,-391.8161203875489
-0.5,0.0975,53160.00000000004,0.0246958134971329,0.0158765262073883,-401.257472686044
-0.5,0.1,53217.00000000004,0.0248896120732863,0.0160691652136019,-405.504019789734
-0.3999999999999999,-0.1,52600.00000000005,0.0232523908804781,0.0148113566937978,339.8886827458255
-0.3999999999999999,-0.0975,52579.00000000004,0.0231695412529206,0.014562119073002,335.168006596578
-0.3999999999999999,-0.095,52555.00000000002,0.0229219436603205,0.0144589538531647,323.12925170068024
-0.3999999999999999,-0.0925,52550.00000000005,0.022778543242716,0.0142808105057901,315.58441558441564
-0.3999999999999999,-0.09,52544.00000000004,0.0226111202976931,0.0141273611001392,307.7922077922078
-0.3999999999999999,-0.0875,52497.00000000002,0.0223728434078302,0.0140400219318714,296.1038961038962
-0.3999999999999999,-0.085,52522.00000000005,0.0222163489903323,0.0138925141300834,288.3116883116884
-0.3999999999999999,-0.0825,52523.00000000003,0.0220004041150391,0.0138096409129741,276.62337662337666
-0.3999999999999999,-0.08,52527.00000000002,0.0219148905951091,0.0136060175550351,272.72727272727275
-0.3999999999999999,-0.0775,52486.00000000005,0.0217123510859827,0.0135283682148482,261.03896103896113
-0.3999999999999999,-0.075,52481.00000000003,0.0216996039116758,0.0132761577773038,253.2467532467533
-0.3999999999999999,-0.0725,52502.00000000002,0.0214815741909611,0.0132222321303654,243.86724386724387
-0.3999999999999999,-0.07,52493.00000000005,0.021363023369126,0.0130870836689178,233.43640486497628
-0.3999999999999999,-0.0675,52476.00000000003,0.0211956280166124,0.0130060050708127,224.2218099360956
-0.3999999999999999,-0.065,52485.00000000005,0.0211209520208702,0.0128389941728277,215.00721500721497
-0.3999999999999999,-0.0625,52472.00000000005,0.0209699260682514,0.0127648748825989,205.79262007833435
-0.3999999999999999,-0.06,52459.00000000002,0.020865524204433,0.0126493989517642,199.64955679241396
-0.3999999999999999,-0.0575,52482.00000000005,0.0207662850512919,0.0125390646854844,187.36343022057304
-0.3999999999999999,-0.055,52465.00000000003,0.0207049041830914,0.0124025699608247,178.14883529169242
-0.3999999999999999,-0.0525,52478.00000000005,0.020580373595595,0.012338374263386,168.9342403628118
-0.3999999999999999,-0.05,52466.00000000005,0.0205180382715236,0.0122214786957768,161.78107606679038
-0.3999999999999999,-0.0475,52443.00000000003,0.0204402473125147,0.0121295754094083,152.79323850752422
-0.3999999999999999,-0.045,52446.00000000005,0.0203231344193296,0.0120848849250554,139.31148216862505
-0.3999999999999999,-0.0425,52461.00000000003,0.0202394704747059,0.0120198992076077,132.57060399917543
-0.3999999999999999,-0.04,52484.00000000005,0.0201914222851622,0.0119245638560442,121.33580705009275
-0.3999999999999999,-0.0375,52504.00000000005,0.020136571137612,0.0118505621756524,112.34796949082664
-0.3999999999999999,-0.035,52505.00000000002,0.020080981860844,0.0117835813672061,103.36013193156047
-0.3999999999999999,-0.0325,52493.00000000005,0.0200344601008949,0.011719902757821,94.3722943722944
-0.3999999999999999,-0.03,52507.00000000002,0.0199916081906432,0.0116638629847129,85.38445681302824
-0.3999999999999999,-0.0275,52490.00000000005,0.0199516740844967,0.0116117569869852,78.2312925170068
-0.3999999999999999,-0.025,52499.00000000003,0.019921334180236,0.0115652333516101,69.69696969696973
-0.3999999999999999,-0.0225,52488.00000000005,0.0198905793114897,0.0115256493200477,58.317872603586906
-0.3999999999999999,-0.02,52528.00000000003,0.019868874467034,0.0114881430099262,49.7835497835498
-0.3999999999999999,-0.0175,52531.00000000005,0.0198557780658669,0.0114546862909689,41.24922696351268
-0.3999999999999999,-0.015,52589.00000000003,0.0198464780884409,0.0114278366826612,32.714904143475565
-0.3999999999999999,-0.0124999999999999,52597.00000000005,0.0198441180989129,0.0114031968145507,21.335807050092757
-0.3999999999999999,-0.01,52587.00000000003,0.0198400902625437,0.0113894174925666,14.223871366728517
-0.3999999999999999,-0.0075,52585.00000000005,0.0198409981955046,0.0113780777008377,2.844774273345706
-0.3999999999999999,-0.005,52587.00000000003,0.0198478051689667,0.0113756255539499,-8.534322820037104
-0.3999999999999999,-0.0025,52623.00000000005,0.0198549563778569,0.0113821406231476,-19.91341991341993
-0.3999999999999999,0.0,52623.00000000003,0.0198749440028019,0.0113887373402437,-27.025355596784152
-0.3999999999999999,0.0025,52657.00000000005,0.0199000600716987,0.0113982642736053,-32.714904143475565
-0.3999999999999999,0.0049999999999999,52686.00000000003,0.0199267953046332,0.0114125810429832,-41.24922696351268
-0.3999999999999999,0.0074999999999999,52714.00000000005,0.0199472699126123,0.0114555962715418,-48.36116264687695
-0.3999999999999999,0.0099999999999999,52746.00000000003,0.019996934182438,0.0114730459557022,-59.74025974025976
-0.3999999999999999,0.0124999999999999,52719.00000000005,0.0200366943238253,0.0115076377074461,-68.27458256029688
-0.3999999999999999,0.015,52729.00000000003,0.0200872247287475,0.0115420713824752,-71.55225726654298
-0.3999999999999999,0.0175,52742.00000000005,0.0201194491118592,0.0116077164268658,-92.12533498247784
-0.3999999999999999,0.0199999999999999,52790.00000000003,0.0201732352817336,0.0116616426021636,-101.11317254174398
-0.3999999999999999,0.0224999999999999,52758.00000000005,0.0202357621540539,0.0117187481951404,-110.1010101010101
-0.3999999999999999,0.0249999999999999,52747.00000000003,0.020270478448154,0.0118149005283885,-114.59492888064317
-0.3999999999999999,0.0274999999999999,52766.00000000005,0.0203366299835197,0.0118814821136404,-123.5827664399093
-0.3999999999999999,0.03,52793.00000000003,0.0204449971488569,0.0119130097267941,-137.0645227788085
-0.3999999999999999,0.0325,52789.00000000003,0.0204847573991675,0.0120337478470103,-141.55844155844156
-0.3999999999999999,0.035,52836.00000000002,0.0206117065091094,0.012074321510632,-155.04019789734076
-0.3999999999999999,0.0375,52847.00000000003,0.020712754431973,0.0121461693413711,-162.21397649969083
-0.3999999999999999,0.04,52826.00000000005,0.0207505341400726,0.0122974825163056,-165.86270871985155
-0.3999999999999999,0.0425,52823.00000000003,0.0208820200745372,0.0123595621890888,-181.22036693465265
-0.3999999999999999,0.0449999999999999,52824.00000000005,0.0209506789418052,0.0124960454375339,-184.29189857761284
-0.3999999999999999,0.0474999999999999,52786.00000000002,0.0210953522809974,0.0125615279132886,-199.6495567924139
-0.3999999999999999,0.0499999999999999,52792.00000000003,0.0212465221841726,0.0126310185964647,-208.8641517212946
-0.3999999999999999,0.0524999999999999,52840.00000000005,0.0213328366385747,0.0127794985647807,-218.0787466501752
-0.3999999999999999,0.0549999999999999,52861.00000000003,0.0214948306322684,0.012857641074695,-227.29334157905583
-0.3999999999999999,0.0574999999999999,52840.00000000005,0.0215796802346633,0.0130197353050931,-236.5079365079365
-0.3999999999999999,0.06,52847.00000000003,0.0217207494639388,0.0131400922059714,-247.3510616367759
-0.3999999999999999,0.0625,52871.00000000005,0.0218239325789898,0.013297669056607,-253.2467532467533
-0.3999999999999999,0.065,52891.00000000005,0.0219672968213619,0.01342767411232,-261.03896103896113
-0.3999999999999999,0.0675,52924.00000000003,0.0221757019033521,0.0135023875333148,-272.72727272727275
-0.3999999999999999,0.07,52923.00000000005,0.0223252112654245,0.0136374343278233,-280.51948051948057
-0.3999999999999999,0.0725,52937.00000000002,0.0224863749355046,0.0137824415726344,-288.3116883116884
-0.3999999999999999,0.075,52944.00000000003,0.0225080489704256,0.0140615413987579,-296.1038961038962
-0.3999999999999999,0.0774999999999999,52977.00000000005,0.0227435173418572,0.0141441765939029,-307.7922077922078
-0.3999999999999999,0.0799999999999999,52991.00000000002,0.0229134470590926,0.0142949420345911,-315.58441558441564
-0.3999999999999999,0.0824999999999999,53019.00000000004,0.0231114425956108,0.0144251401021671,-323.12925170068024
-0.3999999999999999,0.0849999999999999,53021.00000000005,0.0233253668385409,0.0145517319618118,-330.4473304473304
-0.3999999999999999,0.0875,53076.00000000002,0.0235057878499397,0.0147156507936174,-339.8886827458255
-0.3999999999999999,0.09,53126.00000000004,0.0236979388884582,0.0148789392374085,-349.3300350443207
-0.3999999999999999,0.0925,53144.00000000004,0.0238891108257039,0.0150447408918917,-358.77138734281584
-0.3999999999999999,0.095,53135.00000000003,0.0240870187665797,0.0152077111373746,-368.212739641311
-0.3999999999999999,0.0975,53145.00000000004,0.0242836442725251,0.0153817899407777,-377.65409193980616
-0.3999999999999999,0.1,53177.00000000004,0.0243866071544029,0.0156481273873825,-382.37476808905376
-0.2999999999999998,-0.1,52655.00000000005,0.0236150958918475,0.0152749083312307,363.4920634920634
-0.2999999999999998,-0.0975,52637.00000000003,0.023423499501657,0.0151033354661525,354.0507111935683
-0.2999999999999998,-0.095,52637.00000000002,0.0232394160185377,0.0149371664949153,344.6093588950731
-0.2999999999999998,-0.0925,52609.00000000005,0.0231615672041104,0.0146846562767625,339.8886827458255
-0.2999999999999998,-0.09,52586.00000000003,0.0230139461258989,0.0144955384275859,331.74603174603175
-0.2999999999999998,-0.0875,52583.00000000002,0.0227875141054877,0.0143850524349836,319.48051948051955
-0.2999999999999998,-0.085,52578.00000000005,0.0225485326489844,0.0142952576304383,307.7922077922079
-0.2999999999999998,-0.0825,52542.00000000005,0.022380918464088,0.0141437573424092,300.00000000000006
-0.2999999999999998,-0.08,52551.00000000002,0.0222275244820725,0.0139925841551773,292.2077922077923
-0.2999999999999998,-0.0775,52516.00000000005,0.0222141788008023,0.0137200509687192,284.4155844155845
-0.2999999999999998,-0.075,52499.00000000003,0.0219948122349723,0.0136384721000133,272.72727272727275
-0.2999999999999998,-0.0725,52490.00000000002,0.021848389316856,0.0134991639138452,264.93506493506504
-0.2999999999999998,-0.07,52505.00000000005,0.0217113365804004,0.0133630241693305,257.1428571428572
-0.2999999999999998,-0.0675,52502.00000000003,0.0216075413274212,0.0132015871980204,247.3510616367759
-0.2999999999999998,-0.065,52494.00000000005,0.0213906994356377,0.0131572113270231,236.5079365079365
-0.2999999999999998,-0.0625,52496.00000000005,0.0212662853462756,0.0130337858218141,230.3648732220161
-0.2999999999999998,-0.06,52498.00000000003,0.0211485306518447,0.012908239185868,218.0787466501752
-0.2999999999999998,-0.0575,52478.00000000005,0.0210801361386611,0.0127515749481526,208.8641517212946
-0.2999999999999998,-0.055,52494.00000000003,0.020936366528952,0.0126737479961965,199.64955679241396
-0.2999999999999998,-0.0525,52471.00000000005,0.0208677149081395,0.0125274851052494,190.4349618635333
-0.2999999999999998,-0.05,52498.00000000005,0.0207363218758082,0.01245893612441,181.22036693465265
-0.2999999999999998,-0.0475,52505.00000000002,0.0206092770867373,0.012389137006684,172.005772005772
-0.2999999999999998,-0.045,52527.00000000005,0.0205396328739981,0.0122757394299443,162.21397649969083
-0.2999999999999998,-0.0425,52509.00000000003,0.0204517671504981,0.0121873276193823,152.79323850752422
-0.2999999999999998,-0.04,52502.00000000005,0.0203782592431446,0.0120988840225633,143.80540094825813
-0.2999999999999998,-0.0375,52471.00000000005,0.0203455212675826,0.0119737496719204,139.31148216862505
-0.2999999999999998,-0.035,52479.00000000002,0.0202384647990441,0.011933352862573,125.82972582972582
-0.2999999999999998,-0.0325,52479.00000000005,0.0201798461756308,0.0118587081952443,116.84188827045972
-0.2999999999999998,-0.03,52518.00000000003,0.0201231694060758,0.0117888444691251,107.85405071119357
-0.2999999999999998,-0.0275,52518.00000000005,0.0200749855738722,0.0117218370996307,98.86621315192748
-0.2999999999999998,-0.025,52527.00000000003,0.0200271170291149,0.0116627913928432,89.87837559266131
-0.2999999999999998,-0.0225,52526.00000000005,0.0199862255327608,0.0116102717141228,81.07606679035251
-0.2999999999999998,-0.02,52551.00000000003,0.0199513424618859,0.0115625136966733,72.54174397031544
-0.2999999999999998,-0.0175,52548.00000000005,0.0199157630170317,0.0115238712117607,62.585034013605465
-0.2999999999999998,-0.015,52528.00000000003,0.0198954769892392,0.011483040824823,54.05071119356836
-0.2999999999999998,-0.0124999999999999,52557.00000000005,0.0198810993296719,0.0114397891738631,42.671614100185536
-0.2999999999999998,-0.01,52583.00000000005,0.0198601147110465,0.0114170258372068,36.98206555349413
-0.2999999999999998,-0.0075,52581.00000000005,0.0198524554031205,0.0113941495353856,28.44774273345702
-0.2999999999999998,-0.005,52594.00000000003,0.01985498604014,0.0113699142097242,14.223871366728517
-0.2999999999999998,-0.0025,52592.00000000005,0.0198540379587233,0.0113616195176708,9.956709956709972
-0.2999999999999998,0.0,52601.00000000003,0.0198535198958195,0.0113564756348487,-5.689548546691412
-0.2999999999999998,0.0025,52598.00000000005,0.0198582660001436,0.0113546959275383,-11.37909709338281
-0.2999999999999998,0.0049999999999999,52629.00000000003,0.0198748548347421,0.0113621590147105,-21.335807050092757
-0.2999999999999998,0.0074999999999999,52656.00000000005,0.0198899941220101,0.0113742007142548,-31.29251700680271
-0.2999999999999998,0.0099999999999999,52688.00000000003,0.0199157555071288,0.0113886450363898,-39.82683982683983
-0.2999999999999998,0.0124999999999999,52734.00000000005,0.0199528017805877,0.0114039143073771,-45.51638837353124
-0.2999999999999998,0.015,52718.00000000003,0.0199773706163108,0.0114454085503657,-52.62832405689549
-0.2999999999999998,0.0175,52746.00000000005,0.0200440002027097,0.0114478875164729,-62.585034013605465
-0.2999999999999998,0.0199999999999999,52724.00000000003,0.0200582727444412,0.0115135513851963,-69.69696969696973
-0.2999999999999998,0.0224999999999999,52763.00000000005,0.0201206754897797,0.0115439461175549,-82.56029684601111
-0.2999999999999998,0.0249999999999999,52795.00000000003,0.0201522913508809,0.0116165649260347,-96.6192537621109
-0.2999999999999998,0.0274999999999999,52790.00000000005,0.0202146495567408,0.0116737658636335,-105.60709132137706
-0.2999999999999998,0.03,52777.00000000003,0.020275896032139,0.0117335354259007,-114.59492888064318
-0.2999999999999998,0.0325,52787.00000000003,0.0203456515067967,0.0117981772058958,-123.5827664399093
-0.2999999999999998,0.035,52783.00000000002,0.0204743505614863,0.0118100887686904,-125.82972582972582
-0.2999999999999998,0.0375,52834.00000000003,0.0205006149136657,0.0119417574865519,-141.55844155844156
-0.2999999999999998,0.04,52832.00000000005,0.0205638855630877,0.0120427418976117,-152.79323850752425
-0.2999999999999998,0.0425,52819.00000000003,0.0206683017845706,0.0121045924023027,-159.53411667697384
-0.2999999999999998,0.0449999999999999,52825.00000000005,0.0207468377933212,0.0122101357153035,-170.19171304885597
-0.2999999999999998,0.0474999999999999,52859.00000000002,0.0208108212105962,0.0123386598988731,-172.005772005772
-0.2999999999999998,0.0499999999999999,52880.00000000005,0.0209446062227551,0.012402684875663,-187.36343022057304
-0.2999999999999998,0.0524999999999999,52852.00000000005,0.0210145267909945,0.0125413238134107,-190.4349618635333
-0.2999999999999998,0.0549999999999999,52848.00000000003,0.0211617334623677,0.0126111363330048,-205.7926200783344
-0.2999999999999998,0.0574999999999999,52867.00000000005,0.021318900917233,0.012683681708662,-215.00721500721497
-0.2999999999999998,0.06,52885.00000000002,0.0213623008442169,0.012879413727126,-221.1502782931354
-0.2999999999999998,0.0625,52855.00000000003,0.0215261953200659,0.0129551721844734,-230.3648732220161
-0.2999999999999998,0.065,52878.00000000005,0.0217015259894636,0.0130350766423805,-239.57946815089676
-0.2999999999999998,0.0675,52910.00000000003,0.0218417728682109,0.013152846711431,-250.834879406308
-0.2999999999999998,0.07,52938.00000000005,0.0219679576363084,0.01330289503792,-257.1428571428572
-0.2999999999999998,0.0725,52936.00000000002,0.0220502804310734,0.0134974026185109,-268.83116883116884
-0.2999999999999998,0.075,52959.00000000003,0.0221984661384801,0.0136323476951732,-276.62337662337666
-0.2999999999999998,0.0774999999999999,52966.00000000005,0.022421049902405,0.01371207082546,-288.3116883116884
-0.2999999999999998,0.0799999999999999,53005.00000000002,0.022582907682944,0.0138531439172196,-296.1038961038962
-0.2999999999999998,0.0824999999999999,53007.00000000005,0.0227449558385112,0.014004485556027,-303.896103896104
-0.2999999999999998,0.0849999999999999,53014.00000000005,0.0229158052620277,0.0141521309116744,-311.6883116883117
-0.2999999999999998,0.0875,53057.00000000003,0.0230125053084277,0.0143760077304206,-315.58441558441564
-0.2999999999999998,0.09,53067.00000000004,0.0232125488382043,0.0145109468732664,-331.74603174603175
-0.2999999999999998,0.0925,53101.00000000005,0.0234253474562885,0.0146404431630065,-339.8886827458255
-0.2999999999999998,0.095,53126.00000000003,0.0235104523646134,0.0148924697643006,-344.6093588950731
-0.2999999999999998,0.0975,53141.00000000004,0.0238049231182852,0.0149651633178822,-358.77138734281584
-0.2999999999999998,0.1,53171.00000000004,0.0240002773221039,0.0151289539803008,-368.212739641311
-0.1999999999999997,-0.1,52761.00000000005,0.0242027741545683,0.0155899434315536,387.09544423830135
-0.1999999999999997,-0.0975,52753.00000000003,0.0240040369075892,0.0154174824160819,377.65409193980616
-0.1999999999999997,-0.095,52660.00000000002,0.0238037319241185,0.0152442813771208,368.212739641311
-0.1999999999999997,-0.0925,52696.00000000005,0.0236077849454443,0.0150762525737659,358.77138734281584
-0.1999999999999997,-0.09,52715.00000000003,0.0234205054927156,0.0149111537691664,349.3300350443207
-0.1999999999999997,-0.0875,52677.00000000002,0.0231351936398554,0.0148316578230189,344.6093588950731
-0.1999999999999997,-0.085,52637.00000000005,0.0230887489013093,0.0145530432566731,331.74603174603175
-0.1999999999999997,-0.0825,52634.00000000003,0.0229403422770962,0.0143693960945868,323.37662337662346
-0.1999999999999997,-0.08,52603.00000000002,0.0227698508695358,0.0142168568824259,315.58441558441564
-0.1999999999999997,-0.0775,52591.00000000005,0.0226004785640584,0.0140666493470323,300.0000000000001
-0.1999999999999997,-0.075,52594.00000000003,0.022292874457155,0.0140453475677275,292.2077922077923
-0.1999999999999997,-0.0725,52571.00000000002,0.0222082674285462,0.013830950992194,288.3116883116884
-0.1999999999999997,-0.07,52547.00000000005,0.0219895267525492,0.0137473617216288,276.62337662337666
-0.1999999999999997,-0.0675,52538.00000000003,0.0219804339900308,0.0134886082269029,268.83116883116884
-0.1999999999999997,-0.065,52538.00000000005,0.021772305835532,0.0134105929836577,257.1428571428572
-0.1999999999999997,-0.0625,52544.00000000003,0.0216376238865582,0.0132773412411833,249.3506493506494
-0.1999999999999997,-0.06,52538.00000000002,0.0215357372310388,0.013116532599604,236.5079365079365
-0.1999999999999997,-0.0575,52540.00000000005,0.0213182239039749,0.0130763232000515,230.3648732220161
-0.1999999999999997,-0.055,52523.00000000003,0.0211986043491172,0.012950938342649,224.2218099360956
-0.1999999999999997,-0.0525,52497.00000000005,0.0211274911956779,0.0127949739311185,208.8641517212946
-0.1999999999999997,-0.05,52509.00000000005,0.0210124456247221,0.0126796551471206,202.72108843537413
-0.1999999999999997,-0.0475,52524.00000000003,0.0209057888451007,0.0125716357438574,190.4349618635333
-0.1999999999999997,-0.045,52540.00000000005,0.0208079167056721,0.0124656659010222,184.29189857761284
-0.1999999999999997,-0.0425,52544.00000000003,0.0206793016053902,0.0123972399897401,175.0773036487322
-0.1999999999999997,-0.04,52581.00000000005,0.020590167790473,0.0122979506337579,168.9342403628118
-0.1999999999999997,-0.0375,52554.00000000005,0.0205264923670719,0.0121845871185567,157.2871572871573
-0.1999999999999997,-0.035,52558.00000000002,0.0204473098722262,0.0120989177099973,148.29931972789117
-0.1999999999999997,-0.0325,52572.00000000005,0.0203918964900074,0.0119947856695503,137.0645227788085
-0.1999999999999997,-0.03,52517.00000000003,0.0203001294341221,0.011937451379601,130.3236446093589
-0.1999999999999997,-0.0275,52537.00000000005,0.0202185859146046,0.0118810382066888,123.58276643990928
-0.1999999999999997,-0.025,52567.00000000003,0.0201653182687351,0.0118085852495354,114.59492888064318
-0.1999999999999997,-0.0225,52578.00000000005,0.0201096957043521,0.0117429195028996,105.60709132137704
-0.1999999999999997,-0.02,52582.00000000003,0.0200744500097607,0.0116694294821522,94.3722943722944
-0.1999999999999997,-0.0175,52580.00000000005,0.0200296039021364,0.0116161665037971,85.38445681302824
-0.1999999999999997,-0.015,52578.00000000003,0.0199777380447729,0.0115772312905617,72.54174397031544
-0.1999999999999997,-0.0124999999999999,52550.00000000005,0.0199335338643661,0.0115459227237293,66.85219542362402
-0.1999999999999997,-0.01,52610.00000000005,0.0199057464522343,0.0115054949256942,58.317872603586906
-0.1999999999999997,-0.0075,52605.00000000005,0.0198889887066921,0.0114624466846655,45.51638837353124
-0.1999999999999997,-0.005,52624.00000000005,0.0198696548653053,0.0114399046383661,38.40445269016698
-0.1999999999999997,-0.0025,52622.00000000005,0.0198628522725184,0.0114092640705407,27.025355596784166
-0.1999999999999997,0.0,52633.00000000003,0.0198600193620206,0.0113864400127794,15.64625850340137
-0.1999999999999997,0.0025,52642.00000000005,0.0198514447994201,0.0113734125584091,8.534322820037104
-0.1999999999999997,0.0049999999999999,52631.00000000003,0.019857397395259,0.0113662419260516,3.030303030303031
-0.1999999999999997,0.0074999999999999,52640.00000000005,0.019867752120549,0.0113640373201826,-12.801484230055664
-0.1999999999999997,0.0099999999999999,52667.00000000003,0.0198832870542741,0.0113655205293135,-17.068645640074223
-0.1999999999999997,0.0124999999999999,52685.00000000005,0.0198953272356253,0.0113756003911087,-28.447742733457005
-0.1999999999999997,0.015,52726.00000000003,0.0199267749350798,0.0113881531434521,-35.55967841682127
-0.1999999999999997,0.0175,52772.00000000005,0.0199594571889756,0.0113998824040436,-42.671614100185536
-0.1999999999999997,0.0199999999999999,52772.00000000003,0.0199940146912853,0.0114241210207292,-51.205936920222655
-0.1999999999999997,0.0224999999999999,52773.00000000005,0.0200264793165745,0.0114590941427514,-61.16264687693261
-0.1999999999999997,0.0249999999999999,52766.00000000002,0.0200768162743814,0.0114875447933357,-68.27458256029688
-0.1999999999999997,0.0274999999999999,52770.00000000005,0.0201162253057683,0.0115327802491193,-78.89095031952175
-0.1999999999999997,0.03,52775.00000000002,0.0201495260740744,0.0116021768780642,-92.12533498247784
-0.1999999999999997,0.0325,52809.00000000005,0.0202080939834794,0.0116560516299107,-101.11317254174398
-0.1999999999999997,0.035,52829.00000000002,0.0202678327587135,0.0117127221915179,-110.1010101010101
-0.1999999999999997,0.0375,52784.00000000003,0.0203349106792101,0.011774556552737,-119.08884766027624
-0.1999999999999997,0.04,52831.00000000005,0.0204074290411681,0.0118410816732133,-128.07668521954236
-0.1999999999999997,0.0425,52850.00000000003,0.0204849692287227,0.0119124749773141,-137.0645227788085
-0.1999999999999997,0.0449999999999999,52823.00000000005,0.0205649899592904,0.0119899004140372,-146.05236033807464
-0.1999999999999997,0.0474999999999999,52833.00000000002,0.0206498457872196,0.0120711499562148,-155.04019789734076
-0.1999999999999997,0.0499999999999999,52847.00000000005,0.0207235499698558,0.0121745711364498,-164.8732220160792
-0.1999999999999997,0.0524999999999999,52841.00000000005,0.0207881147800448,0.0122976661682704,-178.14883529169242
-0.1999999999999997,0.0549999999999999,52850.00000000003,0.0209197652980059,0.0123630278509198,-181.22036693465265
-0.1999999999999997,0.0574999999999999,52809.00000000005,0.0209919768900672,0.0125002602163337,-196.57802514945368
-0.1999999999999997,0.06,52848.00000000002,0.021136891605398,0.0125657189284378,-199.6495567924139
-0.1999999999999997,0.0625,52862.00000000003,0.0212164670673489,0.0127138640357215,-215.007215007215
-0.1999999999999997,0.065,52825.00000000005,0.0213734027324904,0.0127906720372627,-218.0787466501752
-0.1999999999999997,0.0675,52864.00000000003,0.0215371852203377,0.0128649442374148,-227.29334157905583
-0.1999999999999997,0.07,52864.00000000005,0.0216235200357153,0.0130308649051643,-236.5079365079365
-0.1999999999999997,0.0725,52909.00000000002,0.02170755967652,0.0132070865395185,-250.834879406308
-0.1999999999999997,0.075,52899.00000000004,0.021867559911282,0.0133097888256763,-261.03896103896113
-0.1999999999999997,0.0774999999999999,52896.00000000005,0.0220702617109274,0.013381821758459,-264.93506493506504
-0.1999999999999997,0.0799999999999999,52936.00000000003,0.0222206691435155,0.0135184885155398,-272.72727272727275
-0.1999999999999997,0.0824999999999999,52945.00000000005,0.0223740151298319,0.013657472037573,-280.51948051948057
-0.1999999999999997,0.0849999999999999,52944.00000000005,0.0225359230534658,0.0137978012660454,-288.3116883116884
-0.1999999999999997,0.0875,52978.00000000002,0.0225583044064911,0.014077085235957,-303.896103896104
-0.1999999999999997,0.09,53003.00000000004,0.0227173304415599,0.0142315381628639,-311.6883116883117
-0.1999999999999997,0.0925,53054.00000000005,0.0229597266739887,0.0143169327520174,-315.58441558441564
-0.1999999999999997,0.095,53045.00000000003,0.0231552641965636,0.0144505109868148,-323.12925170068024
-0.1999999999999997,0.0975,53073.00000000003,0.0233710865192535,0.0145797578999831,-330.4473304473304
-0.1999999999999997,0.1,53105.00000000004,0.0234555088914625,0.0148320079992612,-344.6093588950731
-0.0999999999999996,-0.1,52718.00000000003,0.0246908122643027,0.0160014382098189,400.3710575139146
-0.0999999999999996,-0.0975,52696.00000000003,0.0244730016062782,0.0158255766100201,396.5367965367964
-0.0999999999999996,-0.095,52663.00000000002,0.0242649863378476,0.0156481912597632,387.09544423830135
-0.0999999999999996,-0.0925,52671.00000000005,0.0241714406522109,0.0153828840903897,372.93341579055857
-0.0999999999999996,-0.09,52608.00000000003,0.0238611799269275,0.0153013359958913,368.212739641311
-0.0999999999999996,-0.0875,52584.00000000002,0.0236620214791427,0.0151321085174211,358.77138734281584
-0.0999999999999996,-0.085,52599.00000000005,0.0235773127938534,0.014880151111088,354.05071119356825
-0.0999999999999996,-0.0825,52549.00000000003,0.0233888802968044,0.014713852139951,344.6093588950731
-0.0999999999999996,-0.08,52546.00000000002,0.0232059125224731,0.0145524049389125,335.168006596578
-0.0999999999999996,-0.0775,52557.00000000005,0.022963146792117,0.0144491252973401,323.12925170068024
-0.0999999999999996,-0.075,52521.00000000003,0.0227422867965123,0.0143351071695485,319.48051948051955
-0.0999999999999996,-0.0725,52499.00000000002,0.0226512995697015,0.0141182417625016,307.7922077922078
-0.0999999999999996,-0.07,52503.00000000003,0.0224846862565376,0.0139667830941659,300.0000000000001
-0.0999999999999996,-0.0675,52498.00000000003,0.0222533885498867,0.0138834033489447,288.3116883116884
-0.0999999999999996,-0.065,52486.00000000005,0.0221017315107816,0.01373748000601,280.51948051948057
-0.0999999999999996,-0.0625,52438.00000000003,0.0220152266184706,0.0135370378303208,268.83116883116884
-0.0999999999999996,-0.06,52441.00000000003,0.021806649796954,0.013459865541223,257.1428571428572
-0.0999999999999996,-0.0575,52413.00000000005,0.0216717508652676,0.0133264824591011,257.1428571428572
-0.0999999999999996,-0.055,52444.00000000003,0.0215713080704537,0.0131669669989722,247.3510616367759
-0.0999999999999996,-0.0525,52453.00000000005,0.0213521115301153,0.0131214599940449,236.5079365079365
-0.0999999999999996,-0.05,52440.00000000005,0.0212714963716474,0.0129566010538107,221.1502782931354
-0.0999999999999996,-0.0475,52411.00000000003,0.0211540133767268,0.0128374102600715,215.00721500721497
-0.0999999999999996,-0.045,52418.00000000005,0.0210430281364761,0.0127218553762607,202.72108843537413
-0.0999999999999996,-0.0425,52427.00000000003,0.0209328084325403,0.0126117008101417,196.5780251494537
-0.0999999999999996,-0.04,52433.00000000005,0.020794818614391,0.012541282147044,187.36343022057304
-0.0999999999999996,-0.0375,52443.00000000005,0.0207326984017875,0.0124038939650397,184.29189857761284
-0.0999999999999996,-0.035,52450.00000000002,0.020642890161284,0.0123063729464513,165.86270871985158
-0.0999999999999996,-0.0325,52463.00000000005,0.0205041788833726,0.0122642184724457,161.78107606679038
-0.0999999999999996,-0.03,52478.00000000003,0.0204236356359814,0.0121731406082838,152.79323850752422
-0.0999999999999996,-0.0275,52483.00000000005,0.0203531073712659,0.0120882418678205,143.80540094825813
-0.0999999999999996,-0.025,52459.00000000003,0.0203176629995574,0.011966059376275,134.81756338899197
-0.0999999999999996,-0.0225,52457.00000000005,0.020247136410426,0.0118928297984573,125.82972582972582
-0.0999999999999996,-0.02,52455.00000000003,0.0201862583035157,0.0118208364973686,116.84188827045972
-0.0999999999999996,-0.0175,52459.00000000005,0.020101237357493,0.0117851642992638,107.85405071119357
-0.0999999999999996,-0.015,52466.00000000003,0.0200633344061841,0.0117082960227052,96.61925376211092
-0.0999999999999996,-0.0124999999999999,52498.00000000005,0.0200154831888574,0.0116517290263227,87.63141620284478
-0.0999999999999996,-0.01,52513.00000000005,0.0199675803860819,0.011613638343673,78.2312925170068
-0.0999999999999996,-0.0075,52485.00000000005,0.0199326878311547,0.0115637565545769,69.69696969696973
-0.0999999999999996,-0.005,52471.00000000005,0.019916335334896,0.0115057641045809,56.89548546691405
-0.0999999999999996,-0.0025,52478.00000000005,0.0198866573838804,0.0114738170244009,49.7835497835498
-0.0999999999999996,0.0,52505.00000000005,0.0198545425838172,0.0114580739819687,44.09400123685839
-0.0999999999999996,0.0025,52508.00000000005,0.0198533401825276,0.011414351718455,28.447742733457005
-0.0999999999999996,0.0049999999999999,52509.00000000003,0.0198467843910537,0.0113955851128251,19.91341991341993
-0.0999999999999996,0.0074999999999999,52534.00000000005,0.0198414800767952,0.0113787144447457,8.534322820037104
-0.0999999999999996,0.0099999999999999,52519.00000000003,0.0198395487032667,0.011375277604468,4.267161410018559
-0.0999999999999996,0.0124999999999999,52518.00000000005,0.0198471503713312,0.0113707300269582,-4.267161410018559
-0.0999999999999996,0.015,52543.00000000003,0.0198534163405115,0.0113694682373901,-12.801484230055664
-0.0999999999999996,0.0175,52541.00000000005,0.0198734817529843,0.0113718546898724,-22.758194186765607
-0.0999999999999996,0.0199999999999999,52577.00000000003,0.0198907583548165,0.0113883120411397,-32.714904143475565
-0.0999999999999996,0.0224999999999999,52607.00000000005,0.0199214133430238,0.0113987169713017,-39.82683982683983
-0.0999999999999996,0.0249999999999999,52617.00000000003,0.0199516877287423,0.0114254586823956,-49.7835497835498
-0.0999999999999996,0.0274999999999999,52622.00000000005,0.0199851029395363,0.011453092160928,-58.317872603586906
-0.0999999999999996,0.03,52594.00000000002,0.02002611959607,0.0114842206774783,-66.85219542362402
-0.0999999999999996,0.0325,52609.00000000003,0.0200792589819555,0.0115101849886543,-73.96413110698829
-0.0999999999999996,0.035,52631.00000000002,0.020125570588492,0.0115626987718203,-83.1374974232117
-0.0999999999999996,0.0375,52614.00000000003,0.0201560248702709,0.011637854857423,-96.6192537621109
-0.0999999999999996,0.04,52684.00000000005,0.0202191919716301,0.0116961499880652,-105.60709132137706
-0.0999999999999996,0.0425,52682.00000000003,0.0203164398667243,0.0117205628941635,-110.1010101010101
-0.0999999999999996,0.0449999999999999,52660.00000000005,0.0203531978917012,0.0118178241650103,-123.5827664399093
-0.0999999999999996,0.0474999999999999,52670.00000000002,0.020423180624979,0.011887476217794,-132.57060399917543
-0.0999999999999996,0.0499999999999999,52663.00000000003,0.0205083944152009,0.0119642520371231,-141.55844155844156
-0.0999999999999996,0.0524999999999999,52671.00000000005,0.0205916540830979,0.0120454493539639,-150.5462791177077
-0.0999999999999996,0.0549999999999999,52667.00000000003,0.020691368462861,0.0121184847576739,-162.21397649969083
-0.0999999999999996,0.0574999999999999,52655.00000000005,0.0207926488012169,0.0122020618232509,-172.005772005772
-0.0999999999999996,0.06,52688.00000000002,0.0208283607848675,0.0123647087101691,-184.29189857761284
-0.0999999999999996,0.0625,52680.00000000003,0.0209588786479188,0.012430144702801,-187.36343022057304
-0.0999999999999996,0.065,52679.00000000005,0.021032764172053,0.0125702727899287,-202.72108843537416
-0.0999999999999996,0.0675,52692.00000000003,0.0211789145479259,0.0126416823119501,-205.7926200783344
-0.0999999999999996,0.07,52718.00000000005,0.0212596669593669,0.0127955506030599,-221.1502782931354
-0.0999999999999996,0.0725,52704.00000000002,0.0214604768930079,0.0128278614199711,-227.29334157905583
-0.0999999999999996,0.075,52718.00000000003,0.0215908019503246,0.0129477902798485,-233.43640486497628
-0.0999999999999996,0.0774999999999999,52739.00000000005,0.0216772109182367,0.0131111067153466,-240.38342609771183
-0.0999999999999996,0.0799999999999999,52782.00000000002,0.021841821614119,0.0132126086756671,-249.3506493506494
-0.0999999999999996,0.0824999999999999,52773.00000000004,0.0219858259599981,0.0133417412325299,-257.1428571428572
-0.0999999999999996,0.0849999999999999,52792.00000000005,0.0220051785089314,0.0135989415452765,-272.72727272727275
-0.0999999999999996,0.0875,52771.00000000002,0.0222801196399264,0.0136125048860128,-280.51948051948057
-0.0999999999999996,0.09,52800.00000000004,0.0223718839252462,0.0138214219912779,-284.4155844155845
-0.0999999999999996,0.0925,52830.00000000005,0.0226009478687903,0.0139004210767123,-296.1038961038962
-0.0999999999999996,0.095,52854.00000000002,0.0227619380445763,0.014050608808447,-303.896103896104
-0.0999999999999996,0.0975,52884.00000000003,0.0229317021299693,0.0142016960107414,-311.6883116883117
-0.0999999999999996,0.1,52886.00000000005,0.0229536717058552,0.0145025474682612,-327.27272727272737
0.0,-0.1,52645.00000000003,0.0252018769988138,0.0163865676920132,421.4388785817357
0.0,-0.0975,52634.00000000003,0.0248355558394412,0.0163189292947322,415.8936301793445
0.0,-0.095,52630.00000000002,0.0246190386815138,0.0161360467915021,405.504019789734
0.0,-0.0925,52588.00000000003,0.0245275481067961,0.0158606366098576,396.5367965367964
0.0,-0.09,52552.00000000003,0.0243173933517412,0.0156822669195776,387.09544423830135
0.0,-0.0875,52565.00000000002,0.0241157733952402,0.0155066466357746,377.65409193980616
0.0,-0.085,52535.00000000005,0.0239126326506029,0.0153369109091845,368.212739641311
0.0,-0.0825,52494.00000000003,0.0236075719333879,0.0152576028311797,363.4920634920634
0.0,-0.08,52496.00000000002,0.0234192233149612,0.0150865312307473,354.0507111935683
0.0,-0.0775,52454.00000000005,0.0232380146268884,0.0149205071823609,344.6093588950731
0.0,-0.075,52438.00000000003,0.0231518224747289,0.014670422500849,339.8886827458255
0.0,-0.0725,52446.00000000002,0.0230084282642512,0.0144812471416135,331.74603174603175
0.0,-0.07,52396.00000000005,0.0227839660070799,0.0143670018100451,319.48051948051955
0.0,-0.0675,52397.00000000003,0.0226931909030248,0.0141489944132561,307.7922077922078
0.0,-0.065,52381.00000000005,0.0224571819200195,0.0140631974240565,303.896103896104
0.0,-0.0625,52394.00000000003,0.0222992331714217,0.013913486750285,288.3116883116884
0.0,-0.06,52381.00000000003,0.0221459696669202,0.013766134971265,288.3116883116884
0.0,-0.0575,52343.00000000005,0.0220600886264828,0.013567322963871,276.62337662337666
0.0,-0.055,52350.00000000003,0.0218497554241129,0.0134889849036214,264.93506493506504
0.0,-0.0525,52332.00000000005,0.0217102492251803,0.0133541631065976,257.1428571428572
0.0,-0.05,52329.00000000005,0.0215524793466197,0.0132433234923982,250.834879406308
0.0,-0.0475,52345.00000000002,0.0214785002434095,0.0130655357452043,236.5079365079365
0.0,-0.045,52333.00000000005,0.021263584581829,0.0130223418827796,230.3648732220161
0.0,-0.0425,52324.00000000003,0.0211887899250817,0.0128617092065619,215.00721500721497
0.0,-0.04,52350.00000000005,0.0210354316693448,0.0127860001267299,211.9356833642548
0.0,-0.0375,52339.00000000003,0.0209247813956477,0.0126707173699195,199.64955679241396
0.0,-0.035,52367.00000000002,0.0208245653876112,0.0125641622829113,193.50649350649348
0.0,-0.0325,52383.00000000005,0.0206909988339311,0.0124953944412768,184.29189857761284
0.0,-0.03,52381.00000000003,0.0206332936138636,0.0123617393188604,168.9342403628118
0.0,-0.0275,52381.00000000005,0.0205549318215221,0.0122548514535625,170.19171304885597
0.0,-0.025,52392.00000000003,0.0204604613645352,0.0121727054020906,150.54627911770768
0.0,-0.0225,52374.00000000005,0.0203868459962169,0.0120878213075691,141.5584415584416
0.0,-0.02,52378.00000000003,0.0203140032820122,0.0120049721976183,132.57060399917543
0.0,-0.0175,52362.00000000005,0.0202454616125646,0.0119276125349056,123.58276643990928
0.0,-0.015,52360.00000000003,0.0201836792180994,0.0118549670214771,114.59492888064318
0.0,-0.0124999999999999,52359.00000000005,0.0201441861888851,0.0117687016833861,103.36013193156052
0.0,-0.01,52416.00000000003,0.0200773340259016,0.0117231537416668,96.61925376211092
0.0,-0.0075,52430.00000000005,0.0200169044550321,0.0116747459920184,89.87837559266131
0.0,-0.005,52450.00000000005,0.0199749320575301,0.0116256699388283,81.07606679035251
0.0,-0.0025,52448.00000000005,0.0199640845816484,0.0115495320723915,66.85219542362402
0.0,0.0,52448.00000000005,0.019930775858325,0.0115127503112764,58.317872603586906
0.0,0.0025,52445.00000000005,0.0198957769863449,0.0114824456276368,51.205936920222655
0.0,0.0049999999999999,52459.00000000003,0.0198697379465493,0.0114517671680197,41.24922696351268
0.0,0.0074999999999999,52461.00000000005,0.0198653848369739,0.0114159663791505,28.447742733457005
0.0,0.0099999999999999,52467.00000000003,0.0198461849752783,0.0114041857487276,24.18058132343846
0.0,0.0124999999999999,52439.00000000005,0.0198402399829349,0.0113873327511795,14.223871366728517
0.0,0.015,52459.00000000003,0.0198384027834945,0.0113753272130577,8.534322820037119
0.0,0.0175,52468.00000000005,0.0198421962382598,0.0113689868659236,-2.0202020202020208
0.0,0.0199999999999999,52495.00000000003,0.0198499335317166,0.011369079859217,-9.956709956709958
0.0,0.0224999999999999,52503.00000000005,0.0198663007252454,0.0113714343547098,-18.49103277674708
0.0,0.0249999999999999,52530.00000000003,0.0198876113979945,0.0113837310502633,-27.025355596784166
0.0,0.0274999999999999,52555.00000000003,0.0199089979019757,0.011404332448059,-41.24922696351268
0.0,0.03,52600.00000000002,0.0199470923154439,0.0114138986712432,-45.51638837353124
0.0,0.0325,52585.00000000005,0.0199859941499471,0.011439987972938,-54.05071119356836
0.0,0.035,52619.00000000002,0.0200227760419506,0.0114691142141453,-62.585034013605465
0.0,0.0375,52606.00000000003,0.0200656786982143,0.0115060601885168,-72.54174397031544
0.0,0.04,52581.00000000005,0.0201241546243099,0.0115405500360657,-80.72562358276642
0.0,0.0425,52610.00000000003,0.0201480461407528,0.0116209354144641,-96.6192537621109
0.0,0.0449999999999999,52641.00000000005,0.0202053701839857,0.0116768769712359,-105.60709132137706
0.0,0.0474999999999999,52649.00000000002,0.0202680027978568,0.0117330169949946,-114.59492888064318
0.0,0.0499999999999999,52671.00000000003,0.0203357326625419,0.011797218009137,-123.5827664399093
0.0,0.0524999999999999,52660.00000000005,0.0203904054424709,0.0118810653866643,-130.3236446093589
0.0,0.0549999999999999,52673.00000000003,0.020464747687626,0.0119576201326972,-139.31148216862502
0.0,0.0574999999999999,52662.00000000005,0.0205489020699928,0.0120384473661602,-148.29931972789117
0.0,0.06,52654.00000000002,0.0206294015479719,0.0121210548783191,-157.2871572871573
0.0,0.0625,52672.00000000003,0.0207548946696216,0.0121755254293333,-167.5324675324676
0.0,0.065,52688.00000000005,0.0208621992619795,0.0122614229233456,-178.14883529169242
0.0,0.0675,52672.00000000003,0.020894638795121,0.0124275993835153,-190.4349618635333
0.0,0.07,52673.00000000005,0.0210348506903488,0.0124963220165818,-193.50649350649348
0.0,0.0725,52670.00000000002,0.0211055647685762,0.012640170812658,-208.86415172129452
0.0,0.075,52689.00000000003,0.0212592934905041,0.0127107950577073,-211.9356833642548
0.0,0.0774999999999999,52721.00000000005,0.0214174506907544,0.0127868092669635,-221.1502782931354
0.0,0.0799999999999999,52744.00000000003,0.0215060498347513,0.0129458136332621,-230.3648732220161
0.0,0.0824999999999999,52777.00000000003,0.0216732770080309,0.0130265935419281,-239.57946815089676
0.0,0.0849999999999999,52763.00000000005,0.0218198030821369,0.0131417664769329,-250.834879406308
0.0,0.0875,52788.00000000002,0.021936329229565,0.0132928834493396,-257.1428571428572
0.0,0.09,52807.00000000004,0.0220840628666344,0.0134231799332494,-264.93506493506504
0.0,0.0925,52800.00000000005,0.0222316748943645,0.0135609052668339,-272.72727272727275
0.0,0.095,52813.00000000003,0.0222557333031802,0.0138329998401677,-288.3116883116884
0.0,0.0975,52811.00000000004,0.0224105261449793,0.0139794317122284,-296.1038961038962
0.0,0.1,52839.00000000005,0.0227071774950078,0.0139951207266304,-303.896103896104
0.1000000000000005,-0.1,52845.00000000003,0.0257808939860904,0.0168085425103534,443.6198721913008
0.1000000000000005,-0.0975,52803.00000000003,0.0254037848053682,0.0167379651053122,438.0746237889096
0.1000000000000005,-0.095,52786.00000000002,0.0251765179757612,0.0165545450159864,426.984126984127
0.1000000000000005,-0.0925,52772.00000000003,0.0250947080480786,0.0162570869128405,421.4388785817357
0.1000000000000005,-0.09,52751.00000000003,0.0248613962376426,0.0160856589481609,410.6369820655534
0.1000000000000005,-0.0875,52703.00000000002,0.0246385424097563,0.0159119567054024,396.5367965367964
0.1000000000000005,-0.085,52684.00000000003,0.0243209887710355,0.015829418282364,391.8161203875489
0.1000000000000005,-0.0825,52668.00000000003,0.0240040230199876,0.0157442393134592,387.0954442383013
0.1000000000000005,-0.08,52643.00000000002,0.023810617190056,0.0155664157598056,377.65409193980616
0.1000000000000005,-0.0775,52615.00000000003,0.0237198976561003,0.0153043554953034,363.4920634920634
0.1000000000000005,-0.075,52625.00000000003,0.0235295502342812,0.0151332823649676,354.0507111935683
0.1000000000000005,-0.0725,52605.00000000002,0.0234483235384894,0.0148791939788892,349.3300350443207
0.1000000000000005,-0.07,52581.00000000005,0.0232643914366254,0.0147139437805781,339.8886827458255
0.1000000000000005,-0.0675,52564.00000000003,0.0230878242933219,0.0145499880853052,330.4473304473304
0.1000000000000005,-0.065,52550.00000000005,0.0228175491198089,0.0144763404958034,323.37662337662346
0.1000000000000005,-0.0625,52525.00000000003,0.0227996331323218,0.0141878345503465,315.58441558441564
0.1000000000000005,-0.06,52525.00000000003,0.022552511224388,0.0141028389517055,303.896103896104
0.1000000000000005,-0.0575,52543.00000000005,0.0223201374747837,0.0140174811002409,292.2077922077923
0.1000000000000005,-0.055,52495.00000000003,0.0222370754111425,0.013805141145732,280.51948051948057
0.1000000000000005,-0.0525,52492.00000000005,0.0220866589878035,0.0136655678945208,272.72727272727275
0.1000000000000005,-0.05,52471.00000000003,0.0219392057300531,0.0135242346792732,264.93506493506504
0.1000000000000005,-0.0475,52474.00000000002,0.0217320484909485,0.0134475364793765,261.03896103896113
0.1000000000000005,-0.045,52472.00000000005,0.0216580045317715,0.013258074084435,249.3506493506494
0.1000000000000005,-0.0425,52473.00000000003,0.0214678521921315,0.013182357704901,236.5079365079365
0.1000000000000005,-0.04,52474.00000000005,0.0213893615599593,0.0130130292260462,233.43640486497628
0.1000000000000005,-0.0375,52482.00000000003,0.0211841648072047,0.012973583284633,221.1502782931354
0.1000000000000005,-0.035,52480.00000000002,0.0210707601942575,0.0128536779147715,215.00721500721505
0.1000000000000005,-0.0325,52477.00000000005,0.0210024205033584,0.012700274130325,205.79262007833435
0.1000000000000005,-0.03,52485.00000000003,0.0208648021769974,0.0126255071710792,196.5780251494537
0.1000000000000005,-0.0275,52490.00000000005,0.0207999397824788,0.0124850988085527,181.22036693465265
0.1000000000000005,-0.025,52522.00000000003,0.0206704763044435,0.0124156553977113,178.14883529169242
0.1000000000000005,-0.0225,52488.00000000005,0.0206169786370541,0.0122841810206852,162.79117707689136
0.1000000000000005,-0.02,52505.00000000003,0.0204863683273866,0.0122358331244815,159.53411667697384
0.1000000000000005,-0.0175,52513.00000000005,0.0204109521012307,0.0121447481295258,150.54627911770768
0.1000000000000005,-0.015,52514.00000000003,0.0203372744142135,0.0120615685437036,141.5584415584416
0.1000000000000005,-0.0124999999999999,52500.00000000005,0.0202702934014422,0.0119784818056445,132.57060399917543
0.1000000000000005,-0.01,52511.00000000003,0.0202249648168617,0.0118830667638396,121.33580705009275
0.1000000000000005,-0.0075,52493.00000000005,0.0201508695163976,0.0118323084799209,114.59492888064318
0.1000000000000005,-0.005,52528.00000000003,0.0201255827166247,0.0117345491249721,105.60709132137704
0.1000000000000005,-0.0025,52531.00000000005,0.0200747985501517,0.0116742605533047,96.61925376211092
0.1000000000000005,0.0,52604.00000000005,0.0200508962773425,0.0115982753844546,83.1374974232117
0.1000000000000005,0.0025,52579.00000000005,0.0199876408585193,0.0115715173435754,72.54174397031544
0.1000000000000005,0.0049999999999999,52550.00000000003,0.0199424171524027,0.0115412278877318,66.85219542362402
0.1000000000000005,0.0074999999999999,52568.00000000005,0.0199105922506387,0.0115045383751222,58.317872603586906
0.1000000000000005,0.0099999999999999,52552.00000000005,0.0198935254669739,0.0114601308834681,48.36116264687695
0.1000000000000005,0.0124999999999999,52581.00000000005,0.0198863446296662,0.0114267833563116,36.98206555349413
0.1000000000000005,0.015,52592.00000000003,0.0198628329440028,0.0114087057709048,28.44774273345702
0.1000000000000005,0.0175,52562.00000000005,0.0198523634005593,0.0113896133957282,19.9134199134199
0.1000000000000005,0.0199999999999999,52556.00000000003,0.019848613327237,0.0113806470083334,14.223871366728517
0.1000000000000005,0.0224999999999999,52582.00000000005,0.0198490341122946,0.0113698352345871,4.267161410018559
0.1000000000000005,0.0249999999999999,52601.00000000003,0.0198546822059771,0.0113652541258585,-5.689548546691412
0.1000000000000005,0.0274999999999999,52601.00000000005,0.0198690137481614,0.0113662324982175,-14.223871366728517
0.1000000000000005,0.03,52604.00000000002,0.0198898611082223,0.0113731523960426,-25.602968460111317
0.1000000000000005,0.0325,52655.00000000005,0.019913361304097,0.0113892392003474,-34.13729128014842
0.1000000000000005,0.035,52691.00000000002,0.0199474584944576,0.0113956770789247,-39.82683982683983
0.1000000000000005,0.0375,52703.00000000003,0.0199835902392133,0.0114179313576018,-48.36116264687695
0.1000000000000005,0.04,52664.00000000005,0.0200077581988007,0.0114567545179039,-59.74025974025976
0.1000000000000005,0.0425,52699.00000000003,0.0200538134420127,0.0114908943746025,-68.27458256029688
0.1000000000000005,0.0449999999999999,52687.00000000005,0.020097399488678,0.0115293846528944,-76.80890538033395
0.1000000000000005,0.0474999999999999,52704.00000000002,0.0201438302323866,0.0115822179300922,-87.63141620284478
0.1000000000000005,0.0499999999999999,52706.00000000005,0.0202034076930071,0.0116300568299104,-96.61925376211092
0.1000000000000005,0.0524999999999999,52737.00000000005,0.0202635730025006,0.0116888782536695,-105.60709132137704
0.1000000000000005,0.0549999999999999,52714.00000000003,0.0202974503025862,0.0117801831035124,-119.08884766027624
0.1000000000000005,0.0574999999999999,52717.00000000005,0.0203663878758335,0.0118470327933255,-128.07668521954236
0.1000000000000005,0.06,52734.00000000002,0.0204388413771157,0.0119175131789566,-137.0645227788085
0.1000000000000005,0.0625,52752.00000000003,0.0205157589901663,0.0119972340628879,-146.05236033807464
0.1000000000000005,0.065,52718.00000000005,0.0205972052497092,0.0120783518121634,-155.04019789734076
0.1000000000000005,0.0675,52728.00000000003,0.0206988694507341,0.0121526772492712,-162.21397649969083
0.1000000000000005,0.07,52706.00000000005,0.0207951780513785,0.0122376297575377,-172.005772005772
0.1000000000000005,0.0725,52707.00000000002,0.0208978628045631,0.0123302951681283,-184.29189857761284
0.1000000000000005,0.075,52702.00000000003,0.0210026143515475,0.012431885262565,-190.4349618635333
0.1000000000000005,0.0774999999999999,52699.00000000005,0.0210744054312062,0.0125705251871958,-199.6495567924139
0.1000000000000005,0.0799999999999999,52717.00000000002,0.0212264421988401,0.0126439942219539,-208.8641517212946
0.1000000000000005,0.0824999999999999,52717.00000000003,0.0213427122910411,0.0127536018246348,-221.1502782931354
0.1000000000000005,0.0849999999999999,52735.00000000005,0.0214678043139036,0.0128708072972224,-227.29334157905583
0.1000000000000005,0.0875,52768.00000000002,0.0215110227883054,0.0130822129825617,-239.57946815089676
0.1000000000000005,0.09,52767.00000000003,0.0217320054057082,0.0131069051449713,-243.86724386724387
0.1000000000000005,0.0925,52777.00000000005,0.0218496614179495,0.0132578991666629,-257.1428571428572
0.1000000000000005,0.095,52787.00000000002,0.021989523611417,0.0133880269712463,-264.93506493506504
0.1000000000000005,0.0975,52788.00000000003,0.0221380017076909,0.0135281315659395,-272.72727272727275
0.1000000000000005,0.1,52798.00000000005,0.0222900592399067,0.0136652249075158,-280.51948051948057
0.2000000000000001,-0.1,52884.00000000003,0.026350333583536,0.0172638554542882,465.8008658008658
0.2000000000000001,-0.0975,52813.00000000003,0.0259588343995964,0.0171924863169792,460.25561739847456
0.2000000000000001,-0.095,52790.00000000002,0.0257275392797387,0.0170003232283119,449.16512059369205
0.2000000000000001,-0.0925,52783.00000000005,0.0256455555334033,0.0166909602815961,443.6198721913008
0.2000000000000001,-0.09,52784.00000000003,0.0254174024301755,0.0165057401676623,432.5293753865183
0.2000000000000001,-0.0875,52769.00000000002,0.0251903441748969,0.0163242309749656,421.4388785817357
0.2000000000000001,-0.085,52739.00000000003,0.0248356671794776,0.0162533028458758,415.8936301793445
0.2000000000000001,-0.0825,52714.00000000003,0.0246177123174383,0.0160764800951297,405.504019789734
0.2000000000000001,-0.08,52687.00000000002,0.0245279329713992,0.0157995602939343,396.5367965367964
0.2000000000000001,-0.0775,52674.00000000005,0.0243245835019247,0.0156235485674899,387.09544423830135
0.2000000000000001,-0.075,52646.00000000003,0.0240108399962294,0.0155407760686643,382.37476808905376
0.2000000000000001,-0.0725,52655.00000000002,0.0239228247625782,0.0152805190634913,368.212739641311
0.2000000000000001,-0.07,52623.00000000003,0.023618370970021,0.0151990332795786,363.4920634920634
0.2000000000000001,-0.0675,52645.00000000003,0.0234376870412032,0.015033095008186,354.0507111935683
0.2000000000000001,-0.065,52597.00000000005,0.0232522801958847,0.0148680928710761,344.6093588950731
0.2000000000000001,-0.0625,52586.00000000003,0.0230723902079574,0.0147007429567139,335.1680065965779
0.2000000000000001,-0.06,52571.00000000003,0.0228562663745863,0.0145803876424834,323.12925170068024
0.2000000000000001,-0.0575,52565.00000000005,0.0227313918045597,0.0143825152685804,315.58441558441564
0.2000000000000001,-0.055,52549.00000000003,0.022562250522453,0.0142290748764005,307.7922077922079
0.2000000000000001,-0.0525,52559.00000000005,0.0223353137134033,0.0141448460025433,296.10389610389615
0.2000000000000001,-0.05,52549.00000000005,0.0221832403242229,0.0139926422343111,288.3116883116884
0.2000000000000001,-0.0475,52505.00000000002,0.0221710095887788,0.0137192763193063,280.51948051948057
0.2000000000000001,-0.045,52515.00000000005,0.0219560551262515,0.0136411601347165,268.8311688311689
0.2000000000000001,-0.0425,52482.00000000003,0.0218812713738204,0.0134426343860406,264.93506493506504
0.2000000000000001,-0.04,52488.00000000005,0.0216796630108044,0.0133629043859265,253.2467532467533
0.2000000000000001,-0.0375,52504.00000000003,0.0214903042173701,0.0132898786204338,241.5584415584416
0.2000000000000001,-0.035,52490.00000000002,0.0213812212241176,0.0131495562521024,233.43640486497628
0.2000000000000001,-0.0325,52473.00000000003,0.0212194756374305,0.0130648414922815,230.3648732220161
0.2000000000000001,-0.03,52477.00000000003,0.0211916346704296,0.0128601395428577,218.0787466501752
0.2000000000000001,-0.0275,52470.00000000005,0.0210398271348697,0.012782662151612,208.86415172129452
0.2000000000000001,-0.025,52453.00000000003,0.0209352561259032,0.012667954065892,196.5780251494537
0.2000000000000001,-0.0225,52472.00000000005,0.0208342083683775,0.0125631078018548,190.4349618635333
0.2000000000000001,-0.02,52474.00000000003,0.0207395664875811,0.0124593903009795,178.14883529169242
0.2000000000000001,-0.0175,52470.00000000005,0.0206815016679366,0.0123263639758083,168.9342403628118
0.2000000000000001,-0.015,52468.00000000003,0.0205567225682831,0.0122662972629997,162.21397649969074
0.2000000000000001,-0.0124999999999999,52493.00000000005,0.0204906614355251,0.0121630507160483,152.79323850752422
0.2000000000000001,-0.01,52492.00000000003,0.0204108386045288,0.0120793931639171,143.80540094825813
0.2000000000000001,-0.0075,52471.00000000005,0.0203180954519403,0.0120171761194024,137.0645227788085
0.2000000000000001,-0.005,52494.00000000003,0.0202736458274749,0.0119208728225495,125.82972582972582
0.2000000000000001,-0.0025,52480.00000000005,0.0201963721670895,0.0118664187988477,119.08884766027624
0.2000000000000001,0.0,52493.00000000005,0.0201435305153269,0.0117935596082958,110.1010101010101
0.2000000000000001,0.0025,52506.00000000005,0.020102549580104,0.0117191110530282,89.87837559266131
0.2000000000000001,0.0049999999999999,52517.00000000005,0.0200426723682248,0.0116742154876648,87.63141620284478
0.2000000000000001,0.0074999999999999,52526.00000000005,0.0199871858867752,0.0116390641236079,82.56029684601117
0.2000000000000001,0.0099999999999999,52546.00000000005,0.0199884273718607,0.0115518470440874,66.85219542362402
0.2000000000000001,0.0124999999999999,52545.00000000005,0.0199606652972043,0.0115067606047555,56.89548546691405
0.2000000000000001,0.015,52548.00000000003,0.0199185623977143,0.0114837151695926,51.205936920222655
0.2000000000000001,0.0175,52582.00000000005,0.0198996406701212,0.0114506543757193,42.671614100185536
0.2000000000000001,0.0199999999999999,52564.00000000003,0.019882021752038,0.0114284438229364,32.714904143475565
0.2000000000000001,0.0224999999999999,52549.00000000005,0.0198684412580099,0.0114101226908,25.602968460111317
0.2000000000000001,0.0249999999999999,52580.00000000003,0.0198650307221503,0.0113947425926657,17.068645640074195
0.2000000000000001,0.0274999999999999,52575.00000000005,0.0198660042428322,0.0113810399080079,8.534322820037119
0.2000000000000001,0.03,52594.00000000002,0.0198716639554877,0.011377137560303,-3.030303030303031
0.2000000000000001,0.0325,52606.00000000005,0.0198795555463742,0.0113766672653562,-12.801484230055664
0.2000000000000001,0.035,52610.00000000002,0.0198969637163047,0.011379078024952,-19.9134199134199
0.2000000000000001,0.0375,52620.00000000003,0.0199153639978452,0.0113893456869743,-29.870129870129876
0.2000000000000001,0.04,52649.00000000005,0.0199425767879784,0.0114033664432432,-36.98206555349413
0.2000000000000001,0.0425,52711.00000000003,0.0199777537232801,0.011420058614566,-45.51638837353124
0.2000000000000001,0.0449999999999999,52686.00000000005,0.0200080736152229,0.0114491381735741,-54.05071119356836
0.2000000000000001,0.0474999999999999,52638.00000000002,0.0200408901728127,0.0114827150849485,-64.00742115027832
0.2000000000000001,0.0499999999999999,52672.00000000005,0.020079303471164,0.0115241949435076,-73.96413110698829
0.2000000000000001,0.0524999999999999,52679.00000000005,0.020124540479686,0.0115771818554163,-83.1374974232117
0.2000000000000001,0.0549999999999999,52698.00000000003,0.0201746224544936,0.0116245534731397,-92.12533498247784
0.2000000000000001,0.0574999999999999,52720.00000000005,0.0202332241343785,0.0116788431780133,-101.11317254174398
0.2000000000000001,0.06,52706.00000000002,0.0202963885613921,0.0117357636087366,-110.1010101010101
0.2000000000000001,0.0625,52688.00000000005,0.0203633958624085,0.0118017107736461,-119.08884766027626
0.2000000000000001,0.065,52699.00000000005,0.0204345533140552,0.0118691000592168,-128.07668521954236
0.2000000000000001,0.0675,52717.00000000002,0.0205137071497891,0.0119428524080701,-137.0645227788085
0.2000000000000001,0.07,52728.00000000005,0.0205903583897414,0.0120222915185376,-146.05236033807464
0.2000000000000001,0.0725,52730.00000000002,0.0206817480075861,0.0121053470963486,-155.04019789734076
0.2000000000000001,0.075,52708.00000000003,0.0207149522045424,0.012257821029767,-168.93424036281178
0.2000000000000001,0.0774999999999999,52694.00000000005,0.0208707506323187,0.0122843587061779,-175.0773036487322
0.2000000000000001,0.0799999999999999,52670.00000000002,0.0209036982138024,0.0124514583652866,-187.36343022057304
0.2000000000000001,0.0824999999999999,52679.00000000003,0.0210413063496398,0.0125188259870443,-196.5780251494537
0.2000000000000001,0.0849999999999999,52701.00000000005,0.0211922334122438,0.0125839545287576,-199.64955679241396
0.2000000000000001,0.0875,52691.00000000002,0.0213048924370553,0.0126979971896804,-211.9356833642548
0.2000000000000001,0.09,52720.00000000003,0.021474502131337,0.012766968030616,-221.1502782931354
0.2000000000000001,0.0925,52724.00000000005,0.0214765975202899,0.0130154079977292,-230.3648732220161
0.2000000000000001,0.095,52770.00000000002,0.0217327762924541,0.0130050437677552,-239.57946815089676
0.2000000000000001,0.0975,52749.00000000004,0.0217635044779695,0.0132369752196926,-249.3506493506494
0.2000000000000001,0.1,52766.00000000005,0.0220226947690107,0.0132473114748633,-257.1428571428572
0.2999999999999998,-0.1,52883.00000000003,0.0268007196856148,0.0178289146271407,490.4761904761905
0.2999999999999998,-0.0975,52856.00000000003,0.0265606977930171,0.0176286062205644,482.4366110080396
0.2999999999999998,-0.095,52880.00000000002,0.0263171035522566,0.0174372100917844,471.34611420325706
0.2999999999999998,-0.0925,52859.00000000003,0.0262390276697814,0.0171251509989793,465.8008658008658
0.2999999999999998,-0.09,52796.00000000003,0.0259918444307482,0.0169389988102701,454.7103689960833
0.2999999999999998,-0.0875,52807.00000000002,0.0256159420079229,0.0168676120098875,449.16512059369205
0.2999999999999998,-0.085,52747.00000000003,0.0253932169258074,0.0166775108554898,438.0746237889096
0.2999999999999998,-0.0825,52759.00000000003,0.0251687738313356,0.0164938015947972,426.984126984127
0.2999999999999998,-0.08,52759.00000000002,0.0248155722978272,0.0164234851273459,421.43887858173576
0.2999999999999998,-0.0775,52707.00000000003,0.0247340566231042,0.0161251036886755,415.8936301793445
0.2999999999999998,-0.075,52705.00000000003,0.0245258716625867,0.0159486487115499,401.257472686044
0.2999999999999998,-0.0725,52704.00000000002,0.0243166063987815,0.0157719617673789,391.8161203875489
0.2999999999999998,-0.07,52679.00000000003,0.0240072987318971,0.0156871137203073,387.0954442383013
0.2999999999999998,-0.0675,52695.00000000003,0.0238147950404909,0.0155119591873255,377.65409193980616
0.2999999999999998,-0.065,52697.00000000005,0.0237258491442523,0.0152535915196451,372.93341579055857
0.2999999999999998,-0.0625,52675.00000000003,0.023439434086726,0.0151710584599912,358.77138734281584
0.2999999999999998,-0.06,52650.00000000002,0.0232596996697903,0.0150044459638244,349.3300350443207
0.2999999999999998,-0.0575,52656.00000000005,0.0230777817398692,0.0148405349189773,339.8886827458255
0.2999999999999998,-0.055,52653.00000000003,0.022903083956658,0.014676215845006,330.4473304473304
0.2999999999999998,-0.0525,52635.00000000005,0.0226736527620686,0.0145672040760763,323.37662337662346
0.2999999999999998,-0.05,52607.00000000003,0.0225835558769686,0.0143429231914377,311.6883116883118
0.2999999999999998,-0.0475,52626.00000000003,0.0224979870147703,0.0141280159024639,300.00000000000006
0.2999999999999998,-0.045,52616.00000000005,0.0222671617200047,0.0140447757882321,296.10389610389615
0.2999999999999998,-0.0425,52590.00000000003,0.0221193600261889,0.0138929974341864,288.3116883116884
0.2999999999999998,-0.04,52548.00000000005,0.0219036698693608,0.0138097046077738,276.6233766233767
0.2999999999999998,-0.0375,52586.00000000003,0.0217650795698926,0.0136690257543676,268.8311688311689
0.2999999999999998,-0.035,52554.00000000002,0.0216302477902311,0.013530635163878,261.0389610389611
0.2999999999999998,-0.0325,52554.00000000005,0.0215604350174047,0.0133382861031118,249.3506493506494
0.2999999999999998,-0.03,52544.00000000002,0.0214464759522183,0.0131978933889792,239.57946815089676
0.2999999999999998,-0.0275,52532.00000000005,0.0213220626509396,0.0130743333484376,227.29334157905583
0.2999999999999998,-0.025,52521.00000000003,0.021207638718528,0.0129514797447821,221.1502782931354
0.2999999999999998,-0.0225,52518.00000000005,0.0210122533118457,0.0129104481811349,215.00721500721497
0.2999999999999998,-0.02,52543.00000000003,0.0209870691934539,0.0127161243800295,202.72108843537416
0.2999999999999998,-0.0175,52549.00000000005,0.0208082553911812,0.0126790872033219,196.5780251494537
0.2999999999999998,-0.015,52543.00000000003,0.0207510760746596,0.0125393272358276,187.36343022057304
0.2999999999999998,-0.0124999999999999,52543.00000000005,0.0206567544174522,0.0124331395860992,175.07730364873223
0.2999999999999998,-0.01,52529.00000000003,0.0206374328458759,0.012272028803941,168.9342403628118
0.2999999999999998,-0.0075,52527.00000000005,0.0205023979099182,0.012225965405291,159.53411667697384
0.2999999999999998,-0.005,52545.00000000003,0.0204452417710456,0.0121192073468618,148.29931972789117
0.2999999999999998,-0.0025,52538.00000000005,0.0203322173965594,0.0120765300614468,143.8054009482581
0.2999999999999998,0.0,52533.00000000005,0.0202471124651647,0.0120142831719174,132.57060399917543
0.2999999999999998,0.0025,52559.00000000005,0.0201871444981681,0.0119389405068166,123.5827664399093
0.2999999999999998,0.0049999999999999,52544.00000000003,0.0201430622639826,0.0118504359727966,112.34796949082664
0.2999999999999998,0.0074999999999999,52555.00000000005,0.0200794675212164,0.0117969547709244,105.60709132137706
0.2999999999999998,0.0099999999999999,52541.00000000005,0.0200567851298294,0.011704904132376,92.12533498247784
0.2999999999999998,0.0124999999999999,52570.00000000005,0.0200018846796945,0.0116652870355492,85.38445681302824
0.2999999999999998,0.015,52590.00000000003,0.019976995040901,0.0115983823607646,73.96413110698826
0.2999999999999998,0.0175,52579.00000000005,0.0199401307068749,0.011554144706303,65.42980828695117
0.2999999999999998,0.0199999999999999,52581.00000000003,0.0199067080715522,0.0115160950493417,56.89548546691407
0.2999999999999998,0.0224999999999999,52581.00000000005,0.0198858529434495,0.0114772496956614,48.36116264687695
0.2999999999999998,0.0249999999999999,52590.00000000003,0.019868070045861,0.0114493719988001,39.82683982683983
0.2999999999999998,0.0274999999999999,52591.00000000005,0.0198525016472263,0.0114243395335848,29.870129870129876
0.2999999999999998,0.03,52565.00000000002,0.0198511010024452,0.0113977132476116,17.068645640074223
0.2999999999999998,0.0325,52577.00000000005,0.0198433005421513,0.0113897864326614,11.379097093382825
0.2999999999999998,0.035,52589.00000000002,0.0198450333866113,0.0113807004232141,2.844774273345706
0.2999999999999998,0.0375,52571.00000000003,0.0198489075442759,0.0113776752122327,-5.689548546691412
0.2999999999999998,0.04,52572.00000000005,0.0198647378333074,0.0113751854684393,-15.64625850340134
0.2999999999999998,0.0425,52614.00000000003,0.0198833931321782,0.0113815932539097,-24.18058132343846
0.2999999999999998,0.0449999999999999,52644.00000000005,0.019898907166364,0.0114010861190963,-35.55967841682127
0.2999999999999998,0.0474999999999999,52661.00000000002,0.0199302051563109,0.0114142631358727,-42.671614100185536
0.2999999999999998,0.0499999999999999,52669.00000000003,0.0199635562066508,0.0114382964989477,-51.205936920222655
0.2999999999999998,0.0524999999999999,52654.00000000005,0.0199994701052123,0.0114672603648549,-59.74025974025976
0.2999999999999998,0.0549999999999999,52627.00000000003,0.0200404280756362,0.0115001572925543,-68.27458256029688
0.2999999999999998,0.0574999999999999,52668.00000000005,0.0200897121013406,0.011536098883326,-76.80890538033397
0.2999999999999998,0.06,52660.00000000002,0.0201415389991231,0.0115790099946799,-87.63141620284478
0.2999999999999998,0.0625,52669.00000000005,0.0202010565806372,0.011627534378779,-96.61925376211092
0.2999999999999998,0.065,52679.00000000005,0.0202672424980698,0.0116817725759784,-105.60709132137704
0.2999999999999998,0.0675,52642.00000000003,0.0203165183915759,0.0117566874926884,-116.84188827045972
0.2999999999999998,0.07,52675.00000000005,0.0203864879209406,0.0118202818111541,-125.82972582972582
0.2999999999999998,0.0725,52705.00000000002,0.0204627637742101,0.0118914628887572,-134.81756338899197
0.2999999999999998,0.075,52683.00000000003,0.0205614696916798,0.0119474674617245,-141.5584415584416
0.2999999999999998,0.0774999999999999,52689.00000000005,0.0206558552195924,0.0120232817040404,-155.04019789734076
0.2999999999999998,0.0799999999999999,52672.00000000002,0.0207494883852328,0.0121067105954428,-164.0280354566069
0.2999999999999998,0.0824999999999999,52684.00000000003,0.0208323458408973,0.0122098285473768,-172.005772005772
0.2999999999999998,0.0849999999999999,52669.00000000005,0.0208991213730437,0.0123362001078234,-181.22036693465265
0.2999999999999998,0.0875,52647.00000000002,0.0210045487813568,0.012436757544107,-187.36343022057304
0.2999999999999998,0.09,52683.00000000003,0.0211512641914213,0.0125028596102032,-196.5780251494537
0.2999999999999998,0.0925,52667.00000000005,0.021230417292206,0.0126482196866354,-205.79262007833435
0.2999999999999998,0.095,52684.00000000002,0.0213524653693861,0.0127587928955056,-218.0787466501752
0.2999999999999998,0.0975,52709.00000000003,0.0214793200435575,0.0128770347447543,-224.2218099360956
0.2999999999999998,0.1,52702.00000000005,0.0215588210736552,0.0130435369088201,-239.57946815089676
0.4000000000000003,-0.1,53044.00000000003,0.0274455395830468,0.0182607363772536,515.9554730983302
0.4000000000000003,-0.0975,53000.00000000003,0.0271870404365801,0.0180628640691172,503.2158317872604
0.4000000000000003,-0.095,52952.00000000002,0.0269359460143804,0.0178648375637723,490.4761904761905
0.4000000000000003,-0.0925,52949.00000000003,0.0266891569362051,0.0176680407841899,482.4366110080396
0.4000000000000003,-0.09,52916.00000000003,0.026604707193126,0.0173524482158199,476.8913626056483
0.4000000000000003,-0.0875,52876.00000000002,0.0263633542698668,0.0171574393248254,465.8008658008658
0.4000000000000003,-0.085,52874.00000000003,0.0259707570301847,0.017086707531389,460.25561739847456
0.4000000000000003,-0.0825,52827.00000000003,0.0257380551763082,0.0168995431848934,449.16512059369205
0.4000000000000003,-0.08,52839.00000000002,0.0255098713510742,0.0167119822685325,438.0746237889096
0.4000000000000003,-0.0775,52829.00000000005,0.0252883978506146,0.0165267763180057,426.984126984127
0.4000000000000003,-0.075,52800.00000000003,0.0250672085917594,0.0163409674382705,426.984126984127
0.4000000000000003,-0.0725,52767.00000000002,0.0248505548464041,0.0161573706013359,415.8936301793445
0.4000000000000003,-0.07,52774.00000000005,0.024523707759932,0.0160710659053588,405.9781488352916
0.4000000000000003,-0.0675,52769.00000000003,0.0244285385939224,0.0158031824805324,391.8161203875489
0.4000000000000003,-0.065,52766.00000000005,0.0242164363000399,0.0156236594854995,382.37476808905376
0.4000000000000003,-0.0625,52769.00000000003,0.0240208468590964,0.0154522199758918,372.93341579055857
0.4000000000000003,-0.06,52742.00000000002,0.0237130075209023,0.0153726984026647,368.212739641311
0.4000000000000003,-0.0575,52706.00000000005,0.0235314492915927,0.0152033387042739,358.77138734281584
0.4000000000000003,-0.055,52715.00000000003,0.0233440488108484,0.0150341036101795,349.3300350443207
0.4000000000000003,-0.0525,52707.00000000005,0.0231626648145253,0.0148699766719659,339.8886827458255
0.4000000000000003,-0.05,52673.00000000005,0.0229838788744407,0.0147046650846019,330.4473304473304
0.4000000000000003,-0.0475,52687.00000000002,0.0228669821997087,0.0145037631466516,318.8208616780045
0.4000000000000003,-0.045,52636.00000000005,0.0225857525551398,0.0144448618367573,315.5844155844157
0.4000000000000003,-0.0425,52621.00000000003,0.022423271801716,0.0142878168885713,307.7922077922079
0.4000000000000003,-0.04,52634.00000000005,0.022265403783744,0.014136752603288,300.00000000000006
0.4000000000000003,-0.0375,52641.00000000005,0.0221187696765365,0.0139880458754717,292.20779220779224
0.4000000000000003,-0.035,52652.00000000002,0.0220365591897166,0.0137791436640679,280.51948051948057
0.4000000000000003,-0.0325,52631.00000000005,0.021951461272127,0.013578249009419,268.8311688311689
0.4000000000000003,-0.03,52613.00000000003,0.0216868578986961,0.0135595273210272,261.0389610389611
0.4000000000000003,-0.0275,52630.00000000005,0.0215572284737606,0.0134250629856694,253.2467532467533
0.4000000000000003,-0.025,52629.00000000003,0.021454201812665,0.0132652669667302,247.3510616367759
0.4000000000000003,-0.0225,52629.00000000005,0.0213271519703926,0.0131371922509313,236.5079365079365
0.4000000000000003,-0.02,52583.00000000003,0.0211688249011259,0.0130498322832796,227.29334157905583
0.4000000000000003,-0.0175,52604.00000000005,0.0210936356389858,0.0128911736934706,218.0787466501752
0.4000000000000003,-0.015,52558.00000000004,0.0209435440992297,0.0128125861539669,208.86415172129455
0.4000000000000003,-0.0124999999999999,52604.00000000005,0.0208801413825859,0.0126629175408111,199.64955679241396
0.4000000000000003,-0.01,52603.00000000003,0.0207758990178058,0.0125532664229271,187.36343022057304
0.4000000000000003,-0.0075,52581.00000000005,0.0206832488417034,0.0124490455620386,181.22036693465265
0.4000000000000003,-0.005,52548.00000000004,0.0205907116382596,0.012347256770542,168.93424036281178
0.4000000000000003,-0.0025,52553.00000000005,0.0204745882043677,0.0122820788741557,162.21397649969072
0.4000000000000003,0.0,52553.00000000005,0.0203944864918963,0.0121874340607788,155.04019789734076
0.4000000000000003,0.0025,52559.00000000005,0.0203794072080494,0.0120401182780702,139.31148216862505
0.4000000000000003,0.0049999999999999,52561.00000000004,0.0203049723129732,0.0119624425067595,130.3236446093589
0.4000000000000003,0.0074999999999999,52572.00000000005,0.0201991710108325,0.0119228052825526,125.82972582972585
0.4000000000000003,0.0099999999999999,52600.00000000004,0.0201744584126896,0.0118180249533855,116.84188827045972
0.4000000000000003,0.0124999999999999,52576.00000000005,0.0200710194836652,0.0117978036555581,110.1010101010101
0.4000000000000003,0.015,52582.00000000004,0.0200451406691561,0.0117069553943915,96.61925376211092
0.4000000000000003,0.0175,52600.00000000005,0.0199973208969311,0.0116514715608696,87.63141620284478
0.4000000000000003,0.0199999999999999,52614.00000000003,0.0199401477238244,0.0116184261504192,75.22160379303239
0.4000000000000003,0.0224999999999999,52620.00000000005,0.0199188034872512,0.0115521789285236,68.27458256029688
0.4000000000000003,0.0249999999999999,52614.00000000003,0.0198838457434007,0.0115094908956803,59.74025974025976
0.4000000000000003,0.0274999999999999,52622.00000000005,0.0198562634780752,0.0114777276979975,51.205936920222655
0.4000000000000003,0.03,52623.00000000002,0.0198344374428194,0.0114431773945584,42.671614100185536
0.4000000000000003,0.0325,52619.00000000005,0.0198190388317448,0.0114182388027674,34.13729128014842
0.4000000000000003,0.035,52606.00000000002,0.0198061311387986,0.0113993990928931,24.18058132343846
0.4000000000000003,0.0375,52573.00000000003,0.019798572001994,0.0113866892691081,15.64625850340134
0.4000000000000003,0.04,52598.00000000005,0.0197986499286502,0.0113729471065036,5.689548546691412
0.4000000000000003,0.0425,52614.00000000003,0.0198032004581491,0.0113689813284813,-3.030303030303031
0.4000000000000003,0.0449999999999999,52597.00000000005,0.019807029546093,0.0113696583749131,-11.379097093382825
0.4000000000000003,0.0474999999999999,52659.00000000002,0.0198257794147176,0.0113750072031367,-19.9134199134199
0.4000000000000003,0.0499999999999999,52635.00000000003,0.0198451166203654,0.0113825706040834,-29.870129870129876
0.4000000000000003,0.0524999999999999,52656.00000000005,0.0198683606856142,0.0114005893051402,-38.40445269016698
0.4000000000000003,0.0549999999999999,52662.00000000003,0.0198988873724687,0.0114240107110111,-48.36116264687695
0.4000000000000003,0.0574999999999999,52673.00000000005,0.0199292311894868,0.0114484387203113,-56.89548546691407
0.4000000000000003,0.06,52651.00000000002,0.0199716349313301,0.0114841353385447,-65.42980828695117
0.4000000000000003,0.0625,52666.00000000003,0.0200192157651429,0.0115184382024202,-73.96413110698826
0.4000000000000003,0.065,52665.00000000005,0.0200678476899455,0.0115643688031624,-82.56029684601117
0.4000000000000003,0.0675,52683.00000000003,0.0201271511461614,0.0116113501627155,-92.12533498247784
0.4000000000000003,0.07,52719.00000000003,0.0201882171869577,0.0116639104683286,-101.11317254174398
0.4000000000000003,0.0725,52691.00000000002,0.0202560285789935,0.0117193291669252,-110.1010101010101
0.4000000000000003,0.075,52681.00000000003,0.0203245164957416,0.0117819515112165,-119.08884766027624
0.4000000000000003,0.0774999999999999,52683.00000000005,0.0204019651141554,0.0118486630946198,-128.07668521954236
0.4000000000000003,0.0799999999999999,52684.00000000002,0.0204794168498965,0.0119184251155603,-137.0645227788085
0.4000000000000003,0.0824999999999999,52670.00000000003,0.0205711194059036,0.0119968051621331,-146.05236033807464
0.4000000000000003,0.0849999999999999,52671.00000000005,0.0206605631318491,0.0120785738484424,-155.04019789734076
0.4000000000000003,0.0875,52697.00000000002,0.0207416339036973,0.0121789450510445,-165.86270871985158
0.4000000000000003,0.09,52680.00000000003,0.0208766409839262,0.0122408125979324,-175.07730364873223
0.4000000000000003,0.0925,52656.00000000005,0.0209502739980016,0.0123668610741619,-184.29189857761284
0.4000000000000003,0.095,52696.00000000002,0.0210624845035335,0.0124717237027774,-190.4349618635333
0.4000000000000003,0.0975,52691.00000000003,0.0211824976240242,0.0125763137250165,-202.72108843537416
0.4000000000000003,0.1,52677.00000000005,0.0212585141877231,0.0127271851635368,-211.9356833642548
0.5,-0.1,53167.00000000003,0.0281005848066729,0.0186819487757307,528.6951144094
0.5,-0.0975,53177.00000000003,0.0280279149398597,0.0183374082257476,522.3252937538653
0.5,-0.095,53119.00000000002,0.0275726684717977,0.0182802611689535,515.9554730983302
0.5,-0.0925,53078.00000000003,0.0273160882320328,0.0180822724912797,503.2158317872604
0.5,-0.09,53047.00000000003,0.0272492213695527,0.0177416812614548,496.8460111317255
0.5,-0.0875,53029.00000000002,0.0267866948870793,0.0177087537492249,488.5178313749742
0.5,-0.085,53016.00000000003,0.0265737142329804,0.0174935014668661,482.4366110080396
0.5,-0.0825,52973.00000000003,0.0263349419354765,0.0172999264316764,471.34611420325706
0.5,-0.08,52957.00000000002,0.0260886738242329,0.0171061961417843,460.25561739847456
0.5,-0.0775,52918.00000000003,0.0258561136684376,0.0169188098413677,449.16512059369205
0.5,-0.075,52899.00000000003,0.0256240791080893,0.0167315930401013,449.16512059369205
0.5,-0.0725,52878.00000000002,0.0253968076260733,0.0165431607709496,438.0746237889096
0.5,-0.07,52866.00000000005,0.0251755375225057,0.0163622418243291,426.984126984127
0.5,-0.0675,52886.00000000003,0.0248169524313132,0.0162953883830614,421.43887858173576
0.5,-0.065,52844.00000000005,0.0246204976242858,0.0160977174470753,410.6369820655535
0.5,-0.0625,52845.00000000003,0.0245300320472723,0.0158228052744486,401.257472686044
0.5,-0.06,52843.00000000002,0.024318646199555,0.0156429881844145,391.8161203875489
0.5,-0.0575,52813.00000000005,0.0241161575762889,0.0154705495832995,382.37476808905376
0.5,-0.055,52813.00000000003,0.0239162725779898,0.0152982391264944,372.93341579055857
0.5,-0.0525,52778.00000000005,0.0236148658188543,0.0152172903365603,368.212739641311
0.5,-0.05,52756.00000000005,0.0234287617161997,0.0150535506407707,358.77138734281584
0.5,-0.0475,52763.00000000003,0.0232486840782555,0.0148847148207173,349.3300350443207
0.5,-0.045,52756.00000000005,0.0230649210085152,0.0147214368230396,339.8886827458255
0.5,-0.0425,52762.00000000003,0.0229442356538688,0.0145154210064801,327.437641723356
0.5,-0.04,52717.00000000005,0.0228112640289375,0.0143222374493291,315.58441558441564
0.5,-0.0375,52703.00000000005,0.022640461394656,0.014171807783903,307.7922077922079
0.5,-0.035,52706.00000000002,0.022476988837658,0.0140241714902295,300.00000000000006
0.5,-0.0325,52692.00000000005,0.0222475705393971,0.0139416230581379,288.3116883116884
0.5,-0.03,52672.00000000003,0.0220279445857829,0.0138580270088069,284.4155844155845
0.5,-0.0275,52676.00000000005,0.0218815287757254,0.0137121558382799,276.6233766233767
0.5,-0.025,52682.00000000003,0.0218008756816299,0.0135150956583212,264.935064935065
0.5,-0.0225,52694.00000000005,0.0216601094613448,0.0133817540448041,257.1428571428572
0.5,-0.02,52665.00000000003,0.02155278909776,0.0132313516033231,243.86724386724387
0.5,-0.0175,52626.00000000005,0.0214113339034825,0.0131087841836115,233.43640486497628
0.5,-0.015,52634.00000000003,0.0212849324477,0.0129858798819354,227.29334157905583
0.5,-0.0124999999999999,52614.00000000005,0.021128764178783,0.0129052641319681,218.0787466501752
0.5,-0.01,52621.00000000005,0.020971955454993,0.0128285462235963,215.00721500721497
0.5,-0.0075,52639.00000000005,0.0209066652578488,0.0126747455052034,199.64955679241396
0.5,-0.005,52632.00000000005,0.0208026029773338,0.0125682060039478,193.50649350649348
0.5,-0.0025,52586.00000000005,0.0206700146895965,0.0124959621723043,184.29189857761284
0.5,0.0,52583.00000000005,0.0206085933671405,0.0123608747575821,175.07730364873223
0.5,0.0025,52578.00000000005,0.0205452033596263,0.0122392699108647,162.21397649969074
0.5,0.0049999999999999,52609.00000000004,0.0204756246888887,0.0121387149310215,152.79323850752422
0.5,0.0074999999999999,52612.00000000005,0.020349076800653,0.0120935379187459,148.29931972789117
0.5,0.0099999999999999,52614.00000000004,0.0203135220467077,0.0119743897657325,134.81756338899197
0.5,0.0124999999999999,52664.00000000005,0.0201943891355123,0.0119532049959177,132.57060399917543
0.5,0.015,52672.00000000004,0.0201645198323096,0.0118439269178592,119.08884766027624
0.5,0.0175,52663.00000000005,0.0200576756723135,0.0118237182655374,112.3479694908266
0.5,0.0199999999999999,52648.00000000003,0.0200332858628317,0.0117296237858989,98.86621315192744
0.5,0.0224999999999999,52648.00000000005,0.0199821912235132,0.0116721223540117,85.38445681302824
0.5,0.0249999999999999,52679.00000000003,0.0199423549445274,0.0116137549302382,80.72562358276647
0.5,0.0274999999999999,52698.00000000005,0.0199026880496063,0.0115661613328906,72.54174397031541
0.5,0.03,52722.00000000002,0.0198732954329231,0.011518054527767,62.585034013605465
0.5,0.0325,52736.00000000005,0.0198391607243937,0.0114826468124275,54.05071119356836
0.5,0.035,52689.00000000002,0.0198168788343291,0.0114507181142263,45.51638837353124
0.5,0.0375,52678.00000000003,0.0197951732860085,0.0114258321362203,36.98206555349413
0.5,0.04,52671.00000000005,0.0197759167667452,0.0114059340058256,27.025355596784166
0.5,0.0425,52647.00000000003,0.0197681721749184,0.01139354359431,15.646258503401356
0.5,0.0449999999999999,52663.00000000005,0.0197641968225699,0.0113776826266035,9.956709956709972
0.5,0.0474999999999999,52665.00000000002,0.0197636503390333,0.0113685156534631,0.0
0.5,0.0499999999999999,52664.00000000005,0.019774115119426,0.0113703706997929,-8.534322820037119
0.5,0.0524999999999999,52691.00000000005,0.0197859040120874,0.011374401367111,-17.068645640074195
0.5,0.0549999999999999,52720.00000000003,0.0198061126140535,0.0113840930836735,-27.025355596784166
0.5,0.0574999999999999,52708.00000000005,0.0198263037572709,0.0113980349462958,-35.55967841682127
0.5,0.06,52740.00000000002,0.0198596661598553,0.0114184236077933,-44.09400123685839
0.5,0.0625,52738.00000000003,0.0198856035629338,0.0114444346129618,-52.62832405689551
0.5,0.065,52740.00000000005,0.019919021439613,0.0114813529244997,-62.585034013605465
0.5,0.0675,52730.00000000003,0.0199601345060374,0.0115169414137472,-71.11935683364258
0.5,0.07,52730.00000000005,0.0200259602104565,0.0115396229214719,-82.56029684601117
0.5,0.0725,52757.00000000002,0.0200651951182113,0.0116024231637427,-87.63141620284478
0.5,0.075,52756.00000000003,0.0201228613147917,0.0116545790560853,-96.61925376211092
0.5,0.0774999999999999,52775.00000000005,0.0201880730391736,0.0117132933624979,-105.60709132137704
0.5,0.0799999999999999,52764.00000000002,0.0202558990622896,0.0117737986616466,-114.59492888064318
0.5,0.0824999999999999,52759.00000000003,0.0203275607407927,0.0118388521055747,-123.5827664399093
0.5,0.0849999999999999,52732.00000000005,0.0204027893073162,0.0119109235027329,-132.57060399917543
0.5,0.0875,52724.00000000002,0.0204889583429048,0.0119882960089651,-141.5584415584416
0.5,0.09,52743.00000000003,0.0205809238131057,0.0120705491525066,-150.54627911770768
0.5,0.0925,52744.00000000005,0.0206685357099714,0.0121649821403707,-162.21397649969074
0.5,0.095,52733.00000000002,0.0207625455660886,0.0122618772376124,-172.005772005772
0.5,0.0975,52769.00000000003,0.0208999148988511,0.0123221104744346,-181.22036693465265
0.5,0.1,52761.00000000005,0.0210109347455973,0.0124210530792402,-187.36343022057304
0.6000000000000005,-0.1,53222.00000000005,0.0287181140689207,0.0191306337090753,554.1743970315399
0.6000000000000005,-0.0975,53189.00000000003,0.0284515295313405,0.0189279496538643,541.4347557204701
0.6000000000000005,-0.095,53176.00000000002,0.0283825386342134,0.0185804505522184,535.0649350649351
0.6000000000000005,-0.0925,53135.00000000003,0.0279213813760108,0.0185270120106018,528.6951144094
0.6000000000000005,-0.09,53131.00000000003,0.0276554346697704,0.0183275127683427,515.9554730983302
0.6000000000000005,-0.0875,53088.00000000002,0.0275895863207835,0.0179839911521159,509.5856524427953
0.6000000000000005,-0.085,53026.00000000003,0.0271490240595057,0.0179280693229107,503.2158317872604
0.6000000000000005,-0.0825,53023.00000000003,0.0268956775354581,0.0177337584808399,490.4761904761905
0.6000000000000005,-0.08,52997.00000000002,0.0266487863838026,0.017539566615308,482.4366110080396
0.6000000000000005,-0.0775,52990.00000000003,0.0264088239414677,0.0173465676095498,471.34611420325706
0.6000000000000005,-0.075,52961.00000000003,0.0261657507423911,0.017154188295679,460.25561739847456
0.6000000000000005,-0.0725,52955.00000000002,0.0257791232343979,0.0170830873041022,454.7103689960833
0.6000000000000005,-0.07,52933.00000000005,0.0256998103452008,0.0167767333540526,449.16512059369205
0.6000000000000005,-0.0675,52910.00000000003,0.0254688893987959,0.0165883544100625,438.0746237889096
0.6000000000000005,-0.065,52865.00000000005,0.0252443909305441,0.0164044808153253,426.984126984127
0.6000000000000005,-0.0625,52836.00000000003,0.025025918245579,0.0162212814774494,415.8936301793445
0.6000000000000005,-0.06,52842.00000000002,0.024808619881378,0.01603779150622,404.803133374562
0.6000000000000005,-0.0575,52812.00000000005,0.0244839988024201,0.0159542569265022,405.9781488352916
0.6000000000000005,-0.055,52776.00000000003,0.0242701741438684,0.0157785028456527,396.5367965367965
0.6000000000000005,-0.0525,52773.00000000005,0.0241782246675046,0.0155088359188707,382.37476808905376
0.6000000000000005,-0.05,52750.00000000005,0.023981191412792,0.0153399574565087,372.93341579055857
0.6000000000000005,-0.0475,52762.00000000003,0.023785057570407,0.0151676778790557,363.4920634920634
0.6000000000000005,-0.045,52735.00000000005,0.0235926042642063,0.0149998947946152,354.0507111935683
0.6000000000000005,-0.0425,52707.00000000003,0.0234014661498135,0.0148352812240225,344.6093588950731
0.6000000000000005,-0.04,52692.00000000005,0.0231220594212283,0.0147581269634864,339.8886827458255
0.6000000000000005,-0.0375,52699.00000000003,0.0230445561583616,0.0145128745979446,325.72665429808285
0.6000000000000005,-0.035,52693.00000000002,0.0227869008356364,0.0144291413634637,319.48051948051955
0.6000000000000005,-0.0325,52676.00000000005,0.0225470737758738,0.014336907288965,315.5844155844157
0.6000000000000005,-0.03,52707.00000000002,0.0225322236175676,0.0140535801826654,300.00000000000006
0.6000000000000005,-0.0275,52684.00000000005,0.0222955800872116,0.0139700574653001,296.10389610389615
0.6000000000000005,-0.025,52659.00000000003,0.022214918374147,0.0137620457155961,284.4155844155845
0.6000000000000005,-0.0225,52682.00000000005,0.02199301102477,0.0136804950171651,272.7272727272728
0.6000000000000005,-0.02,52644.00000000003,0.0218426102530748,0.0135407542936298,264.935064935065
0.6000000000000005,-0.0175,52676.00000000005,0.0217063304756693,0.0134042286715599,257.1428571428572
0.6000000000000005,-0.015,52642.00000000005,0.0215709213853702,0.0132698092365712,249.3506493506494
0.6000000000000005,-0.0124999999999999,52610.00000000005,0.0214066674727866,0.0131728570005004,240.38342609771183
0.6000000000000005,-0.01,52607.00000000005,0.0213239913656172,0.0130064580279253,227.29334157905583
0.6000000000000005,-0.0075,52596.00000000005,0.0212041769718634,0.0128855369151385,221.1502782931354
0.6000000000000005,-0.005,52583.00000000003,0.02104774475491,0.0128072233831234,211.9356833642548
0.6000000000000005,-0.0025,52573.00000000005,0.0209317408129498,0.0126918360567252,205.79262007833435
0.6000000000000005,0.0,52559.00000000005,0.0208229603334016,0.0125854845703464,193.50649350649348
0.6000000000000005,0.0025,52541.00000000005,0.0207605676624996,0.0124423938276004,184.29189857761284
0.6000000000000005,0.0049999999999999,52526.00000000004,0.0205606126734795,0.0124427493379067,181.22036693465265
0.6000000000000005,0.0074999999999999,52551.00000000005,0.0205322420961925,0.0122807444602424,170.19171304885586
0.6000000000000005,0.0099999999999999,52549.00000000004,0.0204734342162078,0.0121587319570438,156.89548546691398
0.6000000000000005,0.0124999999999999,52573.00000000005,0.0203159118771567,0.012146798748115,152.79323850752425
0.6000000000000005,0.015,52602.00000000003,0.020266777886175,0.0120446758325669,141.55844155844156
0.6000000000000005,0.0175,52591.00000000005,0.0202118057770459,0.0119477507473854,130.3236446093589
0.6000000000000005,0.0199999999999999,52579.00000000003,0.0201263671546528,0.0118896734849646,123.5827664399093
0.6000000000000005,0.0224999999999999,52616.00000000005,0.0200676799251589,0.0118185238928279,114.59492888064317
0.6000000000000005,0.0249999999999999,52597.00000000003,0.0200243960155627,0.0117399178963531,103.36013193156052
0.6000000000000005,0.0274999999999999,52617.00000000005,0.0199787625782095,0.0116797822182374,94.3722943722944
0.6000000000000005,0.03,52617.00000000002,0.0199350509280989,0.0116207330479509,84.39497010925587
0.6000000000000005,0.0325,52641.00000000005,0.0198960712723618,0.0115694865203367,75.38651824366111
0.6000000000000005,0.035,52672.00000000002,0.0198533944715777,0.0115270324943804,66.85219542362402
0.6000000000000005,0.0375,52666.00000000003,0.0198220114169234,0.0114875300909628,58.31787260358692
0.6000000000000005,0.04,52666.00000000005,0.0198020805386104,0.0114492617856765,48.36116264687695
0.6000000000000005,0.0425,52683.00000000003,0.0197815016766565,0.0114238608988533,39.82683982683983
0.6000000000000005,0.0449999999999999,52685.00000000005,0.0197568435456671,0.0114082809854641,27.025355596784166
0.6000000000000005,0.0474999999999999,52656.00000000002,0.019755587204539,0.0113865696981979,21.335807050092757
0.6000000000000005,0.0499999999999999,52654.00000000003,0.0197522257690016,0.0113729485084957,12.801484230055678
0.6000000000000005,0.0524999999999999,52648.00000000005,0.0197512502543024,0.011366071216702,4.0404040404040416
0.6000000000000005,0.0549999999999999,52615.00000000003,0.0197555788114178,0.0113652119102385,-5.689548546691412
0.6000000000000005,0.0574999999999999,52658.00000000005,0.0197671693185528,0.0113681868116563,-14.223871366728517
0.6000000000000005,0.06,52675.00000000002,0.019781555183112,0.0113786201612438,-22.758194186765607
0.6000000000000005,0.0625,52677.00000000005,0.0198048666747077,0.0113863242558586,-32.71490414347558
0.6000000000000005,0.065,52696.00000000005,0.019847278369784,0.0113980416967188,-44.09400123685839
0.6000000000000005,0.0675,52735.00000000003,0.0198678895625564,0.0114308029200544,-49.7835497835498
0.6000000000000005,0.07,52686.00000000005,0.019903518474765,0.0114583975570311,-58.31787260358692
0.6000000000000005,0.0725,52722.00000000002,0.0199390313225567,0.0115010771204077,-68.27458256029688
0.6000000000000005,0.075,52718.00000000003,0.020000626595267,0.0115283238792174,-77.05627705627708
0.6000000000000005,0.0774999999999999,52738.00000000005,0.0200427838361343,0.0115837644366351,-87.63141620284478
0.6000000000000005,0.0799999999999999,52728.00000000002,0.0200857215127227,0.0116481997264883,-98.86621315192748
0.6000000000000005,0.0824999999999999,52753.00000000003,0.0201796009277851,0.011675482242277,-103.36013193156052
0.6000000000000005,0.0849999999999999,52743.00000000005,0.0202491995520786,0.0117334082671529,-112.34796949082664
0.6000000000000005,0.0875,52739.00000000002,0.0203411361748542,0.0117775220712056,-123.5827664399093
0.6000000000000005,0.09,52755.00000000003,0.0204017121352103,0.0118638117061924,-134.81756338899197
0.6000000000000005,0.0925,52748.00000000005,0.0204839993494739,0.0119360645820882,-143.8054009482581
0.6000000000000005,0.095,52747.00000000002,0.0205817911467502,0.012016223080585,-152.79323850752422
0.6000000000000005,0.0975,52754.00000000003,0.0206375561423335,0.0121267402548078,-156.89548546691398
0.6000000000000005,0.1,52749.00000000005,0.0207684345189563,0.0121862969319301,-168.93424036281178
0.7000000000000002,-0.1,53341.00000000005,0.0295893101203935,0.0194518322503417,575.5514326942898
0.7000000000000002,-0.0975,53312.00000000003,0.0290840655614958,0.0194160350288567,566.9140383426097
0.7000000000000002,-0.095,53258.00000000002,0.0288116808453128,0.0192089752706022,554.1743970315399
0.7000000000000002,-0.0925,53227.00000000003,0.0287403593639228,0.0188598571287157,547.804576376005
0.7000000000000002,-0.09,53191.00000000003,0.0282798551188774,0.0188056992945437,541.4347557204701
0.7000000000000002,-0.0875,53164.00000000002,0.0280161096147622,0.0186023838046661,528.6951144094
0.7000000000000002,-0.085,53171.00000000003,0.0277477589259986,0.018402680408745,515.9554730983302
0.7000000000000002,-0.0825,53122.00000000003,0.0274971151666628,0.0182017465394058,515.9554730983302
0.7000000000000002,-0.08,53120.00000000002,0.0272424139037249,0.0180049289788401,503.2158317872604
0.7000000000000002,-0.0775,53055.00000000003,0.0269886845322821,0.0178070612976761,490.4761904761905
0.7000000000000002,-0.075,53058.00000000003,0.0267435426324898,0.017611066716363,482.4366110080396
0.7000000000000002,-0.0725,53039.00000000002,0.0263391105838368,0.0175397578745745,476.89136260564834
0.7000000000000002,-0.07,53003.00000000003,0.0262529048254347,0.0172237494905478,471.34611420325706
0.7000000000000002,-0.0675,52993.00000000003,0.0260214985813081,0.017031614933809,460.25561739847456
0.7000000000000002,-0.065,52976.00000000005,0.0257895841672164,0.0168432476540015,449.16512059369205
0.7000000000000002,-0.0625,52956.00000000003,0.0255593687739418,0.0166558802485179,438.0746237889096
0.7000000000000002,-0.06,52929.00000000002,0.025189926783102,0.0165830103871291,432.5293753865183
0.7000000000000002,-0.0575,52925.00000000005,0.0249759758176408,0.0163973210918316,421.43887858173576
0.7000000000000002,-0.055,52893.00000000003,0.0248971552779704,0.0160994898659289,415.8936301793445
0.7000000000000002,-0.0525,52901.00000000005,0.0245640100727915,0.0160170394607315,410.6369820655535
0.7000000000000002,-0.05,52844.00000000005,0.0243609475246885,0.0158392689878398,396.5367965367965
0.7000000000000002,-0.0475,52842.00000000002,0.0241610505616891,0.0156617304276468,387.0954442383013
0.7000000000000002,-0.045,52822.00000000005,0.0238468172679558,0.0155791279495465,382.3747680890537
0.7000000000000002,-0.0425,52797.00000000003,0.023662785308339,0.015407117931164,372.93341579055857
0.7000000000000002,-0.04,52801.00000000005,0.0236839225051103,0.0150587596456768,363.4920634920634
0.7000000000000002,-0.0375,52785.00000000003,0.023385334753057,0.0149786231931925,349.3300350443207
0.7000000000000002,-0.035,52783.00000000002,0.0231033618562582,0.0149011358024953,344.6093588950731
0.7000000000000002,-0.0325,52774.00000000005,0.0230247640213161,0.0146514474508284,339.8886827458255
0.7000000000000002,-0.03,52772.00000000002,0.0227387334793551,0.0145955520603391,327.437641723356
0.7000000000000002,-0.0275,52745.00000000005,0.0227786315441139,0.0142550421596929,315.58441558441564
0.7000000000000002,-0.025,52745.00000000003,0.0224587719027361,0.0142341118806174,307.7922077922079
0.7000000000000002,-0.0225,52762.00000000005,0.0223019719395033,0.01408491705548,300.00000000000006
0.7000000000000002,-0.02,52752.00000000003,0.0222177927384443,0.0138724742438215,288.3116883116884
0.7000000000000002,-0.0175,52720.00000000005,0.0219940497887864,0.0137895137354375,284.4155844155845
0.7000000000000002,-0.015,52747.00000000003,0.0219145665199593,0.0135870526655282,272.7272727272728
0.7000000000000002,-0.0124999999999999,52739.00000000005,0.0217722541139997,0.013450264809761,264.935064935065
0.7000000000000002,-0.01,52676.00000000003,0.0215132426989769,0.0134309394650913,257.1428571428572
0.7000000000000002,-0.0075,52667.00000000005,0.0214161906876655,0.0132672780608008,250.834879406308
0.7000000000000002,-0.005,52662.00000000005,0.0213397397938038,0.0130919592976239,236.5079365079365
0.7000000000000002,-0.0025,52620.00000000005,0.0211284634667485,0.0130499882349747,230.3648732220161
0.7000000000000002,0.0,52620.00000000004,0.021138685633061,0.0128113815487686,215.00721500721505
0.7000000000000002,0.0025,52601.00000000005,0.0209829741237059,0.012736079131722,205.79262007833435
0.7000000000000002,0.0049999999999999,52571.00000000004,0.0209130131244914,0.0125901562469166,196.5780251494537
0.7000000000000002,0.0074999999999999,52550.00000000005,0.0207342832691728,0.012554587538664,190.4349618635333
0.7000000000000002,0.0099999999999999,52561.00000000003,0.0207035660090601,0.0123831000196871,178.14883529169242
0.7000000000000002,0.0124999999999999,52559.00000000005,0.0205502612679636,0.0123477268173199,172.005772005772
0.7000000000000002,0.015,52585.00000000003,0.0204911861330402,0.0122239790051229,164.8732220160791
0.7000000000000002,0.0175,52558.00000000005,0.0204021529443253,0.0121382772001738,152.79323850752422
0.7000000000000002,0.0199999999999999,52561.00000000003,0.020321018574257,0.0120556574921609,143.8054009482581
0.7000000000000002,0.0224999999999999,52579.00000000005,0.0202491299303725,0.0119780210386493,134.81756338899197
0.7000000000000002,0.0249999999999999,52574.00000000003,0.0201598572263919,0.0119169984901242,128.07668521954238
0.7000000000000002,0.0274999999999999,52586.00000000005,0.0201131204246418,0.0118302394826871,116.84188827045968
0.7000000000000002,0.03,52585.00000000002,0.0200530626619815,0.0117667928931849,107.85405071119357
0.7000000000000002,0.0325,52598.00000000005,0.0200156234202096,0.0116902451300429,96.61925376211092
0.7000000000000002,0.035,52579.00000000002,0.0199630976754303,0.0116360122435132,87.63141620284478
0.7000000000000002,0.0375,52618.00000000004,0.0199078720890014,0.0115953353171652,77.05627705627708
0.7000000000000002,0.04,52668.00000000005,0.0198719999944704,0.0115475824925104,69.69696969696973
0.7000000000000002,0.0425,52644.00000000003,0.0198368820237635,0.011506276499993,61.16264687693261
0.7000000000000002,0.0449999999999999,52677.00000000005,0.0198065340100485,0.011476608467624,54.05071119356836
0.7000000000000002,0.0474999999999999,52662.00000000002,0.0197825447331262,0.0114463995438541,45.51638837353124
0.7000000000000002,0.0499999999999999,52685.00000000005,0.019769127524975,0.0114180353841855,32.71490414347558
0.7000000000000002,0.0524999999999999,52636.00000000005,0.0197509544144015,0.0114035732749249,21.335807050092757
0.7000000000000002,0.0549999999999999,52609.00000000003,0.0197435951148318,0.0113872008846234,15.64625850340134
0.7000000000000002,0.0574999999999999,52649.00000000005,0.0197413867601749,0.0113752040286155,7.1119356833642655
0.7000000000000002,0.06,52650.00000000002,0.0197434596511811,0.0113727297087035,-2.0202020202020208
0.7000000000000002,0.0625,52621.00000000003,0.0197468305113983,0.0113742735428688,-11.379097093382825
0.7000000000000002,0.065,52630.00000000005,0.0197630237137863,0.0113828255448989,-19.9134199134199
0.7000000000000002,0.0675,52645.00000000003,0.0197784654263493,0.0113866960816963,-31.29251700680273
0.7000000000000002,0.07,52644.00000000005,0.019802554183518,0.0114076082694311,-38.40445269016698
0.7000000000000002,0.0725,52663.00000000002,0.0198319069014704,0.0114300917690517,-46.938775510204096
0.7000000000000002,0.075,52642.00000000003,0.0198569880531621,0.0114553493976816,-55.473098330241214
0.7000000000000002,0.0774999999999999,52646.00000000005,0.0199074478387881,0.0114846040584558,-68.27458256029688
0.7000000000000002,0.0799999999999999,52681.00000000002,0.0199612335229529,0.0115122474125801,-69.6969696969697
0.7000000000000002,0.0824999999999999,52694.00000000003,0.0200076475496552,0.0115556892687938,-86.22964337250056
0.7000000000000002,0.0849999999999999,52708.00000000005,0.0200725225716013,0.0115959490780294,-87.63141620284478
0.7000000000000002,0.0875,52701.00000000002,0.0201058240032516,0.011673740833877,-101.11317254174398
0.7000000000000002,0.09,52697.00000000003,0.0201723087058996,0.0117331031658812,-110.1010101010101
0.7000000000000002,0.0925,52704.00000000005,0.0202434279001995,0.0117930517869555,-119.08884766027624
0.7000000000000002,0.095,52689.00000000002,0.0203220295183271,0.0118617466623119,-128.07668521954236
0.7000000000000002,0.0975,52684.00000000003,0.0203981423699985,0.0119343548062635,-137.0645227788085
0.7000000000000002,0.1,52680.00000000005,0.0204855006800606,0.0120114886728687,-146.05236033807464
0.8000000000000007,-0.1,53394.00000000005,0.0300190480430207,0.0201141983608421,597.1346114203258
0.8000000000000007,-0.0975,53390.00000000003,0.0297362083851803,0.0199058833058299,582.7458256029685
0.8000000000000007,-0.095,53354.00000000002,0.0294586707742413,0.0196970745507945,582.7458256029685
0.8000000000000007,-0.0925,53306.00000000005,0.0293912031122142,0.0193318593473105,569.6969696969697
0.8000000000000007,-0.09,53255.00000000003,0.0289054411724183,0.0192809370220681,566.9140383426097
0.8000000000000007,-0.0875,53230.00000000002,0.02863687531113,0.0190759973163317,554.1743970315399
0.8000000000000007,-0.085,53198.00000000005,0.0283685041430538,0.0188728548388631,541.4347557204701
0.8000000000000007,-0.0825,53157.00000000003,0.0279098762769776,0.0188199530537309,535.0649350649351
0.8000000000000007,-0.08,53148.00000000002,0.0278396538018885,0.0184694590886504,528.6951144094
0.8000000000000007,-0.0775,53106.00000000003,0.0275849757629878,0.0182676397785755,515.9554730983302
0.8000000000000007,-0.075,53100.00000000003,0.0273303806377666,0.0180745971506748,503.2158317872604
0.8000000000000007,-0.0725,53099.00000000002,0.0270824101129212,0.0178719350752373,503.2158317872604
0.8000000000000007,-0.07,53052.00000000003,0.0268604739368841,0.0176571934200254,488.5178313749743
0.8000000000000007,-0.0675,53070.00000000003,0.0265866197519138,0.0174800858010159,482.4366110080396
0.8000000000000007,-0.065,53011.00000000005,0.026343899461083,0.0172875044470731,471.34611420325706
0.8000000000000007,-0.0625,53036.00000000003,0.0261066360352054,0.0170948094440405,460.25561739847456
0.8000000000000007,-0.06,52987.00000000002,0.0257242555116799,0.0170247676895924,454.7103689960833
0.8000000000000007,-0.0575,52974.00000000005,0.0255009741020695,0.0168368119861507,443.6198721913008
0.8000000000000007,-0.055,52966.00000000003,0.025418071144165,0.0165294680114307,438.0746237889096
0.8000000000000007,-0.0525,52935.00000000005,0.025193617294527,0.0163465625642846,426.984126984127
0.8000000000000007,-0.05,52927.00000000003,0.0248379349495331,0.0162771130728796,421.43887858173576
0.8000000000000007,-0.0475,52892.00000000002,0.0247669360382463,0.0159734594397766,405.50401978973406
0.8000000000000007,-0.045,52858.00000000005,0.0244333118311563,0.0158977702609581,405.9781488352916
0.8000000000000007,-0.0425,52863.00000000003,0.0242355048817236,0.0157235150329248,396.5367965367965
0.8000000000000007,-0.04,52827.00000000005,0.024031250393669,0.015544876970581,387.0954442383013
0.8000000000000007,-0.0375,52809.00000000003,0.023833454446227,0.0153725542182082,377.65409193980616
0.8000000000000007,-0.035,52815.00000000002,0.0236456683670321,0.015201140697336,368.212739641311
0.8000000000000007,-0.0325,52826.00000000003,0.0235555699327657,0.0149467813981162,354.0507111935683
0.8000000000000007,-0.03,52797.00000000002,0.0233736443886751,0.0147814534579067,344.6093588950731
0.8000000000000007,-0.0275,52796.00000000005,0.0231915916361753,0.0146162779248673,335.1680065965779
0.8000000000000007,-0.025,52777.00000000003,0.022887290878575,0.0145703509967308,331.7460317460318
0.8000000000000007,-0.0225,52765.00000000005,0.0227226835495209,0.0144177508581913,323.12925170068024
0.8000000000000007,-0.02,52739.00000000003,0.0225252923632583,0.0142821882948754,315.5844155844157
0.8000000000000007,-0.0175,52743.00000000005,0.0223711384876078,0.0141333395319878,307.7922077922079
0.8000000000000007,-0.015,52726.00000000003,0.0223582770131522,0.0138543177183177,292.2077922077923
0.8000000000000007,-0.0124999999999999,52742.00000000005,0.0220686262629424,0.0138357294362649,284.4155844155845
0.8000000000000007,-0.01,52741.00000000005,0.021983161176011,0.0136316735129097,272.7272727272728
0.8000000000000007,-0.0075,52713.00000000005,0.0218396075736392,0.0134933804019369,264.935064935065
0.8000000000000007,-0.005,52700.00000000003,0.0216420859246648,0.0134181767932006,261.0389610389611
0.8000000000000007,-0.0025,52653.00000000005,0.0214846239785865,0.0133078423157486,250.834879406308
0.8000000000000007,0.0,52656.00000000005,0.0214093533273111,0.0131304395175353,240.38342609771183
0.8000000000000007,0.0025,52640.00000000005,0.0212859350875877,0.0130083763950223,230.3648732220161
0.8000000000000007,0.0049999999999999,52612.00000000004,0.0210838006763768,0.0129676649109478,224.22180993609567
0.8000000000000007,0.0074999999999999,52616.00000000005,0.0210086552936616,0.0128110414009344,215.00721500721497
0.8000000000000007,0.0099999999999999,52568.00000000005,0.0209403771829335,0.0126598622329952,199.64955679241396
0.8000000000000007,0.0124999999999999,52585.00000000005,0.0207998574781507,0.0125894562890065,196.5780251494537
0.8000000000000007,0.015,52608.00000000003,0.0206726582229656,0.0125187547288374,187.36343022057304
0.8000000000000007,0.0175,52592.00000000005,0.0206475874336229,0.0123488703153907,175.07730364873223
0.8000000000000007,0.0199999999999999,52598.00000000003,0.0205002616725069,0.0123108887671363,170.19171304885586
0.8000000000000007,0.0224999999999999,52617.00000000005,0.0204226759414471,0.0122180237076385,159.55473098330236
0.8000000000000007,0.0249999999999999,52643.00000000003,0.0204077931399738,0.0120653483398298,146.05236033807464
0.8000000000000007,0.0274999999999999,52638.00000000005,0.0202898098715424,0.0120270444623483,141.55844155844156
0.8000000000000007,0.03,52625.00000000002,0.0202571673037359,0.0119117240330965,128.07668521954236
0.8000000000000007,0.0325,52623.00000000005,0.0201892586151784,0.0118414532257533,119.08884766027624
0.8000000000000007,0.035,52680.00000000002,0.0201272966751649,0.0117749550874836,110.1010101010101
0.8000000000000007,0.0375,52680.00000000005,0.0200516620846482,0.0117280662766888,103.36013193156052
0.8000000000000007,0.04,52659.00000000005,0.0200025103495703,0.0116719410260809,94.3722943722944
0.8000000000000007,0.0425,52688.00000000003,0.0199610542301605,0.0116140706646261,80.72562358276647
0.8000000000000007,0.0449999999999999,52734.00000000005,0.0199185249174511,0.0115658998943735,72.54174397031541
0.8000000000000007,0.0474999999999999,52699.00000000002,0.0198830648629023,0.0115243417487622,64.00742115027832
0.8000000000000007,0.0499999999999999,52712.00000000005,0.0198475032754251,0.0114910754298562,56.89548546691407
0.8000000000000007,0.0524999999999999,52712.00000000005,0.0198265183041991,0.0114568909741502,46.938775510204096
0.8000000000000007,0.0549999999999999,52727.00000000003,0.0198063616403358,0.0114305895030158,35.55967841682127
0.8000000000000007,0.0574999999999999,52678.00000000005,0.0197869085481481,0.0114106643141159,27.025355596784166
0.8000000000000007,0.06,52676.00000000002,0.0197770022686217,0.0113922224176429,18.491032776747048
0.8000000000000007,0.0625,52660.00000000003,0.0197721643358103,0.0113855465246729,12.80148423005565
0.8000000000000007,0.065,52686.00000000005,0.0197681241367962,0.0113783071947004,4.040404040404027
0.8000000000000007,0.0675,52650.00000000003,0.0197757852776116,0.0113774399736179,-8.080808080808097
0.8000000000000007,0.07,52699.00000000005,0.0197915254036377,0.0113787691876054,-12.80148423005565
0.8000000000000007,0.0725,52679.00000000002,0.0198007622364723,0.0113913017370832,-25.602968460111317
0.8000000000000007,0.075,52681.00000000003,0.0198213000955535,0.0114041596298424,-35.55967841682127
0.8000000000000007,0.0774999999999999,52697.00000000005,0.0198503870613393,0.0114262951768395,-44.09400123685839
0.8000000000000007,0.0799999999999999,52701.00000000002,0.0198838883499064,0.0114430313689489,-49.7835497835498
0.8000000000000007,0.0824999999999999,52716.00000000003,0.0199149562228325,0.0114827778694558,-61.16264687693261
0.8000000000000007,0.0849999999999999,52683.00000000005,0.0199664669694828,0.0115062177780635,-72.54174397031541
0.8000000000000007,0.0875,52722.00000000002,0.0200146882163983,0.0115459988654293,-82.56029684601117
0.8000000000000007,0.09,52742.00000000003,0.0200559384037809,0.0116022937205317,-88.06431663574526
0.8000000000000007,0.0925,52750.00000000005,0.0201222763712064,0.0116470607536089,-98.86621315192744
0.8000000000000007,0.095,52745.00000000002,0.0201854197010162,0.0117033372139632,-107.85405071119357
0.8000000000000007,0.0975,52737.00000000003,0.0202356208490796,0.0117784185153939,-114.59492888064318
0.8000000000000007,0.1,52730.00000000005,0.0203074139549398,0.0118442192844878,-123.5827664399093
0.9000000000000004,-0.1,53509.00000000005,0.0309558504808967,0.0204280808466653,618.7177901463615
0.9000000000000004,-0.0975,53448.00000000003,0.0304283991450329,0.0203896281987586,611.523397237683
0.9000000000000004,-0.095,53420.00000000002,0.0301410854210977,0.0201778794421315,597.1346114203258
0.9000000000000004,-0.0925,53386.00000000005,0.0298556699842586,0.0199699203385635,597.1346114203258
0.9000000000000004,-0.09,53364.00000000003,0.0295747125129483,0.0197595369845242,582.7458256029685
0.9000000000000004,-0.0875,53339.00000000002,0.029302299829834,0.0195507626667062,568.3570397856113
0.9000000000000004,-0.085,53325.00000000005,0.0290246528552156,0.0193452233050234,566.9140383426097
0.9000000000000004,-0.0825,53275.00000000003,0.0287502804961141,0.0191378891222605,554.1743970315399
0.9000000000000004,-0.08,53245.00000000002,0.0284803263337415,0.0189355271214152,541.4347557204701
0.9000000000000004,-0.0775,53222.00000000005,0.0282190922310572,0.0187333540366977,541.4347557204701
0.9000000000000004,-0.075,53197.00000000003,0.0279510125353213,0.0185344218179781,528.6951144094
0.9000000000000004,-0.0725,53191.00000000002,0.027693170681287,0.0183336150975111,515.9554730983302
0.9000000000000004,-0.07,53109.00000000003,0.0274382273908028,0.0181354994861296,515.9554730983302
0.9000000000000004,-0.0675,53106.00000000003,0.0271827205573045,0.0179330482438417,503.2158317872604
0.9000000000000004,-0.065,53066.00000000003,0.0269300734759198,0.0177358739816024,490.4761904761905
0.9000000000000004,-0.0625,53064.00000000003,0.026682914250415,0.0175425058282735,482.4366110080396
0.9000000000000004,-0.06,53045.00000000002,0.0264427066296024,0.0173468488738611,471.34611420325706
0.9000000000000004,-0.0575,53040.00000000003,0.0260524372852659,0.0172765975413885,465.8008658008658
0.9000000000000004,-0.055,52990.00000000003,0.0258211888769107,0.0170824865392948,454.7103689960833
0.9000000000000004,-0.0525,52972.00000000005,0.0257348505990315,0.0167762925166627,449.16512059369205
0.9000000000000004,-0.05,52988.00000000003,0.0255122169422094,0.0165876919741645,438.0746237889096
0.9000000000000004,-0.0475,52910.00000000002,0.0251455122633122,0.0165179521524425,432.5293753865183
0.9000000000000004,-0.045,52934.00000000005,0.0250727411408407,0.0162213294355085,415.8936301793445
0.9000000000000004,-0.0425,52907.00000000003,0.0247100023773412,0.0161548101416308,410.3483817769532
0.9000000000000004,-0.04,52861.00000000005,0.0245201672741265,0.0159554829518053,410.6369820655535
0.9000000000000004,-0.0375,52859.00000000003,0.0244271227813038,0.0156854223071483,391.8161203875489
0.9000000000000004,-0.035,52818.00000000002,0.0241158512122455,0.0156021071960794,387.0954442383013
0.9000000000000004,-0.0325,52815.00000000003,0.0239157949020825,0.0154270547456068,377.65409193980616
0.9000000000000004,-0.03,52833.00000000003,0.0237267131472921,0.0152567242128064,368.212739641311
0.9000000000000004,-0.0275,52800.00000000005,0.0235365502995432,0.0150887872349818,358.77138734281584
0.9000000000000004,-0.025,52807.00000000003,0.0232547014150091,0.015008404193098,354.05071119356825
0.9000000000000004,-0.0225,52778.00000000005,0.0230742252654884,0.014842620454162,344.6093588950731
0.9000000000000004,-0.02,52801.00000000003,0.0229005526481812,0.0146786217586635,335.168006596578
0.9000000000000004,-0.0175,52772.00000000005,0.0228785116971031,0.0143910947483039,318.8208616780045
0.9000000000000004,-0.015,52752.00000000003,0.0225974492969077,0.0143339756276766,315.5844155844157
0.9000000000000004,-0.0124999999999999,52761.00000000005,0.0225137020859272,0.0141142350305521,303.896103896104
0.9000000000000004,-0.01,52729.00000000003,0.0223506561317836,0.0139650260715336,296.10389610389615
0.9000000000000004,-0.0075,52727.00000000005,0.0221988876355551,0.0138215033215472,288.3116883116884
0.9000000000000004,-0.005,52702.00000000003,0.0219839148785254,0.013735609364855,284.4155844155845
0.9000000000000004,-0.0025,52681.00000000005,0.0218431293553803,0.0135972961835557,268.8311688311689
0.9000000000000004,0.0,52681.00000000003,0.0216997786107134,0.0134593164886152,261.0389610389611
0.9000000000000004,0.0025,52653.00000000005,0.0215692702181024,0.0133256681658857,253.2467532467533
0.9000000000000004,0.0049999999999999,52645.00000000004,0.0214625075556009,0.0131702934396053,240.38342609771183
0.9000000000000004,0.0074999999999999,52629.00000000005,0.0213366623392528,0.0130452541516101,230.3648732220161
0.9000000000000004,0.0099999999999999,52637.00000000004,0.0211748444145573,0.0129645266792115,227.29334157905583
0.9000000000000004,0.0124999999999999,52651.00000000005,0.0210211757005797,0.0128857963350875,218.0787466501752
0.9000000000000004,0.015,52625.00000000003,0.0209503067054374,0.0127337609055374,208.86415172129455
0.9000000000000004,0.0175,52622.00000000005,0.0208100894234489,0.0126576940693905,199.6495567924139
0.9000000000000004,0.0199999999999999,52603.00000000003,0.0207483558612129,0.0125144299699016,190.4349618635333
0.9000000000000004,0.0224999999999999,52607.00000000005,0.020653813888468,0.0124139113946951,184.29189857761284
0.9000000000000004,0.0249999999999999,52628.00000000003,0.0205674365797582,0.0123115131067558,172.85095856524424
0.9000000000000004,0.0274999999999999,52634.00000000005,0.0205100601067821,0.0121928581623516,159.55473098330236
0.9000000000000004,0.03,52642.00000000002,0.0204237178668623,0.0121115106541342,152.79323850752422
0.9000000000000004,0.0325,52647.00000000005,0.0203269849483571,0.0120497398172617,146.05236033807464
0.9000000000000004,0.035,52666.00000000002,0.0203123843168797,0.0119131335954118,130.3236446093589
0.9000000000000004,0.0375,52635.00000000004,0.0201883382624939,0.0118933067563707,128.07668521954238
0.9000000000000004,0.04,52668.00000000005,0.0201133342920177,0.011841111494481,116.84188827045968
0.9000000000000004,0.0425,52660.00000000003,0.020099725476791,0.0117290579657899,101.11317254174398
0.9000000000000004,0.0449999999999999,52684.00000000005,0.0200211937562992,0.0116968388444271,96.6192537621109
0.9000000000000004,0.0474999999999999,52702.00000000002,0.0199922460260094,0.0116275689674847,84.39497010925587
0.9000000000000004,0.0499999999999999,52667.00000000005,0.0199378787910031,0.0115875927756613,78.89095031952178
0.9000000000000004,0.0524999999999999,52721.00000000005,0.019912018310622,0.0115340292416636,66.85219542362402
0.9000000000000004,0.0549999999999999,52708.00000000003,0.0198773180113799,0.0114929861055118,58.31787260358692
0.9000000000000004,0.0574999999999999,52724.00000000005,0.0198503202681826,0.0114621457489523,49.7835497835498
0.9000000000000004,0.06,52711.00000000002,0.0198282523788272,0.011430889502436,41.24922696351268
0.9000000000000004,0.0625,52722.00000000003,0.0198030785186884,0.0114161908624998,32.71490414347558
0.9000000000000004,0.065,52711.00000000005,0.0197985504272041,0.0113913525584936,21.335807050092757
0.9000000000000004,0.0675,52680.00000000003,0.0197920950588094,0.0113789195244171,12.801484230055678
0.9000000000000004,0.07,52680.00000000005,0.0197898109191474,0.0113717723985409,4.0404040404040416
0.9000000000000004,0.0725,52658.00000000002,0.0197916251641727,0.0113710377383236,-4.0404040404040416
0.9000000000000004,0.075,52679.00000000003,0.0198022223074481,0.0113740269752977,-12.801484230055678
0.9000000000000004,0.0774999999999999,52678.00000000005,0.0198150294122787,0.0113811927242865,-21.335807050092757
0.9000000000000004,0.0799999999999999,52675.00000000002,0.0198342412213784,0.0113932289023051,-32.71490414347558
0.9000000000000004,0.0824999999999999,52679.00000000003,0.019858626764904,0.0114117898884482,-41.24922696351268
0.9000000000000004,0.0849999999999999,52715.00000000005,0.0198871299284696,0.0114356586138067,-49.7835497835498
0.9000000000000004,0.0875,52672.00000000002,0.0199181024181786,0.0114644480438018,-58.31787260358692
0.9000000000000004,0.09,52731.00000000003,0.0199692202526579,0.0114873539483503,-69.6969696969697
0.9000000000000004,0.0925,52739.00000000005,0.0200066685518084,0.0115355747610625,-75.38651824366111
0.9000000000000004,0.095,52735.00000000002,0.0200543689693419,0.0115788648221125,-84.39497010925587
0.9000000000000004,0.0975,52726.00000000003,0.020114526327413,0.0116250877175494,-94.3722943722944
0.9000000000000004,0.1,52733.00000000005,0.0201761454940464,0.0116775445186992,-103.36013193156052
1.0,-0.1,53513.00000000005,0.0313393695638173,0.0210947727357819,640.3009688723974
1.0,-0.0975,53473.00000000003,0.0310506903851382,0.0208819936286389,625.9121830550403
1.0,-0.095,53437.00000000002,0.0307596859202484,0.020670059259155,625.9121830550403
1.0,-0.0925,53401.00000000005,0.0304644976586299,0.0204598355670627,611.523397237683
1.0,-0.09,53393.00000000003,0.030419579448018,0.0200758866995104,604.3290043290044
1.0,-0.0875,53337.00000000002,0.0298980907007525,0.0200369928285535,597.1346114203258
1.0,-0.085,53289.00000000005,0.0296176888798946,0.01982815760699,582.7458256029685
1.0,-0.0825,53273.00000000003,0.0295697051723508,0.0194480228906806,575.5514326942898
1.0,-0.08,53243.00000000002,0.0290627473916278,0.0194111753840666,566.9140383426097
1.0,-0.0775,53198.00000000005,0.0287955552158915,0.0192039390421316,554.1743970315399
1.0,-0.075,53199.00000000003,0.028522069057235,0.0190011937903329,554.1743970315399
1.0,-0.0725,53147.00000000002,0.0282579503302553,0.0188028811758274,541.4347557204701
1.0,-0.07,53112.00000000003,0.0279935216288894,0.0186001422006591,528.6951144094
1.0,-0.0675,53079.00000000003,0.0277286933214171,0.018399484790684,528.6951144094
1.0,-0.065,53073.00000000003,0.0274785716266796,0.0181982102839391,515.9554730983302
1.0,-0.0625,53055.00000000003,0.0272249259007662,0.0180023591098698,503.2158317872604
1.0,-0.06,53015.00000000002,0.0267945188711614,0.0179453092705499,496.8460111317254
1.0,-0.0575,52991.00000000003,0.0265729149945525,0.0177317130004743,487.9818594104309
1.0,-0.055,52961.00000000003,0.0263274510544606,0.0175365511957255,476.89136260564834
1.0,-0.0525,52934.00000000003,0.0262435335079144,0.0172221906707746,471.34611420325706
1.0,-0.05,52943.00000000003,0.0260098619230397,0.0170301750542446,460.25561739847456
1.0,-0.0475,52901.00000000002,0.0257784768737267,0.0168425717094585,449.16512059369205
1.0,-0.045,52887.00000000005,0.0254051921106628,0.0167728162257728,443.6198721913008
1.0,-0.0425,52893.00000000003,0.0251801842233314,0.0165843123522761,432.5293753865183
1.0,-0.04,52839.00000000005,0.0249695780387765,0.0163983053391653,421.43887858173576
1.0,-0.0375,52812.00000000003,0.0247543602519436,0.0162156959411335,421.43887858173576
1.0,-0.035,52777.00000000002,0.0246823648113203,0.0159170407484153,405.50401978973406
1.0,-0.0325,52746.00000000003,0.0243566954709248,0.0158405101222088,396.5367965367965
1.0,-0.03,52767.00000000002,0.024157792424214,0.0156641527422701,387.0954442383013
1.0,-0.0275,52734.00000000005,0.0239560487449494,0.0154904336903218,387.0954442383013
1.0,-0.025,52691.00000000003,0.023660367542671,0.0154094248435995,372.93341579055857
1.0,-0.0225,52689.00000000005,0.0235705697736017,0.0151488554949342,368.212739641311
1.0,-0.02,52679.00000000003,0.0234877331992302,0.0148948201371981,354.0507111935683
1.0,-0.0175,52712.00000000005,0.0233040334737382,0.0147289341486876,344.6093588950731
1.0,-0.015,52694.00000000003,0.0231237305284492,0.0145683181450954,335.1680065965779
1.0,-0.0124999999999999,52696.00000000005,0.0229136001670687,0.0144525800270974,327.437641723356
1.0,-0.01,52670.00000000003,0.0227063306696231,0.0143270598638368,319.48051948051955
1.0,-0.0075,52657.00000000005,0.022544958428921,0.0141744057680321,311.6883116883118
1.0,-0.005,52666.00000000003,0.0223879569949225,0.0140263026810991,296.10389610389615
1.0,-0.0025,52659.00000000005,0.0221643672908584,0.0139425861249006,292.20779220779224
1.0,0.0,52654.00000000003,0.0220838777417375,0.0137339169504197,280.51948051948057
1.0,0.0025,52636.00000000005,0.0218725967085628,0.0136559328313419,276.6233766233767
1.0,0.0049999999999999,52623.00000000005,0.0217978996397741,0.0134588237413797,264.935064935065
1.0,0.0074999999999999,52625.00000000005,0.0216665637535253,0.0133234926608395,257.1428571428572
1.0,0.0099999999999999,52622.00000000003,0.0215552835893614,0.0131784090418869,243.86724386724387
1.0,0.0124999999999999,52653.00000000005,0.0213293446224714,0.0131453131545299,239.5794681508967
1.0,0.015,52597.00000000003,0.0212094797035116,0.0130204245827809,233.43640486497628
1.0,0.0175,52613.00000000005,0.0210970881749203,0.0128981608191622,221.15027829313544
1.0,0.0199999999999999,52592.00000000003,0.0210670474299782,0.012707371805086,208.86415172129452
1.0,0.0224999999999999,52593.00000000005,0.0209190035843116,0.0126343942383632,199.64955679241396
1.0,0.0249999999999999,52580.00000000003,0.0207838109738806,0.0125637726697309,196.5780251494537
1.0,0.0274999999999999,52573.00000000005,0.0207216297159603,0.0124258595564411,181.22036693465265
1.0,0.03,52621.00000000002,0.0206657270961411,0.012296855594615,172.005772005772
1.0,0.0325,52574.00000000005,0.0205145427491829,0.0122622699121129,167.53246753246748
1.0,0.035,52603.00000000002,0.0204526470133413,0.0121492659986814,152.79323850752422
1.0,0.0375,52596.00000000003,0.0203752260374967,0.0120661956109274,143.8054009482581
1.0,0.04,52606.00000000005,0.0203061153505562,0.0119892891263187,134.81756338899197
1.0,0.0425,52565.00000000003,0.0202380689866952,0.0119095395292944,125.82972582972585
1.0,0.0449999999999999,52625.00000000005,0.020174062733932,0.011841476528709,116.84188827045968
1.0,0.0474999999999999,52622.00000000002,0.0201158004473271,0.011776617511024,107.85405071119357
1.0,0.0499999999999999,52627.00000000005,0.020060811357135,0.0117128728693824,98.86621315192744
1.0,0.0524999999999999,52624.00000000005,0.02002730216088,0.011645009129993,87.63141620284478
1.0,0.0549999999999999,52638.00000000003,0.01996371521745,0.0116145642287608,82.56029684601117
1.0,0.0574999999999999,52681.00000000005,0.0199244182152805,0.0115692879158614,72.54174397031541
1.0,0.06,52663.00000000002,0.0199020833122345,0.0115165330678069,61.16264687693261
1.0,0.0625,52689.00000000005,0.0198771747947535,0.0114811227823095,52.62832405689551
1.0,0.065,52640.00000000005,0.0198554041484163,0.0114504468883111,44.09400123685839
1.0,0.0675,52682.00000000003,0.0198338561781055,0.0114310104877665,34.13729128014843
1.0,0.07,52658.00000000003,0.0198207425815617,0.0114106518973245,25.602968460111317
1.0,0.0725,52634.00000000002,0.0198104198374233,0.0113939823074926,18.491032776747048
1.0,0.075,52625.00000000003,0.0198089500689845,0.011383327688358,7.1119356833642655
1.0,0.0774999999999999,52664.00000000005,0.0198109432031589,0.0113803407545456,-2.0202020202020208
1.0,0.0799999999999999,52635.00000000002,0.0198193539832907,0.0113820635931491,-9.956709956709972
1.0,0.0824999999999999,52646.00000000003,0.0198317135244569,0.0113832822295765,-19.9134199134199
1.0,0.0849999999999999,52649.00000000005,0.0198481444417547,0.011394878558326,-28.44774273345702
1.0,0.0875,52634.00000000002,0.0198734425506626,0.011406421532616,-35.559678416821285
1.0,0.09,52634.00000000003,0.0198986363302567,0.0114351530999497,-46.938775510204096
1.0,0.0925,52639.00000000005,0.0199224248570035,0.0114628649612323,-55.473098330241214
1.0,0.095,52654.00000000002,0.0199634751223448,0.0114950639014378,-64.00742115027832
1.0,0.0975,52663.00000000003,0.0200183741818031,0.0115179401119404,-75.38651824366111
1.0,0.1,52624.00000000005,0.020080711934683,0.0115419467521496,-82.56029684601117
1.1000000000000003,-0.1,53387.00000000005,0.0322368615376851,0.0213868396817985,657.555143269429
1.1000000000000003,-0.0975,53373.00000000003,0.0317505806137961,0.0213003744555457,654.1743970315398
1.1000000000000003,-0.095,53318.00000000002,0.0313603704407556,0.0211580282268146,640.3009688723974
1.1000000000000003,-0.0925,53313.00000000005,0.0313083425641417,0.0207692346606391,633.1065759637188
1.1000000000000003,-0.09,53265.00000000003,0.0307761228368522,0.0207321431767889,625.9121830550403
1.1000000000000003,-0.0875,53241.00000000002,0.0304924928780943,0.0205218949668343,611.523397237683
1.1000000000000003,-0.085,53218.00000000005,0.0304427072717867,0.0201384410195084,604.3290043290044
1.1000000000000003,-0.0825,53157.00000000003,0.0299223726069494,0.0201014326257954,597.1346114203258
1.1000000000000003,-0.08,53137.00000000002,0.0296433386316592,0.0198911107296887,582.7458256029685
1.1000000000000003,-0.0775,53129.00000000005,0.0293625299865255,0.0196828602381321,582.7458256029685
1.1000000000000003,-0.075,53090.00000000003,0.0290906368740057,0.0194718678646689,576.4790764790766
1.1000000000000003,-0.0725,53084.00000000002,0.0288158751233047,0.0192678092147345,566.9140383426097
1.1000000000000003,-0.07,53070.00000000003,0.0285488909032447,0.0190638399615434,554.1743970315399
1.1000000000000003,-0.0675,53055.00000000003,0.0282818637479623,0.0188600667013632,541.4347557204701
1.1000000000000003,-0.065,52970.00000000005,0.0280183928872328,0.0186578810342999,541.4347557204701
1.1000000000000003,-0.0625,52929.00000000003,0.0277543226836641,0.0184563009618462,528.6951144094
1.1000000000000003,-0.06,52949.00000000002,0.027502309224825,0.0182554185155997,515.9554730983302
1.1000000000000003,-0.0575,52895.00000000003,0.02724699812464,0.0180598815883518,503.2158317872604
1.1000000000000003,-0.055,52890.00000000003,0.0269958615689549,0.0178591486660812,503.2158317872604
1.1000000000000003,-0.0525,52859.00000000005,0.0267498388677327,0.0176625590946006,493.5271078128221
1.1000000000000003,-0.05,52825.00000000003,0.026503042061837,0.017468760642816,482.4366110080396
1.1000000000000003,-0.0475,52795.00000000002,0.0262576055750154,0.0172782202663832,471.34611420325706
1.1000000000000003,-0.045,52791.00000000003,0.026022665008509,0.0170860563360955,460.25561739847456
1.1000000000000003,-0.0425,52772.00000000003,0.0256432818388345,0.0170143542057052,454.7103689960833
1.1000000000000003,-0.04,52737.00000000005,0.0254158855205159,0.0168280933958285,443.6198721913008
1.1000000000000003,-0.0375,52702.00000000003,0.0253357187242041,0.0165208748943235,438.0746237889096
1.1000000000000003,-0.035,52674.00000000002,0.0251143745788851,0.0163392668302291,426.984126984127
1.1000000000000003,-0.0325,52641.00000000005,0.0249008399282809,0.0161580093235556,415.8936301793445
1.1000000000000003,-0.03,52629.00000000002,0.0246861632044971,0.015972392955441,404.803133374562
1.1000000000000003,-0.0275,52604.00000000005,0.0244752670129452,0.0158019652437047,401.257472686044
1.1000000000000003,-0.025,52605.00000000003,0.0242709819535103,0.0156243397971604,391.8161203875489
1.1000000000000003,-0.0225,52577.00000000005,0.0240689076476876,0.0154510881657605,382.37476808905376
1.1000000000000003,-0.02,52561.00000000003,0.0238698372795068,0.0152793151756738,372.93341579055857
1.1000000000000003,-0.0175,52557.00000000005,0.0236762168914569,0.0151134919021913,363.4920634920634
1.1000000000000003,-0.015,52559.00000000003,0.0234903026496294,0.0149457882845187,354.0507111935683
1.1000000000000003,-0.0124999999999999,52536.00000000005,0.0233075113750974,0.0147803856806026,344.6093588950731
1.1000000000000003,-0.01,52501.00000000003,0.0231234946188282,0.0146198439492297,335.1680065965779
1.1000000000000003,-0.0075,52519.00000000005,0.0228506989337678,0.0145448807036583,330.4473304473304
1.1000000000000003,-0.005,52511.00000000003,0.0227043236637434,0.0143771974719919,319.48051948051955
1.1000000000000003,-0.0025,52478.00000000005,0.0225396568477154,0.0142203817616315,311.6883116883118
1.1000000000000003,0.0,52494.00000000005,0.0224538215732705,0.0140085946132052,300.00000000000006
1.1000000000000003,0.0025,52453.00000000005,0.0222973743846239,0.0138624219576336,292.2077922077923
1.1000000000000003,0.0049999999999999,52437.00000000005,0.0221390812470173,0.0137189691071265,284.4155844155845
1.1000000000000003,0.0074999999999999,52435.00000000005,0.0219305114964679,0.0136410175183451,272.7272727272728
1.1000000000000003,0.0099999999999999,52436.00000000003,0.0217875538123995,0.0135020996384998,264.935064935065
1.1000000000000003,0.0124999999999999,52434.00000000005,0.0217132904195217,0.0133109292936707,253.2467532467533
1.1000000000000003,0.015,52456.00000000003,0.0214906019926497,0.0132672706545354,247.3510616367759
1.1000000000000003,0.0175,52468.00000000005,0.0214073199856467,0.013100243307441,239.57946815089676
1.1000000000000003,0.0199999999999999,52439.00000000003,0.0212874349697975,0.0129785653431461,227.29334157905583
1.1000000000000003,0.0224999999999999,52437.00000000005,0.0211663164618626,0.0128595666166661,221.1502782931354
1.1000000000000003,0.0249999999999999,52437.00000000003,0.0210135545315235,0.0127847770408563,211.9356833642548
1.1000000000000003,0.0274999999999999,52415.00000000005,0.0209437706144341,0.0126356115365835,202.72108843537416
1.1000000000000003,0.03,52415.00000000002,0.0208044423702014,0.0125646120500409,193.50649350649348
1.1000000000000003,0.0325,52422.00000000005,0.0207436726468376,0.01242709059587,184.29189857761284
1.1000000000000003,0.035,52411.00000000002,0.020620938710131,0.0123593726940114,175.07730364873223
1.1000000000000003,0.0375,52435.00000000003,0.0205544810492899,0.0122398250141958,162.21397649969074
1.1000000000000003,0.04,52443.00000000005,0.0204652265763922,0.0121601927673413,159.53411667697384
1.1000000000000003,0.0425,52448.00000000003,0.0203877326799606,0.0120786315063727,146.05236033807464
1.1000000000000003,0.0449999999999999,52455.00000000005,0.0202977196649081,0.0120177549613454,139.31148216862505
1.1000000000000003,0.0474999999999999,52450.00000000002,0.0202424908832123,0.0119211862972806,128.07668521954236
1.1000000000000003,0.0499999999999999,52458.00000000004,0.0201778476209829,0.011852231527503,119.08884766027624
1.1000000000000003,0.0524999999999999,52456.00000000005,0.0201197784873666,0.0117861780016726,110.1010101010101
1.1000000000000003,0.0549999999999999,52476.00000000003,0.0200479949626756,0.0117394208009476,98.86621315192744
1.1000000000000003,0.0574999999999999,52501.00000000005,0.0200277557126842,0.0116577508897014,94.3722943722944
1.1000000000000003,0.06,52507.00000000002,0.0199827637580833,0.0116086577016368,84.39497010925587
1.1000000000000003,0.0625,52546.00000000005,0.0199254022873725,0.0115784525954749,72.54174397031541
1.1000000000000003,0.065,52537.00000000005,0.0198915112773286,0.0115373678014818,64.00742115027832
1.1000000000000003,0.0675,52533.00000000003,0.0198496861401083,0.01151008908976,58.31787260358692
1.1000000000000003,0.07,52532.00000000005,0.0198370665109847,0.0114697271049185,46.938775510204096
1.1000000000000003,0.0725,52527.00000000002,0.0198172217147617,0.0114442930399927,38.40445269016698
1.1000000000000003,0.075,52491.00000000003,0.0197989358668624,0.011424683549833,28.44774273345702
1.1000000000000003,0.0774999999999999,52498.00000000003,0.0197950237711164,0.0114036200916194,18.491032776747048
1.1000000000000003,0.0799999999999999,52523.00000000002,0.0197927885566809,0.011396849904279,9.956709956709972
1.1000000000000003,0.0824999999999999,52521.00000000003,0.019793395459479,0.0113896799523816,2.0202020202020208
1.1000000000000003,0.0849999999999999,52497.00000000005,0.0197977365420698,0.0113918124653285,-7.1119356833642655
1.1000000000000003,0.0875,52525.00000000002,0.0198133952077153,0.0113936225753968,-15.64625850340134
1.1000000000000003,0.09,52507.00000000003,0.0198298965934248,0.0114029192195617,-24.18058132343846
1.1000000000000003,0.0925,52505.00000000005,0.0198518619790969,0.0114122833249446,-34.13729128014843
1.1000000000000003,0.095,52529.00000000002,0.0198890455692561,0.01142738781747,-41.24922696351268
1.1000000000000003,0.0975,52511.00000000003,0.0199084217612045,0.0114599964891996,-52.62832405689551
1.1000000000000003,0.1,52507.00000000005,0.0199477672587007,0.0114883797557689,-61.16264687693261
1.2000000000000002,-0.1,53237.00000000005,0.0326213687845326,0.0220855860931092,681.6120387548958
1.2000000000000002,-0.0975,53230.00000000003,0.0325970379254079,0.0216692251911038,673.5930735930735
1.2000000000000002,-0.095,53191.00000000002,0.0320217396146033,0.0216512290216923,665.5741084312513
1.2000000000000002,-0.0925,53166.00000000005,0.0318217929128598,0.0213667086917573,654.1743970315398
1.2000000000000002,-0.09,53138.00000000003,0.0316763925617622,0.0210433512622529,647.4953617810761
1.2000000000000002,-0.0875,53111.00000000002,0.0311369802134455,0.0210074839537946,640.3009688723974
1.2000000000000002,-0.085,53082.00000000005,0.0308464750009235,0.0207956838181713,625.9121830550403
1.2000000000000002,-0.0825,53056.00000000003,0.0307955446340599,0.0204114995170515,618.7177901463615
1.2000000000000002,-0.08,52999.00000000002,0.0302716367803051,0.0203746021155367,611.523397237683
1.2000000000000002,-0.0775,52977.00000000003,0.0299902889611633,0.0201623598860633,597.1346114203258
1.2000000000000002,-0.075,52937.00000000003,0.0297063330364429,0.0199553684110672,597.1346114203258
1.2000000000000002,-0.0725,52907.00000000002,0.0294288318550174,0.019743349420572,582.7458256029685
1.2000000000000002,-0.07,52899.00000000003,0.0291608690736713,0.0195365231133559,568.3570397856113
1.2000000000000002,-0.0675,52882.00000000002,0.0288851519763268,0.019330778959598,566.9140383426097
1.2000000000000002,-0.065,52845.00000000005,0.0286202719068043,0.0191243562215239,554.1743970315399
1.2000000000000002,-0.0625,52803.00000000003,0.0281588932445551,0.0190697132620467,547.804576376005
1.2000000000000002,-0.06,52783.00000000002,0.0280945733282157,0.0187195926813464,541.4347557204701
1.2000000000000002,-0.0575,52758.00000000005,0.0278331129425407,0.0185190534689311,528.6951144094
1.2000000000000002,-0.055,52719.00000000003,0.0273924661140319,0.0184605219276244,522.3252937538653
1.2000000000000002,-0.0525,52695.00000000005,0.0273250188769189,0.0181173104990098,515.9554730983302
1.2000000000000002,-0.05,52666.00000000003,0.0270736330051514,0.0179182630107739,503.2158317872604
1.2000000000000002,-0.0475,52645.00000000002,0.0268218990205648,0.0177214011001425,490.4761904761905
1.2000000000000002,-0.045,52647.00000000003,0.0265768594582173,0.0175271486885006,482.4366110080396
1.2000000000000002,-0.0425,52606.00000000003,0.0261838625355884,0.0174544685026126,476.89136260564834
1.2000000000000002,-0.04,52556.00000000005,0.0259542367267481,0.0172623238797821,465.8008658008658
1.2000000000000002,-0.0375,52543.00000000003,0.0258706905305025,0.0169509143906142,460.25561739847456
1.2000000000000002,-0.035,52546.00000000002,0.0256395344462387,0.0167664849664882,449.16512059369205
1.2000000000000002,-0.0325,52535.00000000003,0.0254151817368125,0.0165790301361624,438.0746237889096
1.2000000000000002,-0.03,52512.00000000002,0.0250499010191832,0.016507972535468,432.5293753865183
1.2000000000000002,-0.0275,52476.00000000005,0.0249843267208882,0.0162105970999802,415.8936301793445
1.2000000000000002,-0.025,52456.00000000002,0.0244978825950344,0.0162570584920543,415.8936301793445
1.2000000000000002,-0.0225,52432.00000000005,0.0245587750068168,0.015852844928889,401.257472686044
1.2000000000000002,-0.02,52444.00000000003,0.0243508526194178,0.0156793378058585,391.8161203875489
1.2000000000000002,-0.0175,52406.00000000005,0.0240412743541546,0.0155953103290804,387.0954442383013
1.2000000000000002,-0.015,52437.00000000003,0.0238492590414826,0.0154208331900934,377.65409193980616
1.2000000000000002,-0.0124999999999999,52412.00000000005,0.0236530329670982,0.0152485833205507,368.212739641311
1.2000000000000002,-0.01,52435.00000000003,0.0234731180661397,0.0150832417644124,358.77138734281584
1.2000000000000002,-0.0075,52410.00000000005,0.0232876078584177,0.0149148105854674,349.3300350443207
1.2000000000000002,-0.005,52382.00000000003,0.0231077910670582,0.0147511324699414,339.8886827458255
1.2000000000000002,-0.0025,52388.00000000005,0.0228418723719095,0.0146745771619353,335.168006596578
1.2000000000000002,0.0,52398.00000000003,0.022818500461042,0.0143909648380163,318.8208616780045
1.2000000000000002,0.0025,52378.00000000005,0.0225424098826548,0.014333569672157,315.5844155844157
1.2000000000000002,0.0049999999999999,52333.00000000003,0.0224591452959202,0.0141167643752212,303.896103896104
1.2000000000000002,0.0074999999999999,52302.00000000005,0.0222997995260497,0.0139692292886503,296.10389610389615
1.2000000000000002,0.0099999999999999,52313.00000000003,0.0221481520883417,0.0138257318144071,288.3116883116884
1.2000000000000002,0.0124999999999999,52287.00000000005,0.021935444139202,0.0137422216624133,284.4155844155845
1.2000000000000002,0.015,52264.00000000003,0.0218577851858678,0.0135453025702286,264.935064935065
1.2000000000000002,0.0175,52293.00000000005,0.0217192496724165,0.0134122818821122,257.1428571428572
1.2000000000000002,0.0199999999999999,52304.00000000003,0.0215867544118611,0.0132785391695382,249.3506493506494
1.2000000000000002,0.0224999999999999,52309.00000000005,0.0214298244038779,0.0131826779387968,240.38342609771183
1.2000000000000002,0.0249999999999999,52305.00000000003,0.0213465844672133,0.0130179366883043,233.43640486497628
1.2000000000000002,0.0274999999999999,52313.00000000005,0.0211873431082863,0.0129360034446462,224.2218099360956
1.2000000000000002,0.03,52306.00000000002,0.0211105029874532,0.0127835097267123,215.00721500721505
1.2000000000000002,0.0325,52303.00000000005,0.0209643204163179,0.0127089103765798,205.79262007833435
1.2000000000000002,0.035,52290.00000000002,0.0208952645467851,0.0125667950459783,196.5780251494537
1.2000000000000002,0.0375,52274.00000000004,0.0207640659412178,0.0124981537762962,187.36343022057304
1.2000000000000002,0.04,52284.00000000005,0.0207039522774236,0.0123624696640515,178.14883529169242
1.2000000000000002,0.0425,52316.00000000003,0.0205762773427994,0.0123027758316941,168.93424036281178
1.2000000000000002,0.0449999999999999,52308.00000000005,0.0204679026520937,0.0122358456916198,162.21397649969072
1.2000000000000002,0.0474999999999999,52308.00000000002,0.0204132345834716,0.0121300112761032,152.79323850752422
1.2000000000000002,0.0499999999999999,52309.00000000005,0.0203346631541842,0.0120503677848517,143.8054009482581
1.2000000000000002,0.0524999999999999,52314.00000000005,0.0202846253674677,0.0119505796957731,137.0645227788085
1.2000000000000002,0.0549999999999999,52308.00000000003,0.0201987571753354,0.0118955051253871,125.82972582972585
1.2000000000000002,0.0574999999999999,52289.00000000005,0.0201388669842003,0.0118274895297075,116.84188827045968
1.2000000000000002,0.06,52313.00000000002,0.0200812222904218,0.0117659078616319,107.85405071119357
1.2000000000000002,0.0625,52322.00000000004,0.0200338004202073,0.0117065837842321,98.86621315192744
1.2000000000000002,0.065,52373.00000000005,0.0199765925229522,0.0116655736976293,87.63141620284478
1.2000000000000002,0.0675,52356.00000000003,0.0199520021592707,0.0115969985012537,77.05627705627708
1.2000000000000002,0.07,52378.00000000005,0.0199192222720303,0.0115556548504596,66.85219542362402
1.2000000000000002,0.0725,52350.00000000002,0.0198874724261315,0.0115143243446694,58.31787260358692
1.2000000000000002,0.075,52369.00000000003,0.0198610572659924,0.0114847877870974,49.7835497835498
1.2000000000000002,0.0774999999999999,52321.00000000005,0.0198368441654808,0.0114534713879586,41.24922696351268
1.2000000000000002,0.0799999999999999,52361.00000000002,0.0198165028138385,0.0114398161179103,35.559678416821285
1.2000000000000002,0.0824999999999999,52359.00000000003,0.0198085577627641,0.01141827482366,21.335807050092757
1.2000000000000002,0.0849999999999999,52352.00000000005,0.0198030991181534,0.0114061376893975,14.223871366728504
1.2000000000000002,0.0875,52318.00000000002,0.0198033408055257,0.0113933059965106,4.267161410018559
1.2000000000000002,0.09,52327.00000000003,0.0198090039307187,0.0113922718905204,-4.0404040404040416
1.2000000000000002,0.0925,52323.00000000003,0.0198170673352959,0.0113959963731649,-12.801484230055678
1.2000000000000002,0.095,52348.00000000002,0.0198356665407796,0.011397360860437,-24.18058132343846
1.2000000000000002,0.0975,52338.00000000003,0.0198522357501635,0.0114124415405544,-31.29251700680273
1.2000000000000002,0.1,52330.00000000005,0.0198782287858329,0.0114300720239677,-39.82683982683983
1.3000000000000007,-0.1,52842.00000000005,0.0334457563410908,0.0223890705972613,705.6689342403629
1.3000000000000007,-0.0975,52820.00000000003,0.032860264900575,0.0223724855541491,697.6499690785404
1.3000000000000007,-0.095,52784.00000000002,0.0325623360644375,0.0221539306989908,681.6120387548958
1.3000000000000007,-0.0925,52762.00000000005,0.0325407840609418,0.0217399978829156,673.5930735930735
1.3000000000000007,-0.09,52721.00000000003,0.0319653406622986,0.0217207622782989,665.5741084312513
1.3000000000000007,-0.0875,52719.00000000002,0.031942721269868,0.0213064969445223,657.555143269429
1.3000000000000007,-0.085,52692.00000000005,0.0316224383652706,0.0211140372864356,647.4953617810761
1.3000000000000007,-0.0825,52646.00000000003,0.0310852095956532,0.0210742757420549,640.3009688723974
1.3000000000000007,-0.08,52632.00000000002,0.0310371574971091,0.0206875270208443,633.1065759637188
1.3000000000000007,-0.0775,52584.00000000003,0.0305168304086757,0.0206509544826812,625.9121830550403
1.3000000000000007,-0.075,52557.00000000003,0.0302301029633541,0.0204417402826662,611.523397237683
1.3000000000000007,-0.0725,52533.00000000002,0.0299555992877177,0.0202282236231508,611.523397237683
1.3000000000000007,-0.07,52502.00000000003,0.0296770697534452,0.0200177309920812,597.1346114203258
1.3000000000000007,-0.0675,52491.00000000003,0.0293999354267844,0.0198099210222048,582.7458256029685
1.3000000000000007,-0.065,52465.00000000005,0.0291288573602286,0.0196052071911406,582.7458256029685
1.3000000000000007,-0.0625,52463.00000000003,0.0288586081387231,0.0193959991184809,566.9140383426097
1.3000000000000007,-0.06,52421.00000000002,0.0283996112184049,0.0193401015879501,560.5442176870749
1.3000000000000007,-0.0575,52366.00000000003,0.0283283544056189,0.0189851293421298,554.1743970315399
1.3000000000000007,-0.055,52335.00000000003,0.0280699057355852,0.0187829514903888,541.4347557204701
1.3000000000000007,-0.0525,52312.00000000003,0.0276181272027533,0.0187297318934058,535.0649350649351
1.3000000000000007,-0.05,52311.00000000003,0.0275560617874133,0.0183820977097182,528.6951144094
1.3000000000000007,-0.0475,52302.00000000002,0.0273081646888299,0.0181813919088858,515.9554730983302
1.3000000000000007,-0.045,52290.00000000003,0.0270600914431973,0.0179831659945856,503.2158317872604
1.3000000000000007,-0.0425,52225.00000000003,0.0266393888948491,0.017928783363,496.8460111317254
1.3000000000000007,-0.04,52234.00000000003,0.0266012849329569,0.0175699965910129,488.5178313749743
1.3000000000000007,-0.0375,52208.00000000003,0.0263356642510106,0.0173971377130848,482.4366110080396
1.3000000000000007,-0.035,52190.00000000002,0.0261002834911744,0.0172043197652338,471.34611420325706
1.3000000000000007,-0.0325,52172.00000000003,0.0258723783029528,0.0170148617834244,460.25561739847456
1.3000000000000007,-0.03,52141.00000000002,0.0255008253786073,0.0169426897332093,454.7103689960833
1.3000000000000007,-0.0275,52112.00000000003,0.0252809257664651,0.0167567171475974,443.6198721913008
1.3000000000000007,-0.025,52105.00000000002,0.0250634559817831,0.0165675258443904,432.5293753865183
1.3000000000000007,-0.0225,52098.00000000005,0.0249855722765434,0.0162731951479083,426.984126984127
1.3000000000000007,-0.02,52073.00000000003,0.0247775168676375,0.0160888817138143,415.8936301793445
1.3000000000000007,-0.0175,52057.00000000005,0.0245732356018211,0.0159041968196651,405.50401978973406
1.3000000000000007,-0.015,52042.00000000003,0.0241472573887937,0.0159208713885343,401.2574726860441
1.3000000000000007,-0.0124999999999999,52004.00000000005,0.0240593076305177,0.015650635720957,387.0954442383013
1.3000000000000007,-0.01,51989.00000000003,0.0238650157746798,0.0154774933900658,377.65409193980616
1.3000000000000007,-0.0075,51965.00000000005,0.0236767686715673,0.0153045996950012,368.212739641311
1.3000000000000007,-0.005,51946.00000000003,0.0234905002399946,0.0151357250478774,358.77138734281584
1.3000000000000007,-0.0025,51916.00000000005,0.023307364539196,0.014966134016565,349.3300350443207
1.3000000000000007,0.0,51915.00000000003,0.0232322082487358,0.0147200308545042,344.6093588950731
1.3000000000000007,0.0025,51923.00000000005,0.0229669551460365,0.0146435814075882,339.8886827458255
1.3000000000000007,0.0049999999999999,51887.00000000003,0.0228501582466918,0.0144370662227993,327.437641723356
1.3000000000000007,0.0074999999999999,51905.00000000005,0.0226518813120378,0.0143140814049887,319.48051948051955
1.3000000000000007,0.0099999999999999,51861.00000000003,0.0223523233849602,0.0142942583759434,311.6883116883118
1.3000000000000007,0.0124999999999999,51867.00000000005,0.0222665209163154,0.0140777032129149,307.7922077922079
1.3000000000000007,0.015,51811.00000000003,0.022187058199985,0.0138674640772844,288.3116883116884
1.3000000000000007,0.0175,51839.00000000005,0.0220434969616863,0.0137238496522634,280.51948051948057
1.3000000000000007,0.0199999999999999,51820.00000000003,0.0218979418767401,0.0135844945396499,272.7272727272728
1.3000000000000007,0.0224999999999999,51835.00000000005,0.0217583373408232,0.0134489909791762,264.935064935065
1.3000000000000007,0.0249999999999999,51828.00000000003,0.0215661143798256,0.0133726558708014,261.0389610389611
1.3000000000000007,0.0274999999999999,51852.00000000005,0.0214210746765671,0.0132640396212666,250.834879406308
1.3000000000000007,0.03,51853.00000000002,0.0213429809262639,0.013090099714925,236.5079365079365
1.3000000000000007,0.0325,51848.00000000005,0.0212699247084667,0.0129281440785363,227.29334157905583
1.3000000000000007,0.035,51876.00000000002,0.0211100171272948,0.012853415099703,218.0787466501752
1.3000000000000007,0.0375,51874.00000000003,0.0210420138405546,0.0127005560510217,208.86415172129452
1.3000000000000007,0.04,51850.00000000005,0.0208268872132783,0.0127031415112175,205.79262007833435
1.3000000000000007,0.0425,51857.00000000003,0.0208352604271421,0.0124897005535945,190.4349618635333
1.3000000000000007,0.0449999999999999,51832.00000000005,0.0206774192740684,0.0124546880976054,184.29189857761284
1.3000000000000007,0.0474999999999999,51838.00000000002,0.0206197757984835,0.0123249721754414,175.07730364873223
1.3000000000000007,0.0499999999999999,51855.00000000005,0.0205310268688591,0.012233318896828,164.8732220160791
1.3000000000000007,0.0524999999999999,51835.00000000005,0.0204293973702721,0.0121704664883845,156.895485466914
1.3000000000000007,0.0549999999999999,51846.00000000003,0.0203186432711259,0.0121309314226448,150.5462791177077
1.3000000000000007,0.0574999999999999,51848.00000000005,0.0203033754428724,0.0119929478639919,134.81756338899197
1.3000000000000007,0.06,51852.00000000002,0.0202330296318169,0.0119145671499765,125.82972582972585
1.3000000000000007,0.0625,51820.00000000004,0.020170850777279,0.0118471641624215,116.84188827045968
1.3000000000000007,0.065,51827.00000000005,0.0200965273747933,0.0117974763331549,110.1010101010101
1.3000000000000007,0.0675,51842.00000000002,0.0200343182696123,0.0117521095549453,98.86621315192744
1.3000000000000007,0.07,51866.00000000005,0.0200119713402113,0.011670721512841,89.87837559266131
1.3000000000000007,0.0725,51856.00000000002,0.0199630489004229,0.01162513258547,82.56029684601117
1.3000000000000007,0.075,51854.00000000003,0.0199397003546728,0.0115639341167127,73.96413110698826
1.3000000000000007,0.0774999999999999,51877.00000000005,0.0198922909371061,0.0115367302330136,62.585034013605465
1.3000000000000007,0.0799999999999999,51880.00000000002,0.0198695531699609,0.0114974369556379,52.62832405689551
1.3000000000000007,0.0824999999999999,51860.00000000003,0.0198485529486203,0.0114679352954854,44.09400123685839
1.3000000000000007,0.0849999999999999,51887.00000000005,0.0198245206958225,0.0114510855917768,32.71490414347558
1.3000000000000007,0.0875,51869.00000000002,0.0198167175820338,0.0114248253718764,27.025355596784166
1.3000000000000007,0.09,51856.00000000003,0.0198033697456092,0.0114113547170594,18.491032776747048
1.3000000000000007,0.0925,51869.00000000005,0.0198024219036136,0.0114039335098779,8.534322820037119
1.3000000000000007,0.095,51838.00000000002,0.0198037414664255,0.0113980595187828,1.0101010101010104
1.3000000000000007,0.0975,51831.00000000003,0.0198086236372798,0.011402976794764,-9.956709956709972
1.3000000000000007,0.1,51838.00000000005,0.0198180787462414,0.0114064307907079,-18.491032776747048
1.4000000000000004,-0.1,52187.00000000005,0.0336136909652419,0.0231008348089783,729.7258297258297
1.4000000000000004,-0.0975,52146.00000000003,0.0333166577098612,0.0228821837750137,713.6878994021852
1.4000000000000004,-0.095,52146.00000000002,0.0332908487355051,0.022461846963205,705.6689342403629
1.4000000000000004,-0.0925,52089.00000000003,0.0327138632505147,0.0224426245605022,697.6499690785404
1.4000000000000004,-0.09,52075.00000000003,0.0326944279381706,0.0220265166526135,689.6310039167181
1.4000000000000004,-0.0875,52023.00000000002,0.0321261183049874,0.0220064705563805,681.6120387548958
1.4000000000000004,-0.085,52008.00000000003,0.032101024954178,0.0215937363315083,673.5930735930735
1.4000000000000004,-0.0825,51978.00000000003,0.0315439787900863,0.0215744297023753,665.5741084312513
1.4000000000000004,-0.08,51917.00000000002,0.0313429538502434,0.0212878107831303,654.1743970315398
1.4000000000000004,-0.0775,51917.00000000003,0.0309675604369336,0.0211437613454023,640.3009688723974
1.4000000000000004,-0.075,51882.00000000003,0.0306849238405616,0.0209300136146105,640.3009688723974
1.4000000000000004,-0.0725,51876.00000000002,0.0304056314943861,0.0207166757751306,625.9121830550403
1.4000000000000004,-0.07,51861.00000000003,0.0303555478322206,0.0203327416258902,618.7177901463615
1.4000000000000004,-0.0675,51830.00000000002,0.0298490396121105,0.0202977369972714,611.523397237683
1.4000000000000004,-0.065,51807.00000000005,0.0295765298164862,0.0200882683127098,597.1346114203258
1.4000000000000004,-0.0625,51739.00000000003,0.0290794377134796,0.0200484971333537,589.9402185116471
1.4000000000000004,-0.06,51738.00000000002,0.029037905222583,0.0196696206565104,582.7458256029685
1.4000000000000004,-0.0575,51729.00000000003,0.0287737361504412,0.0194650397800839,576.4790764790765
1.4000000000000004,-0.055,51696.00000000003,0.0285134838625354,0.019255058977704,566.9140383426097
1.4000000000000004,-0.0525,51683.00000000005,0.0282482101332999,0.0190505302412962,554.1743970315399
1.4000000000000004,-0.05,51695.00000000003,0.0279939294459305,0.0188483459660036,541.4347557204701
1.4000000000000004,-0.0475,51639.00000000002,0.0277404570930042,0.0186449774873788,541.4347557204701
1.4000000000000004,-0.045,51612.00000000003,0.0274903830333326,0.0184434463924285,528.6951144094
1.4000000000000004,-0.0425,51621.00000000003,0.0272396118541563,0.0182431809500339,515.9554730983302
1.4000000000000004,-0.04,51568.00000000003,0.0268216061483468,0.0181887321440574,509.5856524427954
1.4000000000000004,-0.0375,51571.00000000003,0.0267574100572915,0.0178490167131272,503.2158317872604
1.4000000000000004,-0.035,51525.00000000002,0.0263796902152995,0.0177650116290185,494.47536590393736
1.4000000000000004,-0.0325,51526.00000000003,0.026288537517448,0.0174580623384614,482.4366110080396
1.4000000000000004,-0.03,51498.00000000002,0.0259087397254855,0.0173860442044159,476.89136260564834
1.4000000000000004,-0.0275,51484.00000000003,0.0256841093171439,0.0171939316311501,465.8008658008658
1.4000000000000004,-0.025,51457.00000000003,0.0254649998562238,0.0170008450575385,454.7103689960833
1.4000000000000004,-0.0225,51467.00000000003,0.0253909204316036,0.0166973236683868,449.16512059369205
1.4000000000000004,-0.02,51443.00000000003,0.0251742594812415,0.016508701128169,438.0746237889096
1.4000000000000004,-0.0175,51416.00000000003,0.0248263368804166,0.0164381274619668,432.5293753865183
1.4000000000000004,-0.015,51403.00000000003,0.0246149236240676,0.0162593236573255,421.43887858173576
1.4000000000000004,-0.0124999999999999,51363.00000000005,0.0243122880223166,0.0161675673625419,415.7699443413729
1.4000000000000004,-0.01,51349.00000000003,0.0242415595056635,0.0158764545600803,405.9781488352916
1.4000000000000004,-0.0075,51310.00000000005,0.024147720595624,0.0156070893290248,391.8161203875489
1.4000000000000004,-0.005,51311.00000000003,0.0239532532990594,0.0154353879353282,382.37476808905376
1.4000000000000004,-0.0025,51273.00000000005,0.0237691638318055,0.0152618482306961,372.93341579055857
1.4000000000000004,0.0,51234.00000000003,0.0234833440407859,0.0151820607904409,368.212739641311
1.4000000000000004,0.0025,51232.00000000005,0.023300263717333,0.0150126631736963,358.77138734281584
1.4000000000000004,0.0049999999999999,51244.00000000003,0.0231291371530732,0.014848403365334,349.3300350443207
1.4000000000000004,0.0074999999999999,51231.00000000005,0.0229631066972249,0.0146855539821878,339.8886827458255
1.4000000000000004,0.0099999999999999,51230.00000000003,0.0228452467705472,0.0144808166615013,327.437641723356
1.4000000000000004,0.0124999999999999,51199.00000000005,0.0226004434602756,0.0143976991341456,323.12925170068024
1.4000000000000004,0.015,51172.00000000003,0.022488766535673,0.0141982927360199,311.6883116883118
1.4000000000000004,0.0175,51173.00000000005,0.0223339093366894,0.0140497222588201,303.896103896104
1.4000000000000004,0.0199999999999999,51136.00000000003,0.0221198985871307,0.0139669170190135,292.20779220779224
1.4000000000000004,0.0224999999999999,51097.00000000005,0.0219122718186374,0.0138820560598916,288.3116883116884
1.4000000000000004,0.0249999999999999,51117.00000000003,0.0217782878878277,0.0137369100967029,280.5194805194806
1.4000000000000004,0.0274999999999999,51117.00000000005,0.021764084761757,0.0134787620404892,264.935064935065
1.4000000000000004,0.03,51113.00000000002,0.0216314551535393,0.0133458828908058,257.1428571428572
1.4000000000000004,0.0325,51130.00000000005,0.0214725502170445,0.0132417626653094,247.3510616367759
1.4000000000000004,0.035,51169.00000000002,0.0213534792496684,0.0131154848060986,240.38342609771183
1.4000000000000004,0.0375,51138.00000000003,0.0212364315232111,0.0129952282824863,230.3648732220161
1.4000000000000004,0.04,51154.00000000005,0.0211623671943629,0.0128352838700708,221.1502782931354
1.4000000000000004,0.0425,51166.00000000003,0.0209411428152508,0.0128375738214533,218.0787466501752
1.4000000000000004,0.0449999999999999,51158.00000000005,0.0209115863267562,0.0126471886172221,199.64955679241396
1.4000000000000004,0.0474999999999999,51133.00000000002,0.0207784351594561,0.0125781481622739,196.5780251494537
1.4000000000000004,0.0499999999999999,51102.00000000004,0.0207527651896278,0.0124035178837063,184.29189857761284
1.4000000000000004,0.0524999999999999,51128.00000000005,0.0206010374367525,0.0123726398495457,178.14883529169242
1.4000000000000004,0.0549999999999999,51117.00000000003,0.0205658085633025,0.0122179360091943,167.53246753246748
1.4000000000000004,0.0574999999999999,51123.00000000005,0.0204621200960333,0.0121552984674272,159.55473098330236
1.4000000000000004,0.06,51104.00000000002,0.0203865250005223,0.0120761098953638,148.29931972789117
1.4000000000000004,0.0625,51111.00000000004,0.0203126152313554,0.0119976637715796,139.31148216862505
1.4000000000000004,0.065,51119.00000000005,0.020246844667493,0.011919793896893,130.3236446093589
1.4000000000000004,0.0675,51118.00000000003,0.0202011888488354,0.0118336920217494,119.08884766027624
1.4000000000000004,0.07,51118.00000000004,0.020132751706916,0.0117826846161967,112.34796949082664
1.4000000000000004,0.0725,51090.00000000002,0.0200733488154223,0.0117245817615491,103.36013193156052
1.4000000000000004,0.075,51123.00000000003,0.0200273629219519,0.0116696478040732,94.3722943722944
1.4000000000000004,0.0774999999999999,51120.00000000005,0.0199885723569894,0.0116102078027285,88.06431663574526
1.4000000000000004,0.0799999999999999,51141.00000000002,0.0199256846959343,0.0115927458018686,75.22160379303239
1.4000000000000004,0.0824999999999999,51157.00000000003,0.0199232628161175,0.0115185213897207,68.27458256029688
1.4000000000000004,0.0849999999999999,51152.00000000005,0.0198685281183432,0.0115051252199874,54.05071119356836
1.4000000000000004,0.0875,51142.00000000002,0.0198611845854265,0.0114587808499931,46.938775510204096
1.4000000000000004,0.09,51140.00000000003,0.0198349231172299,0.0114414952537801,41.24922696351268
1.4000000000000004,0.0925,51143.00000000003,0.0198217242886719,0.011420068885164,27.025355596784166
1.4000000000000004,0.095,51148.00000000002,0.0198144328884704,0.0114011121033418,19.9134199134199
1.4000000000000004,0.0975,51143.00000000003,0.0198121532578502,0.0113916581521832,12.80148423005565
1.4000000000000004,0.1,51135.00000000005,0.0198086898010028,0.0113846983029387,3.030303030303031
1.5,-0.1,51401.00000000003,0.0343145959365477,0.0233814267272512,742.8571428571427
1.5,-0.0975,51403.00000000003,0.0339577738248135,0.0232034806778507,733.5188620902907
1.5,-0.095,51353.00000000002,0.0334094348424406,0.0231651955371462,729.7258297258297
1.5,-0.0925,51342.00000000003,0.0331148074699631,0.022946299506977,713.6878994021852
1.5,-0.09,51310.00000000003,0.0328173082618696,0.0227281259328358,713.6878994021852
1.5,-0.0875,51303.00000000002,0.0327940634094701,0.0223092757072504,705.6689342403629
1.5,-0.085,51274.00000000003,0.0322316456329635,0.0222922432513276,697.6499690785404
1.5,-0.0825,51244.00000000003,0.0319427575664537,0.0220741176049252,681.6120387548958
1.5,-0.08,51222.00000000002,0.0319202499794439,0.0216591149923624,673.5930735930735
1.5,-0.0775,51205.00000000003,0.0313706511678177,0.0216418821795216,665.5741084312513
1.5,-0.075,51188.00000000003,0.0313478725708627,0.0212256469754595,657.555143269429
1.5,-0.0725,51143.00000000002,0.0310366652847207,0.0210358051406426,647.4953617810761
1.5,-0.07,51104.00000000003,0.0305252944166405,0.0209966372474775,640.3009688723974
1.5,-0.0675,51057.00000000003,0.0302531761991054,0.0207836038260498,625.9121830550403
1.5,-0.065,51051.00000000003,0.0299773850896896,0.0205719904726563,625.9121830550403
1.5,-0.0625,51037.00000000003,0.0297087704345397,0.020361975852639,611.523397237683
1.5,-0.06,51009.00000000002,0.0294401730492626,0.0201511384867751,597.1346114203258
1.5,-0.0575,51006.00000000003,0.0291751156336854,0.0199438442238132,597.1346114203258
1.5,-0.055,50945.00000000003,0.0289102450825919,0.0197297021863163,582.7458256029685
1.5,-0.0525,50914.00000000005,0.0284383907358288,0.0196926260627804,575.5514326942898
1.5,-0.05,50924.00000000003,0.0283955724489215,0.0193147976445017,566.9140383426097
1.5,-0.0475,50872.00000000002,0.0281322309389997,0.0191092130041755,554.1743970315399
1.5,-0.045,50845.00000000003,0.0276960505745575,0.0190525111510759,547.804576376005
1.5,-0.0425,50822.00000000003,0.02763432305166,0.0187029313554297,541.4347557204701
1.5,-0.04,50791.00000000003,0.0273903238387106,0.0185014609846124,528.6951144094
1.5,-0.0375,50756.00000000003,0.0269686231874996,0.0184436269022161,522.3252937538653
1.5,-0.035,50749.00000000002,0.0269038618962683,0.0181013950456412,515.9554730983302
1.5,-0.0325,50733.00000000003,0.0266678733284105,0.0179038405249229,503.2158317872604
1.5,-0.03,50691.00000000002,0.0262644777019049,0.0178485858056787,496.8460111317254
1.5,-0.0275,50698.00000000003,0.026058614139483,0.0176326977582884,487.9818594104309
1.5,-0.025,50694.00000000002,0.0258348437198414,0.0174386484634602,476.89136260564834
1.5,-0.0225,50657.00000000003,0.0257549103245302,0.0171252438087416,471.34611420325706
1.5,-0.02,50614.00000000002,0.0255372216117516,0.0169350475730239,460.25561739847456
1.5,-0.0175,50612.00000000003,0.0251829446102576,0.016863557281187,454.7103689960833
1.5,-0.015,50579.00000000003,0.0249706195999667,0.0166775398647977,443.6198721913008
1.5,-0.0124999999999999,50556.00000000005,0.0247701523121825,0.0164885418939815,432.5293753865183
1.5,-0.01,50566.00000000003,0.0245686237947291,0.0163061912328939,421.43887858173576
1.5,-0.0075,50547.00000000005,0.0244955248801857,0.0160121017352227,415.8936301793445
1.5,-0.005,50523.00000000003,0.0243074635320584,0.0158277697982342,405.50401978973406
1.5,-0.0025,50466.00000000005,0.0240002751110294,0.0157500624259542,396.5367965367965
1.5,0.0,50437.00000000003,0.0238125552505688,0.0155749918549043,387.0954442383013
1.5,0.0025,50451.00000000005,0.0236305426741559,0.0154010733851549,377.65409193980616
1.5,0.0049999999999999,50415.00000000003,0.0234532356034212,0.0152302084295856,368.212739641311
1.5,0.0074999999999999,50435.00000000005,0.0232772302743852,0.0150617739955231,358.77138734281584
1.5,0.0099999999999999,50383.00000000003,0.0231026773824086,0.0148938174700754,349.3300350443207
1.5,0.0124999999999999,50378.00000000005,0.0228424180757287,0.0148179349231032,344.6093588950731
1.5,0.015,50370.00000000003,0.0227688800738197,0.0145742995226913,330.4473304473304
1.5,0.0175,50335.00000000005,0.022586654508545,0.0144432408534105,323.12925170068024
1.5,0.0199999999999999,50323.00000000003,0.0223349056664769,0.0143802788945738,319.4805194805196
1.5,0.0224999999999999,50314.00000000005,0.0223225926754698,0.0140938669509077,303.896103896104
1.5,0.0249999999999999,50298.00000000002,0.0221795436478376,0.0139475186309217,296.10389610389615
1.5,0.0274999999999999,50265.00000000005,0.0219714911256211,0.0138631026139699,292.20779220779224
1.5,0.03,50260.00000000002,0.0218353951672677,0.0137173534415225,276.6233766233767
1.5,0.0325,50268.00000000003,0.0217596509481376,0.0135189406767414,272.7272727272728
1.5,0.035,50243.00000000002,0.0215119620299495,0.0134998528363158,264.935064935065
1.5,0.0375,50260.00000000003,0.021397490250596,0.013365396035307,257.1428571428572
1.5,0.04,50262.00000000005,0.0213570559580857,0.0131537682676277,247.3510616367759
1.5,0.0425,50286.00000000003,0.0212787087213278,0.0129896030740255,233.43640486497628
1.5,0.0449999999999999,50256.00000000005,0.0210444474734981,0.0129919019918003,230.3648732220161
1.5,0.0474999999999999,50264.00000000002,0.0210545485608728,0.0127559939044748,215.00721500721505
1.5,0.0499999999999999,50252.00000000004,0.0208415016352384,0.0127563250901352,211.9356833642548
1.5,0.0524999999999999,50254.00000000005,0.0208179144173312,0.0125743675793809,199.64955679241396
1.5,0.0549999999999999,50278.00000000003,0.0206930222436269,0.0125016107159641,190.4349618635333
1.5,0.0574999999999999,50282.00000000005,0.0206366773372527,0.0123699209614709,181.22036693465265
1.5,0.06,50285.00000000002,0.0205233893591047,0.0123021204269567,172.85095856524424
1.5,0.0625,50273.00000000003,0.0204720480740562,0.0121859688480425,159.55473098330236
1.5,0.065,50262.00000000005,0.0203919014239621,0.012105255900334,152.79323850752422
1.5,0.0675,50268.00000000002,0.0203166139699995,0.0120258503140237,143.8054009482581
1.5,0.07,50248.00000000004,0.0202350476784245,0.0119652353434799,132.57060399917543
1.5,0.0725,50235.00000000002,0.0201899836104876,0.0118730035386934,125.82972582972585
1.5,0.075,50246.00000000003,0.0201206145679729,0.0118208230561941,114.59492888064317
1.5,0.0774999999999999,50253.00000000005,0.0200780161858517,0.0117422449618339,103.36013193156052
1.5,0.0799999999999999,50268.00000000002,0.020009121488083,0.0117106128053689,94.37229437229436
1.5,0.0824999999999999,50277.00000000003,0.0199636563676933,0.0116607259249353,86.22964337250056
1.5,0.0849999999999999,50287.00000000005,0.0199506233708009,0.0115800995974914,77.05627705627708
1.5,0.0875,50298.00000000002,0.0199047628009224,0.0115498574943955,69.6969696969697
1.5,0.09,50298.00000000003,0.0198718545454993,0.0115115296769188,58.31787260358692
1.5,0.0925,50273.00000000005,0.0198475554661208,0.0114775373482917,52.62832405689551
1.5,0.095,50258.00000000002,0.0198371549368193,0.0114399454524741,41.24922696351268
1.5,0.0975,50299.00000000003,0.0198110282395779,0.0114279943178363,36.98206555349414
1.5,0.1,50306.00000000003,0.0198061808526577,0.0114044109228159,21.335807050092757
1.6000000000000003,-0.1,50369.00000000003,0.0342413805420376,0.0241256874883916,769.3877551020406
1.6000000000000003,-0.0975,50349.00000000003,0.0342448354870915,0.0236782613964187,760.5442176870747
1.6000000000000003,-0.095,50314.00000000002,0.0336542578309481,0.0236785827100471,751.7006802721087
1.6000000000000003,-0.0925,50306.00000000003,0.0333625579551768,0.0234550161148405,734.0136054421766
1.6000000000000003,-0.09,50279.00000000003,0.0330721110454465,0.0232314846373033,729.7258297258297
1.6000000000000003,-0.0875,50271.00000000002,0.0330495017553657,0.0228147480553479,721.7068645640074
1.6000000000000003,-0.085,50228.00000000003,0.0324945819493189,0.0227940337490136,713.6878994021852
1.6000000000000003,-0.0825,50223.00000000003,0.0322101704963157,0.0225739373656264,697.6499690785404
1.6000000000000003,-0.08,50203.00000000002,0.0319288088385444,0.0223564671604623,697.6499690785404
1.6000000000000003,-0.0775,50190.00000000003,0.0319079859363493,0.0219408748636294,689.6310039167181
1.6000000000000003,-0.075,50147.00000000003,0.0313702243677952,0.0219204570858098,681.6120387548958
1.6000000000000003,-0.0725,50111.00000000002,0.031089536824066,0.0217061414432677,665.5741084312513
1.6000000000000003,-0.07,50105.00000000003,0.0308118656179251,0.0214919404301252,665.5741084312513
1.6000000000000003,-0.0675,50077.00000000002,0.0305393789353518,0.0212726329029199,654.6897546897547
1.6000000000000003,-0.065,50065.00000000003,0.0302689443763616,0.0210610091371104,640.3009688723974
1.6000000000000003,-0.0625,50021.00000000003,0.0300001213248136,0.0208487711416749,640.3009688723974
1.6000000000000003,-0.06,50015.00000000002,0.0297357225535817,0.0206351015503815,625.9121830550403
1.6000000000000003,-0.0575,49985.00000000003,0.0294684816513488,0.0204262803720484,611.523397237683
1.6000000000000003,-0.055,49970.00000000003,0.0292098055046087,0.0202138391283133,611.523397237683
1.6000000000000003,-0.0525,49943.00000000003,0.0289503086244799,0.0200019931841371,597.1346114203258
1.6000000000000003,-0.05,49902.00000000003,0.0284875315661237,0.0199643761345275,589.9402185116471
1.6000000000000003,-0.0475,49868.00000000002,0.0284435280937914,0.0195863870553344,582.7458256029685
1.6000000000000003,-0.045,49834.00000000003,0.027996662153633,0.019539417089816,569.6969696969697
1.6000000000000003,-0.0425,49817.00000000002,0.0277664759157477,0.019318563745093,560.5442176870749
1.6000000000000003,-0.04,49830.00000000003,0.027703035620512,0.0189661559854907,554.1743970315399
1.6000000000000003,-0.0375,49787.00000000003,0.0274618565926758,0.0187636722131187,541.4347557204701
1.6000000000000003,-0.035,49752.00000000002,0.0270487822625923,0.0187064629520894,535.0649350649351
1.6000000000000003,-0.0325,49750.00000000003,0.026986313209768,0.0183608253512275,528.6951144094
1.6000000000000003,-0.03,49728.00000000002,0.0267576279565771,0.018160525506416,515.9554730983302
1.6000000000000003,-0.0275,49702.00000000003,0.0263559920165604,0.0181053810158105,509.5856524427954
1.6000000000000003,-0.025,49689.00000000002,0.0261373781901541,0.017905524156249,496.8460111317254
1.6000000000000003,-0.0225,49663.00000000003,0.0259540488798351,0.0176790814906264,494.47536590393736
1.6000000000000003,-0.02,49669.00000000002,0.0258639828861427,0.0173729775801925,482.4366110080396
1.6000000000000003,-0.0175,49637.00000000003,0.0255074756248059,0.017299185242129,476.89136260564834
1.6000000000000003,-0.015,49613.00000000003,0.0252956289842592,0.0171091039216438,465.8008658008658
1.6000000000000003,-0.0124999999999999,49603.00000000003,0.025086122297581,0.016917834794385,454.7103689960833
1.6000000000000003,-0.01,49587.00000000003,0.0248835893321511,0.0167323753361793,443.6198721913008
1.6000000000000003,-0.0075,49551.00000000005,0.0246885859437522,0.0165433155500479,443.6198721913008
1.6000000000000003,-0.005,49555.00000000003,0.0244840752982248,0.0163597609645268,432.5293753865183
1.6000000000000003,-0.0025,49518.00000000003,0.0244177380498017,0.0160648630897689,415.8936301793445
1.6000000000000003,0.0,49514.00000000003,0.0241129527543453,0.0159854814086921,410.6369820655535
1.6000000000000003,0.0025,49494.00000000003,0.0238330123295497,0.0158962954144055,401.2574726860441
1.6000000000000003,0.0049999999999999,49459.00000000003,0.023654726417394,0.0157179722586548,391.8161203875489
1.6000000000000003,0.0074999999999999,49454.00000000003,0.0234758415604047,0.0155441258183222,382.3747680890537
1.6000000000000003,0.0099999999999999,49435.00000000003,0.0233965103119339,0.0152825810332615,368.212739641311
1.6000000000000003,0.0124999999999999,49413.00000000005,0.0232313551962272,0.0151109064852677,368.212739641311
1.6000000000000003,0.015,49399.00000000003,0.0230554615936578,0.0149441034296037,358.77138734281584
1.6000000000000003,0.0175,49368.00000000003,0.0228079009211252,0.0148659582421416,354.05071119356825
1.6000000000000003,0.0199999999999999,49351.00000000003,0.0227393975951081,0.0146231445019619,339.8886827458255
1.6000000000000003,0.0224999999999999,49339.00000000005,0.0226317893623426,0.0144171135203592,327.437641723356
1.6000000000000003,0.0249999999999999,49344.00000000002,0.0224789841447161,0.0142618354831388,318.8208616780045
1.6000000000000003,0.0274999999999999,49332.00000000005,0.0222293768755989,0.0142056193111208,315.5844155844157
1.6000000000000003,0.03,49355.00000000002,0.0220279941496284,0.0141230371538316,303.896103896104
1.6000000000000003,0.0325,49294.00000000005,0.0218886422611909,0.013975667542439,296.10389610389615
1.6000000000000003,0.035,49297.00000000002,0.0217573414298081,0.0138304872823262,288.3116883116884
1.6000000000000003,0.0375,49288.00000000003,0.0217485647123845,0.013568778772911,272.7272727272728
1.6000000000000003,0.04,49277.00000000005,0.0216182059942547,0.013433624090506,264.935064935065
1.6000000000000003,0.0425,49278.00000000003,0.0214384279609909,0.01335800482734,261.0389610389611
1.6000000000000003,0.0449999999999999,49279.00000000005,0.0213488553134851,0.0132023943660665,247.3510616367759
1.6000000000000003,0.0474999999999999,49275.00000000002,0.0211868192894064,0.0131223607678656,243.86724386724387
1.6000000000000003,0.0499999999999999,49286.00000000005,0.0210824675625925,0.0129958274713351,227.29334157905583
1.6000000000000003,0.0524999999999999,49285.00000000005,0.0209808090582546,0.0128740701184113,221.15027829313544
1.6000000000000003,0.0549999999999999,49261.00000000003,0.0209168030306691,0.0127243565580789,211.9356833642548
1.6000000000000003,0.0574999999999999,49248.00000000005,0.0207826840085125,0.0126478961474234,202.72108843537413
1.6000000000000003,0.06,49281.00000000002,0.0206911907750018,0.0125433516457154,190.4349618635333
1.6000000000000003,0.0625,49250.00000000003,0.0205750447928451,0.0124732366294739,187.36343022057304
1.6000000000000003,0.065,49274.00000000005,0.0205496274207145,0.0123091795110359,175.07730364873223
1.6000000000000003,0.0675,49247.00000000003,0.0204245691839776,0.0122708206914485,170.19171304885586
1.6000000000000003,0.07,49241.00000000004,0.020394118524538,0.0121310516013894,154.23623995052563
1.6000000000000003,0.0725,49227.00000000002,0.0202825005272066,0.0120944482629626,143.8054009482581
1.6000000000000003,0.075,49231.00000000003,0.0202019558619889,0.0120354644160512,137.06452277880848
1.6000000000000003,0.0774999999999999,49240.00000000004,0.0201428399665453,0.0119567332854297,128.07668521954238
1.6000000000000003,0.0799999999999999,49220.00000000002,0.0201025586712758,0.0118672741624193,116.84188827045968
1.6000000000000003,0.0824999999999999,49212.00000000003,0.0200344942638751,0.0118144721145217,110.1010101010101
1.6000000000000003,0.0849999999999999,49241.00000000004,0.0200048841486784,0.0117384952924494,98.86621315192744
1.6000000000000003,0.0875,49229.00000000002,0.0199649070745353,0.0116817433335118,89.87837559266131
1.6000000000000003,0.09,49245.00000000003,0.0199403792420486,0.0116120111854284,82.56029684601117
1.6000000000000003,0.0925,49245.00000000005,0.0198907651093316,0.011582013371202,71.55225726654302
1.6000000000000003,0.095,49265.00000000002,0.0198863188419623,0.0115141862038005,65.42980828695117
1.6000000000000003,0.0975,49254.00000000003,0.0198418449909104,0.0114981174194478,56.89548546691407
1.6000000000000003,0.1,49224.00000000005,0.0198249383085985,0.011462413801248,46.938775510204096
1.7000000000000002,-0.1,49248.00000000003,0.0343858203540117,0.0246710612945298,787.0748299319727
1.7000000000000002,-0.0975,49232.00000000003,0.034392578191817,0.0242212375428393,778.2312925170066
1.7000000000000002,-0.095,49202.00000000002,0.0338043102644807,0.0242234603491252,769.3877551020406
1.7000000000000002,-0.0925,49169.00000000003,0.0338068753357983,0.0237738396851259,760.5442176870747
1.7000000000000002,-0.09,49133.00000000003,0.0332335987827377,0.0237741141690886,751.7006802721087
1.7000000000000002,-0.0875,49126.00000000002,0.0332358256406164,0.02332864788935,742.8571428571427
1.7000000000000002,-0.085,49098.00000000003,0.0326668294011291,0.0233290400892215,734.0136054421766
1.7000000000000002,-0.0825,49051.00000000003,0.0323905159412912,0.0231128536814793,729.7258297258297
1.7000000000000002,-0.08,49049.00000000002,0.032366635133705,0.0226910925589837,721.7068645640074
1.7000000000000002,-0.0775,48994.00000000003,0.0318367627056312,0.0226692529826598,713.6878994021852
1.7000000000000002,-0.075,48995.00000000003,0.0315642833178593,0.0224530820777703,697.6499690785404
1.7000000000000002,-0.0725,48951.00000000002,0.0310438674425381,0.0224313807128733,689.6310039167181
1.7000000000000002,-0.07,48954.00000000003,0.0310231066619453,0.0220146330950864,681.6120387548958
1.7000000000000002,-0.0675,48916.00000000002,0.0305061897046239,0.0219966695510759,673.5930735930735
1.7000000000000002,-0.065,48900.00000000003,0.0304866158499723,0.0215784720414052,665.5741084312513
1.7000000000000002,-0.0625,48876.00000000003,0.0302262069292978,0.0213608461568662,649.5361781076067
1.7000000000000002,-0.06,48841.00000000002,0.029752502887162,0.0213198206696516,647.4953617810761
1.7000000000000002,-0.0575,48839.00000000003,0.0297062324096175,0.0209339726146599,640.3009688723974
1.7000000000000002,-0.055,48792.00000000003,0.0294467948483766,0.0207183167460046,625.9121830550403
1.7000000000000002,-0.0525,48782.00000000003,0.0291947362049827,0.0205076705697065,625.9121830550403
1.7000000000000002,-0.05,48762.00000000003,0.0289417686228459,0.0202958799070631,611.523397237683
1.7000000000000002,-0.0475,48739.00000000002,0.0286920841264903,0.020083329538733,597.1346114203258
1.7000000000000002,-0.045,48715.00000000003,0.0284449496906634,0.0198713116475757,597.1346114203258
1.7000000000000002,-0.0425,48706.00000000003,0.0282013458568861,0.0196607063781475,582.7458256029685
1.7000000000000002,-0.04,48647.00000000003,0.0277565559646659,0.0196216886289869,575.5514326942898
1.7000000000000002,-0.0375,48630.00000000003,0.0277144110077564,0.0192523299476588,566.9140383426097
1.7000000000000002,-0.035,48603.000000000015,0.0274787780281044,0.019042913553165,554.1743970315399
1.7000000000000002,-0.0325,48575.00000000003,0.0270717979865046,0.0189847674875568,547.804576376005
1.7000000000000002,-0.03,48547.000000000015,0.0270120124178403,0.018640510799305,541.4347557204701
1.7000000000000002,-0.0275,48524.00000000003,0.0267858114541886,0.0184367264231068,528.6951144094
1.7000000000000002,-0.025,48517.00000000002,0.0263986243664196,0.0183789641553584,522.3252937538653
1.7000000000000002,-0.0225,48505.00000000003,0.0263373148863671,0.0180357989879122,515.9554730983302
1.7000000000000002,-0.02,48456.00000000003,0.0261162938089466,0.0178424393044229,503.2158317872604
1.7000000000000002,-0.0175,48451.00000000003,0.0257780683304054,0.0177563714660378,494.47536590393736
1.7000000000000002,-0.015,48427.00000000003,0.0255668337813511,0.017562092294857,482.5602968460112
1.7000000000000002,-0.0124999999999999,48425.00000000004,0.0253484533470993,0.0173798316392571,476.89136260564834
1.7000000000000002,-0.01,48373.00000000003,0.0251456792237718,0.017181417793078,465.8008658008658
1.7000000000000002,-0.0075,48380.00000000003,0.024947960553084,0.016993503370934,465.8008658008658
1.7000000000000002,-0.005,48359.00000000003,0.0247469404150544,0.0168028792618366,454.7103689960833
1.7000000000000002,-0.0025,48353.00000000004,0.0246803175672521,0.016505858938189,438.0746237889096
1.7000000000000002,0.0,48343.00000000003,0.0243692051105785,0.0164349302802765,432.5293753865183
1.7000000000000002,0.0025,48282.00000000003,0.0240599385266781,0.0163627855064949,426.98412698412704
1.7000000000000002,0.0049999999999999,48283.00000000003,0.0240045934897983,0.0160561045665747,410.6369820655535
1.7000000000000002,0.0074999999999999,48262.00000000004,0.0238339318436328,0.015875422039394,400.3710575139146
1.7000000000000002,0.0099999999999999,48245.00000000003,0.0236548074727977,0.0156952025033922,396.5367965367965
1.7000000000000002,0.0124999999999999,48241.00000000003,0.0233888636646755,0.015612373876242,391.8161203875489
1.7000000000000002,0.015,48211.00000000003,0.023224129781801,0.0154377376212105,382.3747680890537
1.7000000000000002,0.0175,48221.00000000004,0.0230603307190718,0.0152692929270838,372.93341579055857
1.7000000000000002,0.0199999999999999,48167.00000000003,0.0229008623026206,0.0151012283212588,363.4920634920634
1.7000000000000002,0.0224999999999999,48153.00000000003,0.0227493644390264,0.014935224927957,354.05071119356825
1.7000000000000002,0.0249999999999999,48132.00000000002,0.0225981586277744,0.0147703318742266,344.6093588950731
1.7000000000000002,0.0274999999999999,48126.00000000003,0.022428435550046,0.0146352212255415,336.0544217687075
1.7000000000000002,0.03,48127.000000000015,0.0222809255256372,0.0144748426603227,327.437641723356
1.7000000000000002,0.0325,48142.00000000003,0.0221222718559862,0.0143352531497609,319.4805194805196
1.7000000000000002,0.035,48151.000000000015,0.0221126248784702,0.0140581144380793,303.896103896104
1.7000000000000002,0.0375,48134.00000000003,0.0219228042729194,0.0139716350175557,292.20779220779224
1.7000000000000002,0.04,48103.00000000004,0.0217883622677138,0.0138254619482613,284.4155844155845
1.7000000000000002,0.0425,48097.00000000003,0.0216068754616716,0.0137438243700624,280.5194805194806
1.7000000000000002,0.0449999999999999,48093.00000000003,0.0214891576182333,0.0136054999271997,272.7272727272728
1.7000000000000002,0.0474999999999999,48114.00000000002,0.0213676827841948,0.0134704067627725,264.935064935065
1.7000000000000002,0.0499999999999999,48087.00000000003,0.0212423710820481,0.0133579098255322,254.31869717584004
1.7000000000000002,0.0524999999999999,48107.00000000005,0.021174982242737,0.0131779779560432,243.86724386724387
1.7000000000000002,0.0549999999999999,48107.00000000003,0.021117039772544,0.0130063567535507,233.41579055864773
1.7000000000000002,0.0574999999999999,48113.00000000003,0.0209424731087324,0.0129680946019007,230.3648732220161
1.7000000000000002,0.06,48120.00000000002,0.0208444411496981,0.0128531286783569,218.0787466501752
1.7000000000000002,0.0625,48107.00000000003,0.0208190581090333,0.0126642032068322,205.79262007833435
1.7000000000000002,0.065,48113.00000000005,0.0206633578635418,0.0126284553659922,199.6495567924139
1.7000000000000002,0.0675,48094.00000000002,0.020577663321407,0.0125255431970512,193.5064935064935
1.7000000000000002,0.07,48082.00000000003,0.0204961808902819,0.0124237426372068,181.22036693465265
1.7000000000000002,0.0725,48052.00000000002,0.0204287171095399,0.0123204078021777,175.5102040816326
1.7000000000000002,0.075,48074.00000000003,0.0203554994008613,0.0122307093710498,164.8732220160791
1.7000000000000002,0.0774999999999999,48040.00000000005,0.0202654659346096,0.0121636436396954,156.89548546691398
1.7000000000000002,0.0799999999999999,48041.00000000002,0.0202071800314434,0.0120769900677701,146.05236033807464
1.7000000000000002,0.0824999999999999,48079.00000000003,0.0201513220585403,0.0120012259131642,137.06452277880848
1.7000000000000002,0.0849999999999999,48055.00000000005,0.0200958402307453,0.0119241964525352,128.07668521954238
1.7000000000000002,0.0875,48060.00000000002,0.0200897412948582,0.0118079056455418,112.34796949082664
1.7000000000000002,0.09,48056.00000000003,0.0200133060077953,0.011776089998338,107.8540507111936
1.7000000000000002,0.0925,48065.00000000003,0.0199844950401363,0.0117043172352092,96.6192537621109
1.7000000000000002,0.095,48072.00000000002,0.019943444822917,0.0116568517135235,88.06431663574526
1.7000000000000002,0.0975,48094.00000000003,0.0198981747012412,0.0116162570346835,75.22160379303239
1.7000000000000002,0.1,48087.00000000003,0.0198528759508317,0.0115921681731318,71.11935683364256
1.8000000000000007,-0.1,47940.00000000003,0.034678669088786,0.0249781575018944,813.6054421768705
1.8000000000000007,-0.0975,47902.00000000003,0.0341093415953345,0.0249782964777511,804.7619047619046
1.8000000000000007,-0.095,47888.000000000015,0.0341121927336298,0.0245205366989985,795.9183673469387
1.8000000000000007,-0.0925,47856.00000000003,0.0335469957099724,0.0245216914563873,787.0748299319727
1.8000000000000007,-0.09,47850.00000000003,0.0335491920621754,0.0240747815036754,778.2312925170066
1.8000000000000007,-0.0875,47801.000000000015,0.0329954304539325,0.0240741851999115,769.3877551020406
1.8000000000000007,-0.085,47798.00000000003,0.0329993898467584,0.0236259143739758,760.5442176870747
1.8000000000000007,-0.0825,47748.00000000003,0.0324417861151001,0.0236260803412253,751.7006802721087
1.8000000000000007,-0.08,47734.000000000015,0.0324425982556402,0.0231818910539595,742.8571428571427
1.8000000000000007,-0.0775,47708.00000000003,0.0319020326777971,0.0231839882249305,729.7258297258297
1.8000000000000007,-0.075,47707.00000000003,0.0318785795268957,0.0227640835765071,721.7068645640074
1.8000000000000007,-0.0725,47655.00000000002,0.0313639168251137,0.02274613036031,713.6878994021852
1.8000000000000007,-0.07,47654.00000000003,0.0313460132417092,0.0223265027016126,705.6689342403629
1.8000000000000007,-0.0675,47625.00000000002,0.030843078203439,0.0223049926541936,697.6499690785404
1.8000000000000007,-0.065,47604.00000000003,0.030580450014568,0.022088118992765,681.6120387548958
1.8000000000000007,-0.0625,47587.00000000003,0.030322969209206,0.0218671544371528,681.6120387548958
1.8000000000000007,-0.06,47556.000000000015,0.0300667309488778,0.0216519208486118,665.5741084312513
1.8000000000000007,-0.0575,47511.00000000003,0.0298136310448209,0.0214330926190613,665.5741084312513
1.8000000000000007,-0.055,47512.00000000003,0.0295610064261821,0.0212212133118289,654.6897546897547
1.8000000000000007,-0.0525,47506.00000000003,0.0293119326226191,0.021004473443279,640.3009688723974
1.8000000000000007,-0.05,47468.00000000003,0.0288621199397382,0.0209669058799539,633.1065759637188
1.8000000000000007,-0.0475,47439.000000000015,0.0288212596048291,0.0205784428853619,625.9121830550403
1.8000000000000007,-0.045,47428.00000000003,0.0285779675213138,0.0203685552116925,611.523397237683
1.8000000000000007,-0.0425,47414.00000000003,0.0281389987934085,0.0203267414366399,604.3290043290044
1.8000000000000007,-0.04,47380.00000000003,0.0281003638053323,0.0199418590052613,597.1346114203258
1.8000000000000007,-0.0375,47379.00000000003,0.0278685501855884,0.0197348125519615,582.7458256029685
1.8000000000000007,-0.035,47353.000000000015,0.0276321828833923,0.0195281235526436,582.7458256029685
1.8000000000000007,-0.0325,47334.00000000003,0.0274000730215212,0.0193232826345611,566.9140383426097
1.8000000000000007,-0.03,47280.000000000015,0.027008818636633,0.0192675086136762,560.5442176870749
1.8000000000000007,-0.0275,47287.00000000003,0.0269554424694591,0.0189125139558082,554.1743970315399
1.8000000000000007,-0.025,47263.00000000002,0.0267321524509465,0.018712016617987,541.4347557204701
1.8000000000000007,-0.0225,47236.00000000003,0.0263537894976582,0.0186560319247261,535.0649350649351
1.8000000000000007,-0.02,47219.00000000002,0.0261374136640828,0.0184520053111139,522.3252937538653
1.8000000000000007,-0.0175,47216.00000000003,0.0260857734386629,0.0181069084459954,515.9554730983302
1.8000000000000007,-0.015,47188.00000000003,0.0257166741641122,0.0180512486840054,509.5856524427954
1.8000000000000007,-0.0124999999999999,47180.00000000003,0.0255157386017046,0.0178556775722155,496.8460111317254
1.8000000000000007,-0.01,47157.00000000003,0.0253411006483989,0.017629641861541,482.5602968460112
1.8000000000000007,-0.0075,47157.00000000004,0.0250057137014192,0.0175704096337492,482.4366110080396
1.8000000000000007,-0.005,47083.00000000003,0.0249366951209724,0.0172516836151867,465.8008658008658
1.8000000000000007,-0.0025,47077.00000000003,0.0246214268104599,0.0171760594789846,460.25561739847456
1.8000000000000007,0.0,47094.00000000003,0.0246787160306012,0.0167537910704074,449.16512059369205
1.8000000000000007,0.0025,47049.00000000003,0.0243719646395693,0.016683113349348,443.6198721913008
1.8000000000000007,0.0049999999999999,47028.00000000003,0.0241814039185909,0.0164983973981196,432.5293753865183
1.8000000000000007,0.0074999999999999,47004.00000000003,0.024008796657153,0.0163146523927122,421.43887858173576
1.8000000000000007,0.0099999999999999,47008.00000000003,0.0238316339038467,0.0161314324575555,410.3483817769532
1.8000000000000007,0.0124999999999999,47011.00000000003,0.0235704891427957,0.0160417474925412,405.504019789734
1.8000000000000007,0.015,46984.00000000003,0.0235074028301727,0.0157601583472886,396.5367965367965
1.8000000000000007,0.0175,46977.00000000003,0.0233428494191015,0.0155876586241182,387.0954442383013
1.8000000000000007,0.0199999999999999,46943.00000000003,0.0231772546377243,0.0154107849921496,377.65409193980616
1.8000000000000007,0.0224999999999999,46914.00000000003,0.0230208560082422,0.015241109048783,368.212739641311
1.8000000000000007,0.0249999999999999,46882.000000000015,0.022863968260309,0.0150763480304737,358.77138734281584
1.8000000000000007,0.0274999999999999,46909.00000000003,0.0227170634422078,0.0149105835729827,349.3300350443207
1.8000000000000007,0.03,46869.000000000015,0.0224838477039514,0.014830921870485,344.6093588950731
1.8000000000000007,0.0325,46854.00000000003,0.0223444630648138,0.0146706226525231,335.168006596578
1.8000000000000007,0.035,46856.000000000015,0.0222535435813309,0.0144596354133606,323.12925170068024
1.8000000000000007,0.0375,46853.00000000003,0.0221178557969294,0.0143060136780933,314.5124716553288
1.8000000000000007,0.04,46833.00000000004,0.0219021962784922,0.0142450858554206,311.6883116883118
1.8000000000000007,0.0425,46817.00000000002,0.0217799965817157,0.0140919012741612,303.896103896104
1.8000000000000007,0.0449999999999999,46824.00000000003,0.0217091102670536,0.0138828329670123,284.4155844155845
1.8000000000000007,0.0474999999999999,46817.000000000015,0.0215391193332755,0.0137989333671412,280.5194805194806
1.8000000000000007,0.0499999999999999,46816.00000000003,0.0214210510887188,0.0136622943671239,272.7272727272728
1.8000000000000007,0.0524999999999999,46795.00000000003,0.0213660985907934,0.0134637809920453,261.0389610389611
1.8000000000000007,0.0549999999999999,46824.00000000003,0.0212320175856786,0.0133559986636603,250.834879406308
1.8000000000000007,0.0574999999999999,46831.00000000003,0.0210823842524658,0.0132747579049296,247.35106163677597
1.8000000000000007,0.06,46813.000000000015,0.0209891374706674,0.0131496296454725,240.38342609771183
1.8000000000000007,0.0625,46803.00000000003,0.0208999847863299,0.0130153772406814,230.3648732220161
1.8000000000000007,0.065,46802.00000000004,0.0207740665228463,0.0129347989057677,221.1502782931354
1.8000000000000007,0.0675,46809.000000000015,0.0207824005601564,0.0127075634801985,205.79262007833435
1.8000000000000007,0.07,46815.00000000003,0.0206056143163911,0.0127080390260919,202.72108843537413
1.8000000000000007,0.0725,46804.000000000015,0.020555698760189,0.0125641691738343,193.5064935064935
1.8000000000000007,0.075,46796.00000000002,0.0204506296578624,0.0124951246254795,184.29189857761287
1.8000000000000007,0.0774999999999999,46796.00000000003,0.0203888328556788,0.0123819236324964,178.16944959802098
1.8000000000000007,0.0799999999999999,46797.000000000015,0.0203639362526588,0.0122361810477473,162.21397649969072
1.8000000000000007,0.0824999999999999,46783.00000000003,0.0202585126914687,0.012200010200256,156.89548546691398
1.8000000000000007,0.0849999999999999,46822.00000000003,0.0202138360937245,0.0120871998573649,143.8054009482581
1.8000000000000007,0.0875,46779.000000000015,0.0201738809212813,0.0119887748541064,132.57060399917543
1.8000000000000007,0.09,46788.00000000003,0.0200820946385307,0.0119689398299369,130.32364460935892
1.8000000000000007,0.0925,46787.00000000003,0.0200623760098947,0.0118641426118587,116.84188827045968
1.8000000000000007,0.095,46791.000000000015,0.0200109095692376,0.0118003231200217,107.8540507111936
1.8000000000000007,0.0975,46821.00000000002,0.0199716645294994,0.0117378969251571,98.86621315192744
1.8000000000000007,0.1,46790.00000000003,0.0199372410535572,0.0116828001805893,89.89898989898992
1.9000000000000004,-0.1,46720.00000000003,0.0347227294542749,0.0254840785041046,831.4574314574315
1.9000000000000004,-0.0975,46695.00000000003,0.034148039355619,0.0255058367818957,821.7893217893218
1.9000000000000004,-0.095,46666.000000000015,0.0339913916492215,0.0251870956599738,823.7682951968667
1.9000000000000004,-0.0925,46638.00000000003,0.0335985502740588,0.0250615996296359,804.7619047619046
1.9000000000000004,-0.09,46625.00000000003,0.0336029348860885,0.0246057051076198,795.9183673469387
1.9000000000000004,-0.0875,46604.00000000002,0.0330557567533754,0.0246062769897754,787.0748299319727
1.9000000000000004,-0.085,46600.00000000003,0.0330609128927132,0.0241581487438465,778.2312925170066
1.9000000000000004,-0.0825,46559.00000000003,0.0325285612096818,0.0241580108935366,769.3877551020406
1.9000000000000004,-0.08,46531.000000000015,0.0325331283721162,0.023707080319352,760.5442176870747
1.9000000000000004,-0.0775,46478.00000000003,0.0319952647427831,0.0237066248486027,751.7006802721087
1.9000000000000004,-0.075,46468.00000000003,0.0319969183153062,0.0232586108452436,742.8571428571427
1.9000000000000004,-0.0725,46452.000000000015,0.0316861628521375,0.0230874113969994,733.5188620902907
1.9000000000000004,-0.07,46421.00000000003,0.0312097660358076,0.0230448050391931,729.7258297258297
1.9000000000000004,-0.0675,46401.00000000002,0.0309507450022161,0.022822392905014,713.6878994021852
1.9000000000000004,-0.065,46388.00000000003,0.0307018101214016,0.0226000552818356,713.6878994021852
1.9000000000000004,-0.0625,46366.00000000003,0.030457390545841,0.0223829417493833,697.6499690785404
1.9000000000000004,-0.06,46329.000000000015,0.0301976166581507,0.0221650604831801,697.6499690785404
1.9000000000000004,-0.0575,46315.00000000003,0.0299475968586442,0.0219456486182049,681.6120387548958
1.9000000000000004,-0.055,46295.00000000003,0.0297015497103801,0.0217265632680226,665.5741084312513
1.9000000000000004,-0.0525,46270.00000000003,0.0294603843913425,0.0215108679108205,665.5741084312513
1.9000000000000004,-0.05,46260.00000000003,0.0291386762562279,0.0213640418006752,654.1743970315399
1.9000000000000004,-0.0475,46245.000000000015,0.0289750212818463,0.0210833926927173,640.3009688723974
1.9000000000000004,-0.045,46202.00000000003,0.0285437083168062,0.0210421683993153,633.1065759637188
1.9000000000000004,-0.0425,46181.00000000002,0.0285032902682352,0.0206542573155416,625.9121830550403
1.9000000000000004,-0.04,46158.00000000003,0.0280706726050483,0.0206150652332763,618.7177901463617
1.9000000000000004,-0.0375,46143.00000000003,0.0280351046094035,0.0202304101014277,611.523397237683
1.9000000000000004,-0.035,46110.000000000015,0.0278070467806024,0.0200188469432891,597.1346114203258
1.9000000000000004,-0.0325,46104.00000000003,0.0273927380927427,0.0199775871031049,589.9402185116471
1.9000000000000004,-0.03,46114.000000000015,0.0273566271517714,0.0195999863233539,582.7458256029685
1.9000000000000004,-0.0275,46082.00000000003,0.0271331458794166,0.0193981162355118,576.4790764790765
1.9000000000000004,-0.025,46041.000000000015,0.0269143542506649,0.0191914078928627,566.9140383426097
1.9000000000000004,-0.0225,46046.00000000003,0.026701208483194,0.0189847212778386,554.1743970315399
1.9000000000000004,-0.02,46008.00000000002,0.0263312887027483,0.0189266697826525,547.804576376005
1.9000000000000004,-0.0175,45979.00000000003,0.0261201763612976,0.0187257984259381,535.0649350649351
1.9000000000000004,-0.015,45976.00000000002,0.0260679128634968,0.0183777956718409,528.6951144094
1.9000000000000004,-0.0124999999999999,45938.00000000003,0.0257118220625866,0.0183204481459547,522.3252937538653
1.9000000000000004,-0.01,45943.00000000003,0.0255125961191848,0.0181221780132094,509.5856524427954
1.9000000000000004,-0.0075,45918.00000000003,0.0251697654661905,0.0180647933368662,503.2158317872604
1.9000000000000004,-0.005,45900.00000000003,0.0251477714318241,0.0177005430894959,494.47536590393736
1.9000000000000004,-0.0025,45880.00000000003,0.0249472304261049,0.0175165215428359,487.9818594104309
1.9000000000000004,0.0,45847.00000000003,0.0248782366305442,0.017200780602699,471.34611420325706
1.9000000000000004,0.0025,45854.00000000003,0.0245756239333511,0.017128449842435,465.8008658008658
1.9000000000000004,0.0049999999999999,45834.00000000003,0.0243927621500796,0.0169400249805983,454.7103689960833
1.9000000000000004,0.0074999999999999,45829.00000000003,0.0242104792116434,0.016752065468114,443.6198721913008
1.9000000000000004,0.0099999999999999,45811.00000000003,0.0239219709873066,0.0166802612683902,438.0746237889095
1.9000000000000004,0.0124999999999999,45777.00000000003,0.0237537415949026,0.0164956010066325,426.98412698412704
1.9000000000000004,0.015,45775.00000000003,0.0236931446252515,0.0161981642985318,421.43887858173576
1.9000000000000004,0.0175,45760.00000000003,0.0234433891095629,0.0161071091538505,415.7699443413729
1.9000000000000004,0.0199999999999999,45757.00000000002,0.0232823735395393,0.0159300929296216,405.504019789734
1.9000000000000004,0.0224999999999999,45723.00000000003,0.0231386125894089,0.0157410862066519,391.8161203875489
1.9000000000000004,0.0249999999999999,45735.000000000015,0.0229819199251818,0.0155665750616419,382.3747680890537
1.9000000000000004,0.0274999999999999,45693.00000000003,0.0228327267700024,0.0153917164754291,372.93341579055857
1.9000000000000004,0.03,45674.000000000015,0.022605659275677,0.0153132043920934,368.21273964131103
1.9000000000000004,0.0325,45648.00000000003,0.0224663365035848,0.0151430095292186,358.77138734281584
1.9000000000000004,0.035,45635.000000000015,0.0223250685256175,0.01497670104661,349.33003504432065
1.9000000000000004,0.0375,45641.00000000003,0.0221945575304762,0.0148117808968329,339.8886827458256
1.9000000000000004,0.04,45616.00000000003,0.0220515805808387,0.0146649620331939,331.74603174603175
1.9000000000000004,0.0425,45621.00000000002,0.0219248071340943,0.0145075612143412,323.1292517006803
1.9000000000000004,0.0449999999999999,45622.00000000003,0.0218420724441809,0.0142975903084541,311.6883116883118
1.9000000000000004,0.0474999999999999,45631.000000000015,0.0217819927044759,0.0140802411193805,300.00000000000006
1.9000000000000004,0.0499999999999999,45610.00000000003,0.0216047590663495,0.013995415740761,296.10389610389615
1.9000000000000004,0.0524999999999999,45619.00000000003,0.0214919755723177,0.0138488325590417,288.3116883116884
1.9000000000000004,0.0549999999999999,45614.00000000002,0.0213322422497289,0.0137675756637266,276.6233766233767
1.9000000000000004,0.0574999999999999,45593.00000000003,0.0212246583031369,0.0136300866410461,268.8311688311689
1.9000000000000004,0.06,45587.000000000015,0.0212194902534673,0.0133790873178808,253.2467532467533
1.9000000000000004,0.0625,45595.00000000003,0.0210590246002007,0.0133204503523694,254.31869717584004
1.9000000000000004,0.065,45612.00000000003,0.0210041842452986,0.0131448445943592,236.8996083281798
1.9000000000000004,0.0675,45590.000000000015,0.020913374939116,0.013017446660536,227.29334157905583
1.9000000000000004,0.07,45587.00000000003,0.0208551519799055,0.0128605913055929,218.0787466501752
1.9000000000000004,0.0725,45626.000000000015,0.0206773843461431,0.0128614900792144,215.007215007215
1.9000000000000004,0.075,45593.00000000003,0.0206242385456848,0.0127103032944468,205.79262007833435
1.9000000000000004,0.0774999999999999,45595.00000000003,0.0205224077700995,0.0126368564447826,196.5780251494537
1.9000000000000004,0.0799999999999999,45562.000000000015,0.0204982117756318,0.0124620437107049,184.29189857761284
1.9000000000000004,0.0824999999999999,45594.00000000003,0.0203808431792324,0.0124291914525415,178.14883529169242
1.9000000000000004,0.0849999999999999,45589.00000000003,0.0203240154431157,0.0123211540271959,167.53246753246748
1.9000000000000004,0.0875,45595.000000000015,0.0202976573364029,0.0121845126808654,156.895485466914
1.9000000000000004,0.09,45605.00000000003,0.020238751346445,0.0120986610317658,146.05236033807464
1.9000000000000004,0.0925,45596.00000000003,0.020179611684854,0.0120181042157108,137.0645227788085
1.9000000000000004,0.095,45592.000000000015,0.0201025966686225,0.0119798463387569,132.57060399917546
1.9000000000000004,0.0975,45589.00000000003,0.0200802045382336,0.0118746871126339,119.08884766027624
1.9000000000000004,0.1,45586.00000000003,0.0200346362394949,0.0118097687017268,110.1010101010101
2.0,-0.1,45492.00000000003,0.0344090095463334,0.0262828268020565,860.4617604617605
2.0,-0.0975,45476.00000000003,0.0341387104003279,0.0260529526815072,841.1255411255412
2.0,-0.095,45456.000000000015,0.0338722685502061,0.0258258564357763,841.1255411255412
2.0,-0.0925,45445.00000000003,0.0336056460791395,0.0255969618521719,821.7893217893218
2.0,-0.09,45422.00000000002,0.0333431666792828,0.0253718603981143,821.7893217893218
2.0,-0.0875,45384.000000000015,0.0330788796870161,0.0251496755196578,804.7619047619046
2.0,-0.085,45358.00000000003,0.0328146038368277,0.0249274246623171,804.7619047619046
2.0,-0.0825,45347.00000000003,0.0325537107413595,0.0246958451117329,787.0748299319727
2.0,-0.08,45327.000000000015,0.0322939534077821,0.0244669441300795,787.0748299319727
2.0,-0.0775,45319.00000000003,0.0322962717984653,0.024019393188236,778.2312925170066
2.0,-0.075,45268.00000000002,0.031786152103925,0.0240187113460323,769.3877551020406
2.0,-0.0725,45247.000000000015,0.0315284548370898,0.0237927826021534,751.7006802721087
2.0,-0.07,45219.00000000003,0.0312769564344544,0.0235685437292655,751.7006802721087
2.0,-0.0675,45181.00000000002,0.0310280407345631,0.0233467027932648,734.0136054421766
2.0,-0.065,45184.00000000003,0.0307765305959916,0.0231310618699091,729.7258297258297
2.0,-0.0625,45128.00000000003,0.0303077515416455,0.0231107115933845,721.7068645640074
2.0,-0.06,45109.000000000015,0.0302882807875596,0.0226851788816855,713.6878994021852
2.0,-0.0575,45091.00000000003,0.0298220977333758,0.02266294678146,705.6689342403628
2.0,-0.055,45072.00000000002,0.0298034713599733,0.0222434368800748,697.6499690785404
2.0,-0.0525,45070.00000000003,0.0295605973468164,0.0220251695785612,681.6120387548958
2.0,-0.05,45044.00000000003,0.0293268223482038,0.021806049217514,681.6120387548958
2.0,-0.0475,45021.000000000015,0.0290923540838904,0.0215908151949374,665.5741084312513
2.0,-0.045,44996.00000000003,0.0286441159981343,0.0215727849424245,657.555143269429
2.0,-0.0425,44980.00000000002,0.0284353812674903,0.021334991436794,647.4953617810761
2.0,-0.04,44972.00000000003,0.0283949670179656,0.0209463027454128,640.3009688723974
2.0,-0.0375,44939.00000000003,0.0281721259032371,0.0207308389749572,625.9121830550403
2.0,-0.035,44910.000000000015,0.0277643627959158,0.0206902122483311,618.7177901463617
2.0,-0.0325,44924.00000000003,0.0277286241306212,0.0203050992622991,611.523397237683
2.0,-0.03,44875.00000000002,0.027329745688581,0.0202636041690108,604.3290043290044
2.0,-0.0275,44870.00000000003,0.0272929186822771,0.0198857110798658,597.1346114203258
2.0,-0.025,44867.00000000002,0.0270783912623174,0.0196728181936077,582.7458256029685
2.0,-0.0225,44830.00000000003,0.0266870846105907,0.0196355275518713,575.5514326942898
2.0,-0.02,44788.00000000002,0.0264888948964783,0.019423435138399,569.6969696969697
2.0,-0.0175,44797.00000000003,0.0262994262520091,0.0192068022886378,560.5442176870749
2.0,-0.015,44783.00000000002,0.0261015144439652,0.0189961684963123,547.804576376005
2.0,-0.0124999999999999,44749.00000000003,0.0257547081214234,0.0189389014720804,541.43475572047
2.0,-0.01,44724.00000000003,0.0257025242136384,0.0185937843302383,535.0649350649351
2.0,-0.0075,44717.00000000003,0.0255061578506989,0.0183885535530297,522.3252937538653
2.0,-0.005,44702.00000000003,0.025173813235951,0.0183313031865054,515.9554730983302
2.0,-0.0025,44712.00000000003,0.0252722785035732,0.0178480210231802,503.2158317872604
2.0,0.0,44683.00000000003,0.0248370469560791,0.0178964605360379,500.43290043290045
2.0,0.0025,44661.00000000003,0.0246624416869388,0.0176995086288462,488.5178313749743
2.0,0.0049999999999999,44636.00000000003,0.0244815429715769,0.0175059777733563,482.4366110080396
2.0,0.0074999999999999,44594.00000000003,0.0244175428952385,0.0171895493263785,465.8008658008658
2.0,0.0099999999999999,44590.00000000003,0.0241286572272239,0.0171174357764754,460.25561739847456
2.0,0.0124999999999999,44579.00000000003,0.0239607643152174,0.0169278726912723,449.16512059369205
2.0,0.015,44568.00000000003,0.0239029039663085,0.0166247556559774,443.6198721913008
2.0,0.0175,44560.00000000003,0.0237359548166862,0.0164417258717813,432.5293753865183
2.0,0.0199999999999999,44532.00000000002,0.0235769142109075,0.016258114003174,421.43887858173576
2.0,0.0224999999999999,44538.00000000003,0.0233309387288427,0.0161646670437276,415.7699443413729
2.0,0.0249999999999999,44527.000000000015,0.0231791909956214,0.0159839113760992,405.504019789734
2.0,0.0274999999999999,44506.00000000003,0.0230313087815422,0.0158076413362005,395.2380952380952
2.0,0.03,44519.000000000015,0.0228906451975175,0.0156196743319435,391.8161203875489
2.0,0.0325,44497.00000000003,0.0226693428783203,0.0155379076591789,377.6540919398061
2.0,0.035,44441.000000000015,0.0226051068449524,0.0152746403696183,372.93341579055857
2.0,0.0375,44430.00000000003,0.0224716685052006,0.0151084037790347,354.05071119356825
2.0,0.04,44421.00000000003,0.0223375445743451,0.0149418105675753,344.6093588950731
2.0,0.0425,44428.000000000015,0.0221299214908517,0.01486273085214,339.8886827458256
2.0,0.0449999999999999,44409.00000000003,0.0220557983631315,0.014638229656217,336.0544217687075
2.0,0.0474999999999999,44408.000000000015,0.0218696897445663,0.0145565406179904,323.1292517006803
2.0,0.0499999999999999,44389.00000000003,0.0217458109395077,0.0143984968400298,314.5124716553288
2.0,0.0524999999999999,44412.00000000003,0.0216306616157486,0.0142595141475833,307.7922077922079
2.0,0.0549999999999999,44401.00000000002,0.0215134121943112,0.0141058895346028,300.00000000000006
2.0,0.0574999999999999,44396.00000000003,0.0214566058140422,0.0138973000509442,288.3116883116884
2.0,0.06,44409.000000000015,0.0212998217430284,0.0138143784190401,284.4155844155845
2.0,0.0625,44396.00000000003,0.0212899574443215,0.0135613942398892,268.8311688311689
2.0,0.065,44366.00000000003,0.0210987970523219,0.0135390028963969,261.0389610389611
2.0,0.0675,44396.000000000015,0.0210352470067793,0.0133667730963751,254.31869717584004
2.0,0.07,44368.00000000003,0.0209428978447753,0.0132342218590459,247.35106163677597
2.0,0.0725,44363.000000000015,0.0208226051941597,0.0131579272968887,236.8996083281798
2.0,0.075,44387.00000000002,0.0207441563210629,0.0130212641631472,227.2933415790559
2.0,0.0774999999999999,44381.00000000003,0.0206920728016116,0.0128653023356293,218.0787466501752
2.0,0.0799999999999999,44373.000000000015,0.0206133133812303,0.0127504849672483,205.79262007833435
2.0,0.0824999999999999,44382.00000000003,0.0205630995317348,0.0126069025526179,196.5780251494537
2.0,0.0849999999999999,44383.00000000003,0.0204376783069982,0.0125714356428014,190.4349618635333
2.0,0.0875,44380.000000000015,0.0203742890236208,0.0124680267783699,184.29189857761287
2.0,0.09,44403.00000000002,0.0203225439408987,0.0123593608245047,172.8509585652442
2.0,0.0925,44406.00000000003,0.0202739808014338,0.0122418515340263,159.55473098330236
2.0,0.095,44401.000000000015,0.0202209674918435,0.0121528423665895,154.23623995052563
2.0,0.0975,44420.00000000003,0.0201504605838229,0.0120870871778412,146.05236033807464
2.0,0.1,44407.00000000003,0.0201167600168989,0.0119907327133471,130.32364460935892
2.1000000000000005,-0.1,44142.00000000003,0.0343023460056852,0.0268458633523964,879.7979797979798
2.1000000000000005,-0.0975,44156.00000000002,0.034333124279261,0.0263612055650795,870.1298701298701
2.1000000000000005,-0.095,44125.000000000015,0.0337872868554608,0.0263830164078671,860.4617604617605
2.1000000000000005,-0.0925,44106.00000000003,0.0335295254387315,0.0261529529611735,860.4617604617605
2.1000000000000005,-0.09,44067.00000000002,0.0332719256976319,0.0259266346919144,841.1255411255412
2.1000000000000005,-0.0875,44055.000000000015,0.0330164720817247,0.0256964671472441,841.1255411255412
2.1000000000000005,-0.085,44024.00000000003,0.0327636170293793,0.0254686409014744,821.7893217893218
2.1000000000000005,-0.0825,44034.00000000003,0.0326647335743502,0.0251089047749077,814.5124716553288
2.1000000000000005,-0.08,44010.000000000015,0.0322585830234806,0.0250251326620423,804.7619047619046
2.1000000000000005,-0.0775,43966.00000000003,0.031762113910179,0.0250238469247883,795.9183673469386
2.1000000000000005,-0.075,43958.00000000002,0.0317691123164647,0.0245634073688555,787.0748299319727
2.1000000000000005,-0.0725,43915.000000000015,0.0312758311818346,0.0245636931867052,778.2312925170066
2.1000000000000005,-0.07,43908.00000000003,0.0312811852702871,0.0241154715285194,769.3877551020406
2.1000000000000005,-0.0675,43872.00000000002,0.0307927135836889,0.0241152042480571,760.5442176870747
2.1000000000000005,-0.065,43861.00000000003,0.0307987466908985,0.0236617161673437,751.7006802721087
2.1000000000000005,-0.0625,43840.00000000003,0.0303223516680154,0.0236599845192087,742.8571428571427
2.1000000000000005,-0.06,43784.000000000015,0.0301272283711666,0.0233945997597528,733.5188620902904
2.1000000000000005,-0.0575,43785.00000000003,0.0298738534996919,0.023196282852383,721.7068645640074
2.1000000000000005,-0.055,43799.00000000002,0.0298579539116242,0.0227774406133067,713.6878994021852
2.1000000000000005,-0.0525,43773.00000000003,0.0294102477814358,0.0227568541019574,705.6689342403628
2.1000000000000005,-0.05,43748.00000000003,0.0293926205402215,0.0223358436428012,697.6499690785404
2.1000000000000005,-0.0475,43757.000000000015,0.0291627157603278,0.0221161442111515,697.6499690785404
2.1000000000000005,-0.045,43708.00000000003,0.0289332509385705,0.0218928401236998,681.6120387548958
2.1000000000000005,-0.0425,43708.00000000002,0.0285052453267026,0.0218721495583706,673.5930735930735
2.1000000000000005,-0.04,43708.00000000003,0.0284895641864331,0.0214587340344186,665.5741084312513
2.1000000000000005,-0.0375,43653.00000000003,0.0282025862026488,0.0213100341633786,654.1743970315399
2.1000000000000005,-0.035,43630.000000000015,0.027880898161197,0.0212009656179714,647.4953617810761
2.1000000000000005,-0.0325,43620.00000000003,0.0278391748148896,0.0208134874045535,640.3009688723974
2.1000000000000005,-0.03,43592.000000000015,0.0276238267895136,0.0205987730631578,625.9121830550403
2.1000000000000005,-0.0275,43574.00000000003,0.0272386852486316,0.0205586880404948,618.7177901463617
2.1000000000000005,-0.025,43567.000000000015,0.027027816219011,0.0203460187241097,604.3290043290044
2.1000000000000005,-0.0225,43546.00000000003,0.0269967348309285,0.0199615579453438,597.1346114203258
2.1000000000000005,-0.02,43519.00000000002,0.0266286239250289,0.0199204321700174,589.9402185116471
2.1000000000000005,-0.0175,43520.00000000003,0.0265991106266714,0.0195400367131801,582.7458256029685
2.1000000000000005,-0.015,43506.00000000002,0.0262387023886911,0.0194957616387048,569.6969696969697
2.1000000000000005,-0.0124999999999999,43475.00000000003,0.0260495191389378,0.01927877879775,560.5442176870749
2.1000000000000005,-0.01,43455.00000000003,0.0258533021616129,0.0190692647267506,547.804576376005
2.1000000000000005,-0.0075,43464.00000000003,0.0256675459059775,0.018866364209985,547.804576376005
2.1000000000000005,-0.005,43421.00000000003,0.0253445331130022,0.0188055246370957,541.43475572047
2.1000000000000005,-0.0025,43445.00000000003,0.0252945170176885,0.0184597253925108,535.0649350649351
2.1000000000000005,0.0,43384.00000000003,0.0249822984554865,0.018400421480893,515.9554730983302
2.1000000000000005,0.0025,43374.00000000003,0.0249314966919788,0.018058747049145,509.5856524427954
2.1000000000000005,0.0049999999999999,43367.00000000003,0.0247589756232773,0.017860279290669,496.8460111317254
2.1000000000000005,0.0074999999999999,43371.00000000003,0.0244935752691018,0.0177672740912647,488.5178313749743
2.1000000000000005,0.0099999999999999,43337.00000000003,0.0244415340892109,0.0174420923875992,482.5602968460112
2.1000000000000005,0.0124999999999999,43311.00000000003,0.0242626350711982,0.0172578030190231,476.89136260564834
2.1000000000000005,0.015,43293.00000000003,0.0239884016458833,0.0171820874600033,460.25561739847456
2.1000000000000005,0.0175,43291.00000000003,0.0239291920584962,0.0168775665921305,454.7103689960833
2.1000000000000005,0.0199999999999999,43273.000000000015,0.0236692188730148,0.0168027768807202,449.16512059369205
2.1000000000000005,0.0224999999999999,43243.00000000003,0.02351167768512,0.016615851689302,438.0746237889095
2.1000000000000005,0.0249999999999999,43248.000000000015,0.0233593837484562,0.0164325560339726,426.98412698412704
2.1000000000000005,0.0274999999999999,43254.00000000003,0.0232101332284896,0.0162481479240485,415.8936301793445
2.1000000000000005,0.03,43240.000000000015,0.0229948904586467,0.0161462380764778,410.6369820655534
2.1000000000000005,0.0325,43245.00000000003,0.0228584400385123,0.0159658255508588,400.3710575139146
2.1000000000000005,0.035,43239.000000000015,0.0227296749381493,0.0157681813412296,396.5367965367965
2.1000000000000005,0.0375,43236.00000000003,0.0226707882959987,0.0155037174533212,382.3747680890537
2.1000000000000005,0.04,43192.00000000003,0.0225332785941859,0.0153293471545848,372.93341579055857
2.1000000000000005,0.0425,43188.000000000015,0.0223305419567631,0.0152478867556296,368.21273964131103
2.1000000000000005,0.0449999999999999,43182.00000000003,0.0222039256095005,0.015080399425082,358.77138734281584
2.1000000000000005,0.0474999999999999,43175.000000000015,0.0221480801169031,0.0148321268786833,344.6093588950731
2.1000000000000005,0.0499999999999999,43131.00000000003,0.0219599234932418,0.014752396874283,339.8886827458256
2.1000000000000005,0.0524999999999999,43154.00000000003,0.021830937196372,0.0146077937797771,331.74603174603175
2.1000000000000005,0.0549999999999999,43140.00000000002,0.0217149609409538,0.0144514582397272,323.1292517006803
2.1000000000000005,0.0574999999999999,43153.00000000003,0.0216089740710242,0.0142982740991385,314.5124716553288
2.1000000000000005,0.06,43139.000000000015,0.0215422761565317,0.0140924660076032,303.896103896104
2.1000000000000005,0.0625,43127.00000000003,0.0213858644445543,0.0140078977808605,292.20779220779224
2.1000000000000005,0.065,43120.00000000003,0.0212862309259829,0.0138612026645178,284.4155844155845
2.1000000000000005,0.0675,43120.000000000015,0.021188558401099,0.0137200520364776,276.6233766233767
2.1000000000000005,0.07,43121.00000000003,0.0210897326997886,0.0135848254014693,268.8311688311689
2.1000000000000005,0.0725,43105.000000000015,0.0209921806811833,0.013460667878064,257.8025149453721
2.1000000000000005,0.075,43105.00000000003,0.0208686443570997,0.0133791987084568,247.351061636776
2.1000000000000005,0.0774999999999999,43111.00000000003,0.0208563001591939,0.0131518959647325,240.38342609771183
2.1000000000000005,0.0799999999999999,43109.000000000015,0.0207391745321633,0.0130766043279587,229.9319727891157
2.1000000000000005,0.0824999999999999,43136.00000000003,0.0206701988902091,0.0129393805752866,221.1502782931354
2.1000000000000005,0.0849999999999999,43121.00000000003,0.0205955685445819,0.0128241072951154,215.007215007215
2.1000000000000005,0.0875,43125.000000000015,0.0205224929501035,0.012714451830206,202.72108843537413
2.1000000000000005,0.09,43116.00000000003,0.0204518561138204,0.0126054800308784,196.5780251494537
2.1000000000000005,0.0925,43118.00000000003,0.0203852956840198,0.0125009678846556,184.29189857761287
2.1000000000000005,0.095,43149.000000000015,0.0203327699684159,0.0123889076868423,178.16944959802098
2.1000000000000005,0.0975,43111.00000000003,0.0202944510625951,0.0122689617972093,164.8732220160791
2.1000000000000005,0.1,43121.00000000003,0.0201985316102086,0.012232823630156,159.55473098330236
2.2,-0.1,42821.00000000003,0.0341904623874537,0.0273984045258553,897.1552257266543
2.2,-0.0975,42798.00000000002,0.0339199479444132,0.0271812564056736,899.1341991341992
2.2,-0.095,42788.000000000015,0.0336713680317177,0.026953183244856,879.7979797979798
2.2,-0.0925,42786.00000000003,0.0336985520528453,0.0264711406263714,870.1298701298701
2.2,-0.09,42751.00000000002,0.033174665691401,0.0264910677812694,860.4617604617605
2.2,-0.0875,42740.000000000015,0.0332031937903439,0.0260140511012792,850.7936507936508
2.2,-0.085,42706.00000000003,0.0326823545421501,0.0260331098952214,841.1255411255412
2.2,-0.0825,42699.00000000003,0.0324401046607217,0.0258042974046074,841.1255411255412
2.2,-0.08,42660.000000000015,0.0321979298832037,0.0255722156715193,821.7893217893218
2.2,-0.0775,42651.00000000003,0.0319485726021521,0.0253414483136498,821.7893217893218
2.2,-0.075,42626.00000000002,0.0317120185079117,0.0251111770997248,804.7619047619046
2.2,-0.0725,42618.000000000015,0.0314716933790879,0.0248843444674261,804.7619047619046
2.2,-0.07,42612.00000000003,0.0312367916951065,0.0246591380511342,787.0748299319727
2.2,-0.0675,42597.00000000002,0.0309956616025037,0.0244370063562956,787.0748299319727
2.2,-0.065,42559.00000000003,0.0307645702257813,0.024212281544307,769.3877551020406
2.2,-0.0625,42529.00000000003,0.0305378943752583,0.0239859913672809,769.3877551020406
2.2,-0.06,42500.000000000015,0.0303009669751366,0.0237623526371588,751.7006802721087
2.2,-0.0575,42492.00000000003,0.0300709195640383,0.0235417209087357,751.7006802721087
2.2,-0.055,42456.00000000002,0.0298405687370637,0.0233154902039569,734.0136054421766
2.2,-0.0525,42427.00000000003,0.0296180270711878,0.0230924740759545,729.7258297258297
2.2,-0.05,42407.00000000003,0.0293943244456431,0.0228698282071039,713.6878994021852
2.2,-0.0475,42383.000000000015,0.0289620577626586,0.0228511086911403,705.6689342403628
2.2,-0.045,42375.00000000003,0.0289437366421159,0.0224309217895987,697.6499690785404
2.2,-0.0425,42357.00000000002,0.0285259582388833,0.0224109641794398,689.6310039167181
2.2,-0.04,42357.00000000003,0.0285111665281637,0.0219959384393988,681.6120387548958
2.2,-0.0375,42324.00000000003,0.02809840356128,0.0219721253351974,673.5930735930735
2.2,-0.035,42321.000000000015,0.0280832646243166,0.0215571525356326,665.5741084312513
2.2,-0.0325,42280.00000000003,0.0278058039602221,0.0214104499676024,654.1743970315399
2.2,-0.03,42249.000000000015,0.0274929650769562,0.0213023779531865,647.4953617810761
2.2,-0.0275,42247.00000000003,0.0272853435142535,0.0210855856688826,633.1065759637188
2.2,-0.025,42230.00000000002,0.0270811696012328,0.0208714329408036,633.1065759637188
2.2,-0.0225,42213.00000000003,0.0268862489266997,0.0206566267099891,618.7177901463617
2.2,-0.02,42201.00000000002,0.0268499795259421,0.0202723638521205,611.523397237683
2.2,-0.0175,42172.00000000003,0.0266492757062788,0.0200584748914539,597.1346114203258
2.2,-0.015,42165.00000000002,0.0264534857446303,0.0198466109903674,597.1346114203258
2.2,-0.0124999999999999,42156.00000000003,0.0260987652116851,0.0198088166711259,589.9402185116471
2.2,-0.01,42147.00000000003,0.0260622982741276,0.0194421292612544,576.4790764790765
2.2,-0.0075,42117.00000000003,0.0256071383396132,0.019525711832572,566.9140383426098
2.2,-0.005,42111.00000000002,0.0255576693162056,0.0191663394477656,560.5442176870749
2.2,-0.0025,42097.00000000003,0.0252451810214935,0.0191077809162819,554.1743970315399
2.2,0.0,42082.00000000003,0.0253345974552142,0.018615348874974,541.4347557204701
2.2,0.0025,42050.00000000003,0.0250257714170991,0.018556468460348,535.0649350649351
2.2,0.0049999999999999,42039.00000000002,0.024979344627827,0.0182130829309246,515.9554730983302
2.2,0.0074999999999999,42023.00000000003,0.0246797710453627,0.0181570070481769,509.5856524427954
2.2,0.0099999999999999,41973.00000000003,0.0243825702501113,0.0180997588620348,503.2158317872604
2.2,0.0124999999999999,41987.00000000003,0.0243633405911694,0.0177273521219684,494.47536590393736
2.2,0.015,41967.00000000003,0.0240908701449712,0.0176612936324129,488.5178313749743
2.2,0.0175,41940.00000000003,0.0240325978419924,0.0173463213899477,476.89136260564834
2.2,0.0199999999999999,41940.000000000015,0.0238729623751958,0.0171562564311538,465.8008658008658
2.2,0.0224999999999999,41927.00000000003,0.0237182139340715,0.0169639302162976,454.7103689960833
2.2,0.0249999999999999,41912.000000000015,0.0235603815653791,0.0167785196431503,443.6198721913008
2.2,0.0274999999999999,41914.00000000003,0.0233153822957328,0.0167028601925197,438.0746237889095
2.2,0.03,41911.000000000015,0.0232657152556303,0.0164008067338952,432.5293753865183
2.2,0.0325,41898.00000000003,0.0230293773574654,0.0163304675779922,426.98412698412704
2.2,0.035,41910.000000000015,0.022907604349112,0.016123727678844,415.7699443413729
2.2,0.0375,41888.00000000003,0.0228522364307326,0.0158416883812738,400.3710575139146
2.2,0.04,41858.00000000003,0.0225692229915391,0.0158460816830851,396.5367965367965
2.2,0.0425,41873.000000000015,0.0224438340335163,0.0156716614123018,387.0954442383013
2.2,0.0449999999999999,41846.00000000003,0.0223132466279785,0.0154978428071523,377.6540919398061
2.2,0.0474999999999999,41844.000000000015,0.0221895635505041,0.0153242382713511,368.21273964131103
2.2,0.0499999999999999,41817.00000000003,0.022070807743537,0.015155034614394,358.77138734281584
2.2,0.0524999999999999,41813.00000000003,0.0219506020059192,0.0149859360483845,349.33003504432065
2.2,0.0549999999999999,41797.000000000015,0.0218391551319047,0.0148227100025685,339.8886827458256
2.2,0.0574999999999999,41798.00000000003,0.0217190538364194,0.0146739152130895,331.74603174603175
2.2,0.06,41803.000000000015,0.0216094113417497,0.0145156190364655,323.1292517006803
2.2,0.0625,41814.00000000003,0.0214991669535385,0.0143562193631536,314.5124716553288
2.2,0.065,41823.00000000003,0.0214402280724613,0.0141518448952506,303.896103896104
2.2,0.0675,41801.000000000015,0.0212908876118766,0.0140666859002005,300.00000000000006
2.2,0.07,41796.00000000003,0.0212845821391934,0.013793168191541,284.4155844155845
2.2,0.0725,41787.000000000015,0.0211418514831982,0.0137151725710421,280.5194805194806
2.2,0.075,41774.000000000015,0.0210083540761336,0.0136378221385006,268.8311688311689
2.2,0.0774999999999999,41769.00000000003,0.0209237485270342,0.0134977036590193,261.0389610389611
2.2,0.0799999999999999,41775.000000000015,0.0208635660413713,0.0133303865594843,254.31869717584004
2.2,0.0824999999999999,41739.00000000002,0.0207488182423062,0.0132465681919007,243.8672438672439
2.2,0.0849999999999999,41787.00000000003,0.0207337831141568,0.0130297966972073,229.9319727891157
2.2,0.0875,41784.000000000015,0.020602655594128,0.0129847478562633,227.2933415790559
2.2,0.09,41813.00000000002,0.0205358541973399,0.0128698677910626,215.007215007215
2.2,0.0925,41778.00000000003,0.0204644553653732,0.0127536513168929,208.86415172129452
2.2,0.095,41764.000000000015,0.0204485780342254,0.0125718341992953,190.4349618635333
2.2,0.0975,41780.00000000002,0.0203333416389546,0.0125376000800308,190.4349618635333
2.2,0.1,41789.00000000003,0.0202787618133842,0.012435352792246,178.14883529169242
2.3000000000000007,-0.1,41426.00000000003,0.0343095385258707,0.027693315076751,923.3560090702948
2.3000000000000007,-0.0975,41379.00000000002,0.0337704801920592,0.027736058776131,912.8633271490414
2.3000000000000007,-0.095,41380.000000000015,0.0335308422558551,0.0275024015333404,912.8633271490414
2.3000000000000007,-0.0925,41388.00000000003,0.0335555886452371,0.0270226152513102,889.4660894660894
2.3000000000000007,-0.09,41381.00000000002,0.0333065521859633,0.0267919787766613,889.4660894660894
2.3000000000000007,-0.0875,41354.000000000015,0.0328059798292485,0.0268105432386385,879.7979797979798
2.3000000000000007,-0.085,41361.00000000003,0.032830281337324,0.0263333772600461,870.1298701298701
2.3000000000000007,-0.0825,41320.00000000002,0.0323336843156937,0.0263539865222532,860.4617604617605
2.3000000000000007,-0.08,41318.000000000015,0.0321012022461469,0.0261219679553658,860.4617604617605
2.3000000000000007,-0.0775,41297.00000000003,0.0318694580258202,0.0258911164964255,841.1255411255412
2.3000000000000007,-0.075,41269.00000000002,0.0316398241688542,0.0256606255978162,841.1255411255412
2.3000000000000007,-0.0725,41265.000000000015,0.0314046988047755,0.0254310574411056,821.7893217893218
2.3000000000000007,-0.07,41236.00000000003,0.0311738102532404,0.0252014600563567,822.4489795918365
2.3000000000000007,-0.0675,41207.000000000015,0.0309490191114309,0.0249714677972676,804.7619047619046
2.3000000000000007,-0.065,41175.00000000003,0.0307243833198989,0.024748254486015,804.7619047619046
2.3000000000000007,-0.0625,41183.00000000003,0.0305011245951868,0.0245247563597055,787.0748299319727
2.3000000000000007,-0.06,41160.000000000015,0.0300509696820658,0.0245241370071116,778.2312925170066
2.3000000000000007,-0.0575,41151.00000000003,0.0300544632988722,0.0240747612179095,769.3877551020406
2.3000000000000007,-0.055,41111.00000000002,0.0296074283482372,0.0240738065782286,760.5442176870747
2.3000000000000007,-0.0525,41119.00000000003,0.0296138449443008,0.0236263457149459,751.7006802721087
2.3000000000000007,-0.05,41090.00000000003,0.0291778433801168,0.0236217595185897,742.8571428571427
2.3000000000000007,-0.0475,41073.000000000015,0.0291847963629166,0.0231782358218817,729.7258297258297
2.3000000000000007,-0.045,41060.00000000003,0.028777020235405,0.0231578711491055,721.7068645640074
2.3000000000000007,-0.0425,41046.00000000002,0.0287583575308113,0.0227390656128961,713.6878994021852
2.3000000000000007,-0.04,41036.00000000003,0.0283583551067418,0.0227143379227131,705.6689342403628
2.3000000000000007,-0.0375,41023.00000000003,0.0283457581903636,0.0222909986603525,697.6499690785404
2.3000000000000007,-0.035,40987.000000000015,0.0279473631497223,0.0222710624658563,689.6310039167181
2.3000000000000007,-0.0325,40987.00000000003,0.0277453938549824,0.0220550804664771,673.5930735930735
2.3000000000000007,-0.03,40965.000000000015,0.0275469281623186,0.0218318723554959,673.5930735930735
2.3000000000000007,-0.0275,40943.00000000003,0.0273482358882786,0.0216121003314628,657.555143269429
2.3000000000000007,-0.025,40923.000000000015,0.0271006276395023,0.0214542439810372,646.5677179962895
2.3000000000000007,-0.0225,40914.00000000003,0.0269771895117667,0.0211553873286981,647.4953617810761
2.3000000000000007,-0.02,40874.000000000015,0.0267800530405682,0.0209418558426858,633.1065759637188
2.3000000000000007,-0.0175,40899.00000000003,0.026592670649412,0.0207284043987971,618.7177901463617
2.3000000000000007,-0.015,40891.00000000002,0.0265601082132346,0.0203491402182208,611.523397237683
2.3000000000000007,-0.0124999999999999,40876.00000000003,0.0262126894955015,0.0203063025892026,604.3290043290044
2.3000000000000007,-0.01,40846.00000000002,0.0260306406365502,0.0200942193130031,589.9402185116471
2.3000000000000007,-0.0075,40841.00000000003,0.0258498386996659,0.0198810288515757,589.9402185116471
2.3000000000000007,-0.005,40846.00000000002,0.0256675501812622,0.0196745216244291,575.5514326942898
2.3000000000000007,-0.0025,40830.00000000003,0.0254934408609214,0.0194625940115643,569.6969696969697
2.3000000000000007,0.0,40818.00000000003,0.0254616103646804,0.0190897213949878,554.1743970315399
2.3000000000000007,0.0025,40799.00000000003,0.0250255971989984,0.0191796499961373,554.1743970315399
2.3000000000000007,0.0049999999999999,40785.00000000003,0.0247332909940829,0.0191193030591516,547.8045763760049
2.3000000000000007,0.0074999999999999,40769.00000000003,0.0248198836123045,0.0186270166052215,535.0649350649351
2.3000000000000007,0.0099999999999999,40743.00000000003,0.0246490483519162,0.0184230445603434,522.3252937538653
2.3000000000000007,0.0124999999999999,40736.00000000003,0.0244891294748528,0.0182228246799166,509.5856524427954
2.3000000000000007,0.015,40706.00000000002,0.0242073385747255,0.0181663740411017,503.2158317872604
2.3000000000000007,0.0175,40680.00000000003,0.0240836113927441,0.0179250239045664,500.43290043290045
2.3000000000000007,0.0199999999999999,40686.000000000015,0.0239285403260661,0.0177262512833751,488.5178313749743
2.3000000000000007,0.0224999999999999,40673.00000000003,0.0237716466801936,0.0175319189721585,482.4366110080396
2.3000000000000007,0.0249999999999999,40649.000000000015,0.0237196018568046,0.0172166909784017,465.8008658008658
2.3000000000000007,0.0274999999999999,40650.00000000003,0.023474358069892,0.0171464628613764,460.25561739847456
2.3000000000000007,0.03,40633.000000000015,0.0233288928257308,0.0169548221191685,449.16512059369205
2.3000000000000007,0.0325,40632.00000000003,0.0230986180660261,0.0168822556376176,443.6198721913008
2.3000000000000007,0.035,40626.000000000015,0.0230535875002923,0.016575913745005,438.0746237889095
2.3000000000000007,0.0375,40612.00000000003,0.0230061929308856,0.0162761826869111,421.43887858173576
2.3000000000000007,0.04,40619.00000000003,0.0227995182577824,0.0161833217881788,415.7699443413729
2.3000000000000007,0.0425,40608.000000000015,0.0226728473045931,0.0159997601619812,405.504019789734
2.3000000000000007,0.0449999999999999,40606.00000000003,0.0224711117582864,0.0159227656736565,400.3710575139146
2.3000000000000007,0.0474999999999999,40601.000000000015,0.0224258200044437,0.0156323145854597,382.3747680890537
2.3000000000000007,0.0499999999999999,40571.00000000003,0.0223099219708736,0.0154575909090193,372.93341579055857
2.3000000000000007,0.0524999999999999,40607.00000000003,0.0220551981395301,0.0154665093895047,372.93341579055857
2.3000000000000007,0.0549999999999999,40540.000000000015,0.0220691070653664,0.0151162403704128,363.4920634920634
2.3000000000000007,0.0574999999999999,40540.00000000003,0.0219570015402469,0.0149513182897043,354.05071119356825
2.3000000000000007,0.06,40507.000000000015,0.0218404313982291,0.0147851475841415,344.6093588950731
2.3000000000000007,0.0625,40537.00000000003,0.0216070781274991,0.0147999925941799,336.05442176870747
2.3000000000000007,0.065,40521.00000000003,0.0215557592331065,0.0145621657978782,331.74603174603175
2.3000000000000007,0.0675,40564.000000000015,0.0215075852827547,0.014331607692411,318.8208616780045
2.3000000000000007,0.07,40547.00000000003,0.0213529601714847,0.0142647130273999,307.7922077922079
2.3000000000000007,0.0725,40544.000000000015,0.0212528512738761,0.0141120283924516,300.00000000000006
2.3000000000000007,0.075,40543.00000000002,0.0211584159317572,0.0139620198599995,292.20779220779224
2.3000000000000007,0.0774999999999999,40521.00000000003,0.0210688459707682,0.0138145602028438,284.4155844155845
2.3000000000000007,0.0799999999999999,40496.000000000015,0.0209419989219717,0.0137344656398837,272.7272727272728
2.3000000000000007,0.0824999999999999,40493.000000000015,0.0208222253135287,0.0136563865069342,268.8311688311689
2.3000000000000007,0.0849999999999999,40508.00000000003,0.02084314764497,0.0133641142328014,254.31869717584004
2.3000000000000007,0.0875,40498.000000000015,0.02070234949064,0.0133306802147123,254.31869717584004
2.3000000000000007,0.09,40469.00000000003,0.0206609325782465,0.0131536941576246,236.8996083281798
2.3000000000000007,0.0925,40502.00000000003,0.0205874412684092,0.0130292564631089,229.9319727891157
2.3000000000000007,0.095,40524.000000000015,0.0205283270955324,0.012891873375842,221.1502782931354
2.3000000000000007,0.0975,40505.00000000002,0.0205108780651071,0.0127040761980105,202.72108843537413
2.3000000000000007,0.1,40498.00000000003,0.0203982605619785,0.0126680628210654,202.72108843537413
2.4000000000000004,-0.1,40099.00000000003,0.0338419285201851,0.0285546771216359,954.8340548340548
2.4000000000000004,-0.0975,40122.00000000002,0.033613294968883,0.028320208910753,933.8486909915482
2.4000000000000004,-0.095,40100.000000000015,0.0333766203746295,0.0280853105549219,933.8486909915482
2.4000000000000004,-0.0925,40085.00000000003,0.0331498215176788,0.0278531628730839,912.8633271490414
2.4000000000000004,-0.09,40080.00000000002,0.0329160047666816,0.0276139903379643,912.8633271490414
2.4000000000000004,-0.0875,40073.000000000015,0.0326796048529169,0.0273860111389671,891.8779633065349
2.4000000000000004,-0.085,40045.00000000003,0.0324524110476039,0.0271575742416523,899.1341991341992
2.4000000000000004,-0.0825,40030.00000000002,0.032223549219604,0.0269261448538041,879.7979797979798
2.4000000000000004,-0.08,40034.000000000015,0.031995485505193,0.0266959707683159,879.7979797979798
2.4000000000000004,-0.0775,40004.00000000003,0.0317771998493807,0.0264660030723695,860.4617604617605
2.4000000000000004,-0.075,39999.00000000002,0.0315478762364779,0.0262363597069381,860.4617604617605
2.4000000000000004,-0.0725,39979.000000000015,0.0313263266025292,0.026003995693246,841.1255411255412
2.4000000000000004,-0.07,39971.00000000003,0.0311052624218987,0.0257726141495538,841.1255411255412
2.4000000000000004,-0.0675,39950.00000000002,0.030887020761462,0.0255430773842943,821.7893217893218
2.4000000000000004,-0.065,39939.00000000003,0.0306614181225909,0.0253128143057684,821.7893217893218
2.4000000000000004,-0.0625,39909.00000000003,0.0304479859878794,0.0250818979349879,804.7619047619046
2.4000000000000004,-0.06,39892.000000000015,0.0302343434408834,0.0248559236488429,804.7619047619046
2.4000000000000004,-0.0575,39870.00000000003,0.0300214108236685,0.0246330933748043,787.0748299319727
2.4000000000000004,-0.055,39851.000000000015,0.0295888797487885,0.024632680945103,778.2312925170066
2.4000000000000004,-0.0525,39852.00000000003,0.0295933832377214,0.0241815087840615,769.3877551020406
2.4000000000000004,-0.05,39815.00000000003,0.02917396369279,0.0241781568455921,760.5442176870747
2.4000000000000004,-0.0475,39819.000000000015,0.0291748257388111,0.0237311778745839,751.7006802721087
2.4000000000000004,-0.045,39816.00000000003,0.0289668049065731,0.0235112326187928,751.7006802721087
2.4000000000000004,-0.0425,39779.00000000002,0.0287958415096373,0.0232522551901079,741.9501133786846
2.4000000000000004,-0.04,39779.00000000003,0.0285581758538251,0.0230629214365753,729.7258297258297
2.4000000000000004,-0.0375,39746.00000000003,0.0281667201992157,0.023040166672236,721.7068645640074
2.4000000000000004,-0.035,39710.000000000015,0.0279724722596227,0.0228230574479578,705.6689342403628
2.4000000000000004,-0.0325,39719.00000000003,0.0277764430492962,0.0225970085705262,705.6689342403628
2.4000000000000004,-0.03,39705.000000000015,0.027581110306448,0.0223725750879706,689.6310039167181
2.4000000000000004,-0.0275,39684.00000000003,0.027565279831966,0.02195316679961,681.6120387548958
2.4000000000000004,-0.025,39659.00000000002,0.0271948789305866,0.021932328735735,673.5930735930735
2.4000000000000004,-0.0225,39653.00000000003,0.0270052856039236,0.0217126205991348,657.555143269429
2.4000000000000004,-0.02,39619.00000000002,0.0269306855413153,0.0213704417267631,654.1743970315399
2.4000000000000004,-0.0175,39615.00000000003,0.0266560853612627,0.0212594141725573,647.4953617810761
2.4000000000000004,-0.015,39605.00000000002,0.0264705343677883,0.0210412871980892,633.1065759637188
2.4000000000000004,-0.0124999999999999,39588.00000000003,0.0262910740543479,0.0208250699017969,633.1065759637188
2.4000000000000004,-0.01,39563.00000000002,0.0261077911432898,0.0206110825757048,618.7177901463617
2.4000000000000004,-0.0075,39553.00000000003,0.0257872149519326,0.0205708909984605,611.523397237683
2.4000000000000004,-0.005,39546.00000000002,0.0257569413488664,0.020183674798435,604.3290043290044
2.4000000000000004,-0.0025,39540.00000000003,0.0255879372307003,0.0199726711624694,589.9402185116471
2.4000000000000004,0.0,39536.00000000003,0.0252741590193696,0.0199310535358387,582.7458256029685
2.4000000000000004,0.0025,39545.00000000003,0.0251195181311635,0.019705970422925,576.4790764790765
2.4000000000000004,0.0049999999999999,39530.00000000002,0.0248235085349461,0.0196586610669654,569.6969696969697
2.4000000000000004,0.0074999999999999,39530.00000000003,0.0249273490015186,0.0191200342248548,547.804576376005
2.4000000000000004,0.0099999999999999,39520.000000000015,0.0247659124139985,0.0189164988230394,547.804576376005
2.4000000000000004,0.0124999999999999,39487.00000000003,0.0244861284467866,0.0188590654208404,541.43475572047
2.4000000000000004,0.015,39471.00000000002,0.0243345312127066,0.0186542172797442,528.6951144094002
2.4000000000000004,0.0175,39472.00000000003,0.0241810091936868,0.0184486408583558,515.9554730983302
2.4000000000000004,0.0199999999999999,39448.000000000015,0.0241445829197047,0.0181104568489039,509.5856524427954
2.4000000000000004,0.0224999999999999,39438.00000000003,0.0238831449015388,0.0180509430164436,503.2158317872604
2.4000000000000004,0.0249999999999999,39434.000000000015,0.0237646499977308,0.0178136129976133,488.5178313749743
2.4000000000000004,0.0274999999999999,39402.00000000003,0.0236203931795845,0.0176151888215819,488.5178313749743
2.4000000000000004,0.03,39418.000000000015,0.0234716790311711,0.0174250864475099,471.34611420325706
2.4000000000000004,0.0325,39374.00000000003,0.0233376528926987,0.0172279628276382,460.25561739847456
2.4000000000000004,0.035,39367.000000000015,0.0231938508795065,0.0170381961354189,460.25561739847456
2.4000000000000004,0.0375,39355.00000000002,0.0230626164492948,0.0168489898159241,449.16512059369205
2.4000000000000004,0.04,39353.00000000003,0.0229310681720128,0.0166590795372852,438.0746237889095
2.4000000000000004,0.0425,39345.000000000015,0.0228016588497817,0.0164697138520248,426.98412698412704
2.4000000000000004,0.0449999999999999,39366.00000000003,0.0225942407051846,0.0163995662804022,421.43887858173576
2.4000000000000004,0.0474999999999999,39345.000000000015,0.0224919948770023,0.0161833726904473,410.6369820655534
2.4000000000000004,0.0499999999999999,39335.00000000003,0.0223788691555599,0.0160031091526479,400.3710575139146
2.4000000000000004,0.0524999999999999,39354.00000000003,0.0223296197545635,0.015725622670715,395.2380952380952
2.4000000000000004,0.0549999999999999,39327.000000000015,0.0220243877826375,0.0158134208619428,387.0954442383013
2.4000000000000004,0.0574999999999999,39323.00000000003,0.02197936038856,0.0155457449690889,372.93341579055857
2.4000000000000004,0.06,39292.000000000015,0.0219309816755326,0.0152810680472619,368.21273964131103
2.4000000000000004,0.0625,39282.00000000003,0.0218254522593024,0.0151140528865508,358.77138734281584
2.4000000000000004,0.065,39281.00000000003,0.0217181721937702,0.0149465150825567,349.33003504432065
2.4000000000000004,0.0675,39259.000000000015,0.0216178100511489,0.0147827568893761,339.8886827458256
2.4000000000000004,0.07,39247.00000000003,0.0215091000890724,0.0146325775751114,331.74603174603175
2.4000000000000004,0.0725,39248.000000000015,0.0214110958136252,0.0144782190863507,323.1292517006803
2.4000000000000004,0.075,39255.000000000015,0.0213194554797963,0.0143204413148145,314.5124716553288
2.4000000000000004,0.0774999999999999,39274.00000000003,0.0211809400379653,0.0142451487480856,311.6883116883118
2.4000000000000004,0.0799999999999999,39255.000000000015,0.0210931846238486,0.0140913502721211,303.896103896104
2.4000000000000004,0.0824999999999999,39273.00000000002,0.0210533465865169,0.0138791245599571,284.4155844155845
2.4000000000000004,0.0849999999999999,39235.00000000003,0.0209675879785433,0.0137369536856469,276.6233766233767
2.4000000000000004,0.0875,39246.000000000015,0.0208864233839966,0.0135969246476245,268.8311688311689
2.4000000000000004,0.09,39225.00000000002,0.0208010224728845,0.0134731984738592,257.8025149453721
2.4000000000000004,0.0925,39228.00000000003,0.0207248758369418,0.0133405101594136,250.834879406308
2.4000000000000004,0.095,39239.000000000015,0.0206293310086394,0.0132590454845985,247.351061636776
2.4000000000000004,0.0975,39238.00000000002,0.0205597294340923,0.0131336595213898,240.38342609771183
2.4000000000000004,0.1,39273.00000000003,0.02048511738105,0.0130306363852516,227.29334157905583
2.5,-0.1,38803.00000000003,0.0336107236775294,0.0291167180484004,975.8194186765616
2.5,-0.0975,38776.00000000002,0.0333858331865888,0.0288867076396046,954.8340548340548
2.5,-0.095,38740.000000000015,0.0331599063910598,0.0286514136956026,954.8340548340548
2.5,-0.0925,38742.00000000003,0.0329333392567717,0.0284177891788258,933.8486909915482
2.5,-0.09,38721.00000000002,0.0327093785842292,0.0281850597250946,933.8486909915482
2.5,-0.0875,38717.000000000015,0.0327533654772379,0.0276713901400485,923.3560090702948
2.5,-0.085,38675.00000000003,0.0322642870142422,0.0277117400365872,912.8633271490414
2.5,-0.0825,38677.00000000002,0.0320439550002812,0.0274823644930003,912.8633271490414
2.5,-0.08,38663.000000000015,0.0320686384672404,0.0270016469358926,889.4660894660894
2.5,-0.0775,38630.00000000003,0.0316123300405348,0.0270213529658121,879.7979797979798
2.5,-0.075,38629.000000000015,0.0313931259591519,0.0267871756305768,879.7979797979798
2.5,-0.0725,38613.000000000015,0.0311831778005633,0.0265605890444419,860.4617604617605
2.5,-0.07,38603.00000000003,0.0309714632515815,0.0263342962949625,860.4617604617605
2.5,-0.0675,38581.000000000015,0.0305293486122725,0.0263544982153736,850.7936507936508
2.5,-0.065,38581.00000000003,0.0305523599423347,0.0258700225555532,841.1255411255412
2.5,-0.0625,38554.00000000002,0.0301067215403139,0.025889816396526,831.4574314574314
2.5,-0.06,38529.000000000015,0.0301273786720962,0.0254094763059416,821.7893217893218
2.5,-0.0575,38527.00000000003,0.0299263911269237,0.025177289673571,822.4489795918365
2.5,-0.055,38520.000000000015,0.0297187140102989,0.0249506433504269,804.7619047619046
2.5,-0.0525,38501.00000000003,0.0293088019024104,0.0249506926918744,795.9183673469386
2.5,-0.05,38482.00000000003,0.029311344481909,0.0245023915123276,787.0748299319727
2.5,-0.0475,38462.000000000015,0.028909230794373,0.0244997488371467,778.2312925170066
2.5,-0.045,38453.00000000003,0.0289147607570613,0.0240475660848586,769.3877551020406
2.5,-0.0425,38438.000000000015,0.0285108624083967,0.0240473737062287,760.5442176870747
2.5,-0.04,38429.00000000003,0.0285134000857779,0.0235986618138269,751.7006802721087
2.5,-0.0375,38408.00000000002,0.0281273107285369,0.0235929374220809,742.8571428571427
2.5,-0.035,38392.000000000015,0.0279758626548516,0.0233234057711228,733.5188620902904
2.5,-0.0325,38363.00000000003,0.0277660579144741,0.0231239292284348,721.7068645640074
2.5,-0.03,38359.000000000015,0.0277519679192912,0.0227024896061894,713.6878994021852
2.5,-0.0275,38352.00000000003,0.0273900403457588,0.0226772083419686,705.6689342403628
2.5,-0.025,38335.000000000015,0.0272026107333108,0.0224536528318435,689.6310039167181
2.5,-0.0225,38324.00000000003,0.0270230284561312,0.0222336152496723,689.6310039167181
2.5,-0.02,38302.000000000015,0.0268374207907818,0.0220124606641994,673.5930735930735
2.5,-0.0175,38298.00000000003,0.0266566769167806,0.0217932562776328,673.5930735930735
2.5,-0.015,38251.00000000002,0.0264315512123243,0.0216296352069898,661.7810760667904
2.5,-0.0124999999999999,38267.00000000003,0.0262618748134474,0.0214143222732426,646.5677179962895
2.5,-0.01,38249.00000000002,0.0261501545461877,0.0211150435307387,633.1065759637188
2.5,-0.0075,38224.00000000003,0.0259764856578,0.0208982450969048,633.1065759637188
2.5,-0.005,38210.00000000002,0.025805370682885,0.0206847078172686,618.7177901463617
2.5,-0.0025,38224.00000000003,0.0257730213850976,0.020297894506638,611.523397237683
2.5,0.0,38201.00000000003,0.0254676470237071,0.0202557608273875,604.3290043290044
2.5,0.0025,38188.00000000003,0.0251692710268269,0.0202143426257017,597.1346114203257
2.5,0.0049999999999999,38201.00000000002,0.0250038277716114,0.0200029094177564,597.1346114203257
2.5,0.0074999999999999,38188.00000000003,0.0249881071465271,0.0196199574440501,569.6969696969697
2.5,0.0099999999999999,38155.00000000002,0.0248305530761736,0.0194140832479302,569.6969696969697
2.5,0.0124999999999999,38159.00000000003,0.0246832576131362,0.019185709458133,560.5442176870749
2.5,0.015,38136.000000000015,0.0245297275558099,0.018978118742169,547.804576376005
2.5,0.0175,38131.00000000003,0.0242712619505497,0.0189181055230362,541.43475572047
2.5,0.0199999999999999,38067.000000000015,0.0241209235669285,0.0187185198878014,528.6951144094002
2.5,0.0224999999999999,38091.00000000003,0.0240854403283565,0.0183658641333787,522.3252937538653
2.5,0.0249999999999999,38085.000000000015,0.0238318736377144,0.0183082445933196,515.9554730983302
2.5,0.0274999999999999,38067.00000000003,0.0236916120434858,0.0181116007494071,503.2158317872604
2.5,0.03,38055.000000000015,0.023579936257609,0.0178708008138796,500.43290043290045
2.5,0.0325,38034.00000000003,0.0234458960853714,0.0176710188315875,488.5178313749743
2.5,0.035,38028.000000000015,0.0233110707661733,0.0174773105977297,476.6027623170481
2.5,0.0375,37988.00000000002,0.0231789469166069,0.0172782221910781,471.34611420325706
2.5,0.04,38002.00000000003,0.0230444180755523,0.0170894098855731,460.25561739847456
2.5,0.0425,37996.000000000015,0.0229213504845576,0.0168982959934245,449.16512059369205
2.5,0.0449999999999999,37977.00000000003,0.0227964708835643,0.0167057562361061,438.0746237889095
2.5,0.0474999999999999,37969.000000000015,0.022592913493743,0.0166349211193063,432.5293753865183
2.5,0.0499999999999999,37971.00000000003,0.0224721101743475,0.0164458775685685,421.43887858173576
2.5,0.0524999999999999,37961.00000000003,0.0223823447352978,0.0162294640820869,420.9029066171923
2.5,0.0549999999999999,37964.000000000015,0.0223328975828423,0.0159482396780594,405.504019789734
2.5,0.0574999999999999,37947.00000000003,0.0221533431627267,0.0158682548442171,390.1051329622758
2.5,0.06,37958.000000000015,0.0220643054554168,0.015673413472517,387.0954442383013
2.5,0.0625,37938.00000000002,0.0219542604430975,0.0154981346360062,377.6540919398061
2.5,0.065,37960.00000000003,0.0217962750778216,0.015410061048585,372.93341579055857
2.5,0.0675,37932.000000000015,0.0216951901168643,0.0152411606185786,363.4920634920634
2.5,0.07,37921.00000000003,0.0215954959049239,0.0150717752506999,354.05071119356825
2.5,0.0725,37922.000000000015,0.0214998147784666,0.0149060762846425,344.6093588950731
2.5,0.075,37882.000000000015,0.0214051418274905,0.0147497618098169,336.05442176870747
2.5,0.0774999999999999,37888.00000000003,0.0213092326584119,0.0145879910559846,327.437641723356
2.5,0.0799999999999999,37893.000000000015,0.021224685853803,0.0144298691388452,318.8208616780046
2.5,0.0824999999999999,37900.00000000002,0.021179223309025,0.0142126967304346,307.7922077922079
2.5,0.0849999999999999,37894.00000000003,0.0210923131199925,0.0140639002111149,300.00000000000006
2.5,0.0875,37885.000000000015,0.02093623628499,0.0140411653263217,292.2077922077923
2.5,0.09,37881.00000000002,0.0208602770630059,0.0138920917600049,284.4155844155845
2.5,0.0925,37869.00000000003,0.0207853952945324,0.0137469307018296,276.62337662337666
2.5,0.095,37865.000000000015,0.0207811403074084,0.0134916330302087,261.0389610389611
2.5,0.0975,37872.000000000015,0.0206713619249496,0.0134219230385459,261.2863327149041
2.5,0.1,37855.00000000003,0.02063236737317,0.0132407627683182,243.8672438672439
2.6000000000000005,-0.1,37462.00000000003,0.0333963744463698,0.0296929935057842,984.6011131725418
2.6000000000000005,-0.0975,37455.00000000002,0.0331856657297054,0.0294567989577936,984.6011131725418
2.6000000000000005,-0.095,37445.000000000015,0.0329656132701351,0.0292226690628406,975.8194186765616
2.6000000000000005,-0.0925,37441.00000000003,0.0330101134440672,0.0287161946348259,965.3267367553084
2.6000000000000005,-0.09,37394.00000000002,0.0322817131028794,0.0290327580494976,965.3267367553082
2.6000000000000005,-0.0875,37409.000000000015,0.0323251023881781,0.0285250325228599,954.8340548340548
2.6000000000000005,-0.085,37400.00000000003,0.0321141257119836,0.0282927164837411,933.8486909915482
2.6000000000000005,-0.0825,37400.000000000015,0.0318981662610795,0.0280573009586773,933.8486909915482
2.6000000000000005,-0.08,37387.000000000015,0.0316942692639673,0.027818780098823,912.8633271490414
2.6000000000000005,-0.0775,37386.00000000003,0.031487734693218,0.0275835046931164,912.8633271490414
2.6000000000000005,-0.075,37346.00000000002,0.0310267320507718,0.0276257772684154,902.370645227788
2.6000000000000005,-0.0725,37333.000000000015,0.0310678615546219,0.0271250251512571,899.1341991341992
2.6000000000000005,-0.07,37328.00000000003,0.0308633040984307,0.0268904857011555,879.7979797979798
2.6000000000000005,-0.0675,37318.000000000015,0.0306604340982571,0.0266552013081714,879.7979797979798
2.6000000000000005,-0.065,37308.00000000003,0.0304566880069773,0.0264328040585405,860.4617604617605
2.6000000000000005,-0.0625,37287.00000000002,0.0300284738867914,0.0264513273341296,850.7936507936508
2.6000000000000005,-0.06,37271.000000000015,0.0300476317068746,0.0259682398343519,841.1255411255412
2.6000000000000005,-0.0575,37249.00000000003,0.0296342322328684,0.0259866467322638,831.4574314574314
2.6000000000000005,-0.055,37252.000000000015,0.029658140517836,0.0255070808455121,821.7893217893218
2.6000000000000005,-0.0525,37219.00000000003,0.0291701307905248,0.0256135055848918,833.0241187384045
2.6000000000000005,-0.05,37241.00000000002,0.0292697737610306,0.0250416867836987,804.7619047619046
2.6000000000000005,-0.0475,37218.000000000015,0.0288826875613508,0.0250434846519587,795.9183673469386
2.6000000000000005,-0.045,37215.00000000003,0.0288873824383498,0.0245969371560873,787.0748299319727
2.6000000000000005,-0.0425,37206.000000000015,0.0285014195255679,0.0245968252940588,778.2312925170066
2.6000000000000005,-0.04,37203.00000000003,0.0285052699173209,0.0241436164267721,769.3877551020406
2.6000000000000005,-0.0375,37181.00000000002,0.0281208304542984,0.0241420272151907,760.5442176870747
2.6000000000000005,-0.035,37176.000000000015,0.0281244748441873,0.0236947086650762,751.7006802721087
2.6000000000000005,-0.0325,37146.00000000003,0.0277568463165545,0.023689145678797,742.8571428571427
2.6000000000000005,-0.03,37159.000000000015,0.0276180004000383,0.0234213108963448,733.5188620902904
2.6000000000000005,-0.0275,37143.00000000003,0.0272587913806627,0.0234073838337543,741.9501133786846
2.6000000000000005,-0.025,37132.000000000015,0.0272345047995111,0.0229952646382886,721.7068645640074
2.6000000000000005,-0.0225,37122.00000000003,0.0270639829165506,0.0227786291508534,705.6689342403628
2.6000000000000005,-0.02,37119.000000000015,0.026888534950717,0.0225534963333426,705.6689342403628
2.6000000000000005,-0.0175,37097.00000000003,0.0267117201948028,0.0223306227854815,689.6310039167181
2.6000000000000005,-0.015,37098.00000000002,0.0263841734032365,0.0223094395140433,681.6120387548958
2.6000000000000005,-0.0124999999999999,37080.00000000003,0.0263779791055466,0.0218902842208962,673.5930735930735
2.6000000000000005,-0.01,37058.00000000002,0.0262059888160021,0.0216686942858236,657.555143269429
2.6000000000000005,-0.0075,37066.00000000003,0.0261412816957034,0.0213224153611693,654.1743970315399
2.6000000000000005,-0.005,37055.00000000002,0.0258295297287227,0.0212859490009989,646.5677179962895
2.6000000000000005,-0.0025,37041.00000000003,0.0255901731918005,0.0211615165242547,640.3009688723974
2.6000000000000005,0.0,37038.00000000002,0.0255671300625674,0.0207722547017461,618.7177901463617
2.6000000000000005,0.0025,37024.00000000003,0.0254086358329003,0.0205574682417859,618.7177901463617
2.6000000000000005,0.0049999999999999,36997.00000000002,0.0249920695552857,0.0206903096883707,618.7177901463616
2.6000000000000005,0.0074999999999999,37013.00000000003,0.025224574926089,0.0199601352025297,597.1346114203258
2.6000000000000005,0.0099999999999999,36978.000000000015,0.0249408112146795,0.0199150995663185,589.9402185116471
2.6000000000000005,0.0124999999999999,36987.00000000003,0.0245373238175581,0.0200410899689401,589.9402185116471
2.6000000000000005,0.015,36983.00000000002,0.024652150400784,0.0194927133763574,569.6969696969697
2.6000000000000005,0.0175,36962.00000000003,0.0243834460880345,0.019442798637109,562.914862914863
2.6000000000000005,0.0199999999999999,36965.000000000015,0.0242586344930955,0.0192062443354293,554.1743970315399
2.6000000000000005,0.0224999999999999,36936.00000000003,0.0241189086691012,0.0189979336882488,541.43475572047
2.6000000000000005,0.0249999999999999,36915.000000000015,0.0240824225084154,0.0186520685613253,535.0649350649351
2.6000000000000005,0.0274999999999999,36902.00000000003,0.0238384910930652,0.0185928701842367,528.6951144094002
2.6000000000000005,0.03,36894.000000000015,0.0237041805483371,0.0183863126577707,515.9554730983302
2.6000000000000005,0.0325,36878.00000000003,0.0236691191933651,0.0180482892685511,509.5856524427954
2.6000000000000005,0.035,36857.000000000015,0.0234653398937989,0.0179505286211954,500.43290043290045
2.6000000000000005,0.0375,36870.00000000002,0.0233381909073001,0.017746533396694,488.5178313749743
2.6000000000000005,0.04,36841.00000000003,0.0229420856898265,0.0179446223185913,494.47536590393736
2.6000000000000005,0.0425,36817.000000000015,0.0229029402762865,0.0176161269070324,488.5178313749743
2.6000000000000005,0.0449999999999999,36830.00000000003,0.0229579167587136,0.0171651921314809,460.25561739847456
2.6000000000000005,0.0474999999999999,36804.000000000015,0.0227586471992467,0.0170913856445371,454.7103689960833
2.6000000000000005,0.0499999999999999,36797.00000000003,0.0227191107337646,0.0167834472063934,449.16512059369205
2.6000000000000005,0.0524999999999999,36784.00000000003,0.0224447642650331,0.0168271205580362,449.165120593692
2.6000000000000005,0.0549999999999999,36787.000000000015,0.022482362313515,0.0164087653670371,426.98412698412704
2.6000000000000005,0.0574999999999999,36757.00000000003,0.022249893372156,0.0164109259127743,426.0358688930117
2.6000000000000005,0.06,36777.000000000015,0.0221515405304163,0.0162241825883384,415.7699443413728
2.6000000000000005,0.0625,36752.00000000002,0.0220390618186734,0.0160409546086852,405.504019789734
2.6000000000000005,0.065,36765.00000000003,0.0219418885811729,0.0158618880968297,395.2380952380952
2.6000000000000005,0.0675,36748.000000000015,0.0219095303060982,0.0155669085032079,387.0954442383013
2.6000000000000005,0.07,36756.00000000003,0.0217529856279529,0.0154841229957226,382.3747680890537
2.6000000000000005,0.0725,36741.000000000015,0.0216035040291096,0.0153990608989166,368.212739641311
2.6000000000000005,0.075,36742.000000000015,0.0215591821642139,0.0151435248452123,363.4920634920634
2.6000000000000005,0.0774999999999999,36724.00000000003,0.0214145638806988,0.0150578981860168,349.3300350443207
2.6000000000000005,0.0799999999999999,36688.000000000015,0.0213321007300345,0.0148922389370278,340.3628117913832
2.6000000000000005,0.0824999999999999,36670.000000000015,0.0212446423497847,0.014728205796158,331.74603174603175
2.6000000000000005,0.0849999999999999,36694.00000000003,0.0212002255699762,0.0144971442330298,327.437641723356
2.6000000000000005,0.0875,36685.000000000015,0.0211278707643932,0.0143372419090208,318.8208616780046
2.6000000000000005,0.09,36684.00000000002,0.0210067162324174,0.0142581016331613,307.7922077922079
2.6000000000000005,0.0925,36694.00000000003,0.0209992732020056,0.0139784921761302,292.20779220779224
2.6000000000000005,0.095,36685.000000000015,0.0209243836371341,0.013828265900398,284.4155844155845
2.6000000000000005,0.0975,36691.000000000015,0.020780712145173,0.013806540845776,276.62337662337666
2.6000000000000005,0.1,36675.00000000003,0.0207127661737159,0.0136704053395654,268.8311688311689
2.7,-0.1,36170.00000000002,0.0331246784902422,0.0302634010749195,1007.2356215213358
2.7,-0.0975,36154.00000000002,0.0329108344620886,0.0300243870716072,1007.2356215213358
2.7,-0.095,36164.000000000015,0.0329751522130924,0.0294901815875463,995.9183673469388
2.7,-0.0925,36135.00000000003,0.0322338255064048,0.0298521809313493,995.9183673469388
2.7,-0.09,36140.00000000002,0.0320511771846357,0.0295950561935867,986.312100597815
2.7,-0.0875,36137.000000000015,0.0320957980777578,0.0290815591821201,975.8194186765616
2.7,-0.085,36119.00000000002,0.0318876794422387,0.0288512584681728,954.8340548340548
2.7,-0.0825,36094.00000000002,0.0316823185915761,0.0286188200936242,954.8340548340548
2.7,-0.08,36091.000000000015,0.0314884205271052,0.0283849228051879,933.8486909915482
2.7,-0.0775,36079.00000000003,0.031046959201025,0.028426875074547,944.3413729128016
2.7,-0.075,36088.00000000002,0.0313293018447172,0.0276375842253286,923.3560090702948
2.7,-0.0725,36065.000000000015,0.0308923979848169,0.0276749212106949,912.8633271490414
2.7,-0.07,36063.00000000002,0.0306937894325556,0.0274431181284062,912.8633271490414
2.7,-0.0675,36038.000000000015,0.0304814759738386,0.0272311211980058,897.1552257266544
2.7,-0.065,36032.00000000003,0.0302992598873611,0.0269858617522108,879.7979797979798
2.7,-0.0625,36026.00000000002,0.0301123545760404,0.0267504086457457,879.7979797979798
2.7,-0.06,35999.000000000015,0.0296998439626102,0.0267736699830711,870.1298701298701
2.7,-0.0575,35994.00000000002,0.0295075957460361,0.0265414785933155,870.1298701298701
2.7,-0.055,35991.000000000015,0.0293219702663568,0.0263120874148014,850.7936507936508
2.7,-0.0525,35988.00000000003,0.0293450829807532,0.0258289266123963,841.1255411255412
2.7,-0.05,35967.00000000002,0.0289446098083402,0.0258476802654047,831.4574314574314
2.7,-0.0475,35967.000000000015,0.0289640607780183,0.0253662239521364,821.7893217893218
2.7,-0.045,35956.00000000003,0.0287062656214426,0.0252335114831287,805.256648113791
2.7,-0.0425,35933.000000000015,0.0286019676044356,0.0249084152992411,804.7619047619046
2.7,-0.04,35917.00000000003,0.0282302042888083,0.0249062737956538,795.9183673469386
2.7,-0.0375,35930.00000000002,0.028234623953093,0.0244536911509989,787.0748299319727
2.7,-0.035,35894.000000000015,0.0278798103166105,0.0244506139282498,778.2312925170066
2.7,-0.0325,35897.00000000002,0.02770108822534,0.0242247504180473,760.5442176870747
2.7,-0.03,35871.000000000015,0.0273504824796942,0.0242214305601469,769.3877551020407
2.7,-0.0275,35884.00000000003,0.0273561614606553,0.0237698575448235,742.8571428571427
2.7,-0.025,35883.000000000015,0.0270512993770991,0.0237123887756747,741.9501133786846
2.7,-0.0225,35859.00000000003,0.0270447183677912,0.0232785282111752,733.5188620902904
2.7,-0.02,35841.00000000002,0.0268535743162951,0.0230726191413517,721.7068645640074
2.7,-0.0175,35822.00000000003,0.0266888928075242,0.0228541074905906,705.6689342403628
2.7,-0.015,35809.00000000002,0.0265252087800613,0.0226288254803961,705.6689342403628
2.7,-0.0124999999999999,35821.00000000003,0.0263611222292442,0.0224060676266789,689.6310039167181
2.7,-0.01,35806.000000000015,0.0260489019775654,0.0223825976878039,697.6499690785405
2.7,-0.0075,35791.00000000003,0.0260373380655766,0.0219628422712816,673.5930735930735
2.7,-0.005,35780.000000000015,0.0258804266125539,0.0217402764343164,673.5930735930735
2.7,-0.0025,35769.00000000003,0.0256810336515635,0.0215834128293308,661.7810760667904
2.7,0.0,35754.00000000002,0.0256670424360202,0.0211762559921393,638.961038961039
2.7,0.0025,35747.00000000003,0.0253728209995653,0.0211424688034694,646.5677179962895
2.7,0.0049999999999999,35738.000000000015,0.0252779996971328,0.0208503964475118,633.1065759637188
2.7,0.0074999999999999,35735.00000000003,0.0251312201517772,0.0206346953572808,618.7177901463617
2.7,0.0099999999999999,35714.000000000015,0.0248570156829626,0.0205928508633301,611.523397237683
2.7,0.0124999999999999,35720.00000000003,0.0248355523305973,0.0202043052032879,604.3290043290044
2.7,0.015,35718.000000000015,0.0246958642832314,0.0199908918051269,589.9402185116471
2.7,0.0175,35702.00000000003,0.0243123288324609,0.0201178924615586,589.9402185116471
2.7,0.0199999999999999,35709.000000000015,0.0243014410527855,0.0197220988114434,576.4790764790765
2.7,0.0224999999999999,35688.00000000003,0.0242756508481706,0.0193613288700108,569.6969696969697
2.7,0.0249999999999999,35668.000000000015,0.0241297897231267,0.0191464156260205,556.1327561327562
2.7,0.0274999999999999,35630.00000000003,0.0240049694821622,0.0189306319837624,547.804576376005
2.7,0.03,35630.000000000015,0.0236766858144551,0.0190132035862759,547.8045763760049
2.7,0.0325,35607.00000000003,0.0236427567197149,0.0186654967543814,528.6951144094002
2.7,0.035,35643.000000000015,0.0236145841364892,0.0183174249342246,522.3252937538653
2.7,0.0375,35622.000000000015,0.0233896555241153,0.0182583579252215,515.9554730983302
2.7,0.04,35605.00000000003,0.0232685698660976,0.0180600708337335,503.2158317872604
2.7,0.0425,35592.000000000015,0.0230814124035309,0.0179531021614007,494.4753659039374
2.7,0.0449999999999999,35580.00000000003,0.0229620967458665,0.0177500663112316,494.4753659039374
2.7,0.0474999999999999,35574.000000000015,0.0227639088171528,0.0176840974970583,488.5178313749743
2.7,0.0499999999999999,35548.00000000003,0.0227326865691486,0.017350804392131,476.89136260564834
2.7,0.0524999999999999,35573.00000000003,0.0226931049688734,0.0170445428324977,460.25561739847456
2.7,0.0549999999999999,35552.000000000015,0.0225901422424297,0.0168517621916306,449.16512059369205
2.7,0.0574999999999999,35550.00000000003,0.0224104494151798,0.0167792263323696,443.6198721913008
2.7,0.06,35536.000000000015,0.0221607705396408,0.0168213989260394,443.6198721913008
2.7,0.0625,35536.00000000002,0.0221266962628469,0.0165153470686121,426.984126984127
2.7,0.065,35544.00000000003,0.0220521512328711,0.0162937103922399,426.0358688930117
2.7,0.0675,35537.000000000015,0.0218914318051804,0.0162106642496119,410.6369820655534
2.7,0.07,35520.00000000002,0.0219128498060859,0.0158286321670611,400.3710575139146
2.7,0.0725,35509.000000000015,0.0216955871239257,0.0158541325540227,390.1051329622758
2.7,0.075,35508.000000000015,0.0216836275398969,0.0155532141314138,382.3747680890537
2.7,0.0774999999999999,35506.00000000003,0.0215893219574159,0.0153806885948846,372.93341579055857
2.7,0.0799999999999999,35477.000000000015,0.0214997703885404,0.0152114085218856,363.4920634920634
2.7,0.0824999999999999,35476.000000000015,0.0213643456518688,0.0151311869150638,358.77138734281584
2.7,0.0849999999999999,35467.00000000003,0.0212812103489854,0.014962021681134,348.9795918367347
2.7,0.0875,35447.000000000015,0.0212431188531702,0.0147220645509307,336.05442176870747
2.7,0.09,35431.000000000015,0.0211626825203784,0.0145632282180149,327.437641723356
2.7,0.0925,35431.00000000003,0.0211262350569345,0.0143349887485355,314.5124716553288
2.7,0.095,35429.000000000015,0.0210161769523829,0.0142549172727156,301.5873015873016
2.7,0.0975,35391.000000000015,0.020903955107624,0.0141686146737546,300.00000000000006
2.7,0.1,35411.00000000003,0.020838024020154,0.0140224121061084,292.2077922077923
2.8000000000000007,-0.1,34806.00000000002,0.0325215638829891,0.0311229255564992,1041.1873840445269
2.8000000000000007,-0.0975,34803.00000000002,0.0325824617501356,0.0305870763060322,1029.87012987013
2.8000000000000007,-0.095,34791.000000000015,0.0326401771773874,0.0300523295074887,1018.5528756957328
2.8000000000000007,-0.0925,34755.00000000002,0.0319290574225111,0.0304133193571602,1018.5528756957328
2.8000000000000007,-0.09,34749.00000000002,0.0319845699224861,0.0298769193710741,1007.2356215213358
2.8000000000000007,-0.0875,34756.000000000015,0.031790286196994,0.0296429021021072,984.6011131725418
2.8000000000000007,-0.085,34739.00000000002,0.0313399375758942,0.0297027059781162,995.9183673469388
2.8000000000000007,-0.0825,34720.00000000002,0.0311683660832784,0.0294445831271839,986.312100597815
2.8000000000000007,-0.08,34728.000000000015,0.0312087618839912,0.0289381584150456,954.8340548340548
2.8000000000000007,-0.0775,34708.00000000002,0.0307887898635643,0.0289791943164822,965.3267367553082
2.8000000000000007,-0.075,34688.00000000002,0.0305967660656758,0.0287442339084788,944.3413729128016
2.8000000000000007,-0.0725,34671.000000000015,0.0304072339308128,0.0285100790466724,944.3413729128016
2.8000000000000007,-0.07,34654.00000000002,0.0299982279151911,0.0285521377965299,933.8486909915482
2.8000000000000007,-0.0675,34649.000000000015,0.0300380461730986,0.0280386098972216,923.3560090702948
2.8000000000000007,-0.065,34639.00000000002,0.0298494104492724,0.0278043441921004,923.3560090702948
2.8000000000000007,-0.0625,34634.00000000002,0.0296690010946256,0.0275723876861486,907.235621521336
2.8000000000000007,-0.06,34618.000000000015,0.0293077198071763,0.0275660429949846,899.1341991341992
2.8000000000000007,-0.0575,34645.00000000002,0.029529394404253,0.0268312713158693,879.7979797979798
2.8000000000000007,-0.055,34599.00000000002,0.0289433836992149,0.0271030628756568,879.7979797979799
2.8000000000000007,-0.0525,34614.00000000002,0.0291670628018438,0.0263700567934822,860.4617604617605
2.8000000000000007,-0.05,34607.00000000002,0.0287870393556825,0.0263895989011198,870.1298701298701
2.8000000000000007,-0.0475,34592.000000000015,0.0286132153321464,0.0261537754722665,850.7936507936508
2.8000000000000007,-0.045,34584.00000000003,0.0284358460941565,0.025921240382047,850.7936507936508
2.8000000000000007,-0.0425,34572.00000000002,0.0282590724212426,0.0256946612120545,831.4574314574314
2.8000000000000007,-0.04,34548.00000000003,0.0278431261796577,0.0257875539754101,823.7682951968667
2.8000000000000007,-0.0375,34573.00000000002,0.0280398370075068,0.0250737242451904,805.256648113791
2.8000000000000007,-0.035,34534.000000000015,0.027592227651527,0.0252025655291337,804.7619047619046
2.8000000000000007,-0.0325,34539.00000000002,0.0274269262956518,0.0249772512231808,804.7619047619046
2.8000000000000007,-0.03,34524.000000000015,0.0272588312012308,0.0247500534637255,787.0748299319725
2.8000000000000007,-0.0275,34508.00000000002,0.0270978128594373,0.0245228793941718,787.0748299319725
2.8000000000000007,-0.025,34491.000000000015,0.0269336067215531,0.0242913397270009,769.3877551020407
2.8000000000000007,-0.0225,34494.00000000003,0.0267730743490519,0.024064185759058,769.3877551020407
2.8000000000000007,-0.02,34479.000000000015,0.0266116467973913,0.023840565153137,751.7006802721087
2.8000000000000007,-0.0175,34479.00000000003,0.0264913230764706,0.0235616294512123,741.9501133786846
2.8000000000000007,-0.015,34480.000000000015,0.0263381337161425,0.0233326369040011,725.0876108018963
2.8000000000000007,-0.0124999999999999,34488.00000000003,0.0263153323883586,0.0229237719208852,721.7068645640074
2.8000000000000007,-0.01,34484.000000000015,0.0260144640097475,0.0228997471985127,713.687899402185
2.8000000000000007,-0.0075,34447.00000000003,0.0261498829904297,0.0222768273367124,697.6499690785404
2.8000000000000007,-0.005,34439.00000000002,0.0258502439713967,0.0222525303704785,689.6310039167181
2.8000000000000007,-0.0025,34436.00000000003,0.0256975385533097,0.0220310670446397,673.5930735930735
2.8000000000000007,0.0,34418.000000000015,0.0255513272124455,0.0218083149366853,673.5930735930735
2.8000000000000007,0.0025,34427.00000000003,0.025365105810627,0.0216460128238172,661.7810760667904
2.8000000000000007,0.0049999999999999,34389.000000000015,0.0249634934535949,0.0217990622685026,661.7810760667903
2.8000000000000007,0.0074999999999999,34381.00000000003,0.0252046866814375,0.0210230230570234,638.961038961039
2.8000000000000007,0.0099999999999999,34401.000000000015,0.0248690151672319,0.0210840186704794,640.3009688723974
2.8000000000000007,0.0124999999999999,34374.00000000003,0.0246118821488904,0.0210410559750272,633.1065759637189
2.8000000000000007,0.015,34361.000000000015,0.0244772000932667,0.0208240357819584,633.1065759637189
2.8000000000000007,0.0175,34361.00000000003,0.0243452801328661,0.0206067858607232,618.7177901463616
2.8000000000000007,0.0199999999999999,34349.000000000015,0.0242052820075508,0.0203952768210186,604.3290043290044
2.8000000000000007,0.0224999999999999,34338.00000000003,0.0240738868925949,0.0201775000163415,604.3290043290044
2.8000000000000007,0.0249999999999999,34340.000000000015,0.0238599611059246,0.0200979399730653,590.0432900432901
2.8000000000000007,0.0274999999999999,34322.00000000003,0.0238321905729237,0.0197272984939025,583.2611832611833
2.8000000000000007,0.03,34308.000000000015,0.0236114547056286,0.0196746340699868,576.4790764790765
2.8000000000000007,0.0325,34303.00000000002,0.0234910551174436,0.0194672655970103,562.914862914863
2.8000000000000007,0.035,34282.000000000015,0.0233910236532818,0.0192109590741643,554.1743970315399
2.8000000000000007,0.0375,34280.000000000015,0.0233625643810267,0.0188619168256333,547.8045763760049
2.8000000000000007,0.04,34276.00000000003,0.0231513949606213,0.0188056095647976,541.4347557204701
2.8000000000000007,0.0425,34263.000000000015,0.0232136010669189,0.0183134879160919,515.9554730983302
2.8000000000000007,0.0449999999999999,34284.00000000003,0.0229285240629165,0.0183921003887467,515.9554730983302
2.8000000000000007,0.0474999999999999,34254.000000000015,0.022850861901854,0.0181404171571005,500.4329004329005
2.8000000000000007,0.0499999999999999,34258.00000000002,0.0227353337353178,0.017935618202299,500.4329004329005
2.8000000000000007,0.0524999999999999,34239.00000000003,0.0225491924139672,0.0178655016914878,494.47536590393736
2.8000000000000007,0.0549999999999999,34250.000000000015,0.0224452070043266,0.0176655774581706,482.5602968460111
2.8000000000000007,0.0574999999999999,34230.00000000002,0.0223547041928578,0.0174470778723545,476.89136260564834
2.8000000000000007,0.06,34230.000000000015,0.0222575154130728,0.017245948356497,465.8008658008658
2.8000000000000007,0.0625,34248.00000000002,0.0222219621764944,0.0169422798193411,449.165120593692
2.8000000000000007,0.065,34239.00000000003,0.0221257251584114,0.0167540934801492,449.165120593692
2.8000000000000007,0.0675,34259.000000000015,0.0220280683160112,0.016562565481697,426.984126984127
2.8000000000000007,0.07,34241.00000000002,0.0219592926356843,0.016338832248789,426.0358688930117
2.8000000000000007,0.0725,34242.000000000015,0.021868582588006,0.016154863790496,415.7699443413728
2.8000000000000007,0.075,34225.000000000015,0.0217734028319932,0.0159743608424395,405.504019789734
2.8000000000000007,0.0774999999999999,34216.00000000002,0.021686201248839,0.0157963396800711,395.2380952380952
2.8000000000000007,0.0799999999999999,34220.000000000015,0.0215624614217837,0.0156860836291915,387.0954442383013
2.8000000000000007,0.0824999999999999,34211.000000000015,0.0214777286431347,0.0155130156411562,377.65409193980616
2.8000000000000007,0.0849999999999999,34214.00000000002,0.0213967383206036,0.0153376179738814,368.212739641311
2.8000000000000007,0.0875,34204.000000000015,0.0213169145164114,0.0151683921335652,358.77138734281584
2.8000000000000007,0.09,34162.00000000002,0.021238596624329,0.0149989047821888,349.3300350443207
2.8000000000000007,0.0925,34142.00000000002,0.0211663117007179,0.0148351587660182,340.3628117913832
2.8000000000000007,0.095,34145.000000000015,0.0210854221823777,0.0146723590344083,331.74603174603175
2.8000000000000007,0.0975,34133.00000000002,0.0210216520835935,0.014516863242972,323.1292517006803
2.8000000000000007,0.1,34141.00000000003,0.0209538759755149,0.0143578078006452,314.51247165532885
2.9000000000000004,-0.1,33533.00000000002,0.0321516340713533,0.0317735610781558,1068.4807256235829
2.9000000000000004,-0.0975,33541.00000000002,0.0322213100033838,0.0312128289164058,1052.504638218924
2.9000000000000004,-0.095,33502.000000000015,0.0317815234681955,0.0312767685470513,1041.1873840445269
2.9000000000000004,-0.0925,33494.00000000002,0.0315961666673373,0.0310400077763436,1041.1873840445269
2.9000000000000004,-0.09,33483.00000000002,0.0316495917186369,0.030501511763118,1029.87012987013
2.9000000000000004,-0.0875,33481.000000000015,0.0312332497114395,0.030560880198961,1018.5528756957328
2.9000000000000004,-0.085,33441.00000000002,0.0310410511779364,0.0303239125996068,1018.5528756957328
2.9000000000000004,-0.0825,33426.00000000002,0.0308541129356536,0.0300858278964547,995.9183673469388
2.9000000000000004,-0.08,33448.000000000015,0.0306712324442023,0.0298486199904104,995.9183673469388
2.9000000000000004,-0.0775,33453.00000000002,0.0305546342070654,0.029526105295773,981.4471243042672
2.9000000000000004,-0.075,33437.000000000015,0.0303278050439106,0.0293518174383935,965.3267367553082
2.9000000000000004,-0.0725,33433.000000000015,0.0301448767952727,0.0291228762490247,965.3267367553082
2.9000000000000004,-0.07,33418.00000000002,0.0299640761768784,0.0288879131989911,965.3267367553082
2.9000000000000004,-0.0675,33411.000000000015,0.0300036025828187,0.0283790866069565,933.8486909915482
2.9000000000000004,-0.065,33388.00000000002,0.0296062879962449,0.0284187057913765,944.3413729128016
2.9000000000000004,-0.0625,33376.00000000002,0.0294324694073109,0.0281785315159897,923.3560090702948
2.9000000000000004,-0.06,33362.000000000015,0.0292628802363596,0.0279416883986765,923.3560090702948
2.9000000000000004,-0.0575,33365.00000000002,0.029295580054425,0.0274329911467836,912.8633271490414
2.9000000000000004,-0.055,33367.000000000015,0.0289123436008963,0.0274760075403587,907.235621521336
2.9000000000000004,-0.0525,33340.00000000002,0.0287576789305681,0.0272201559261345,889.4660894660896
2.9000000000000004,-0.05,33328.00000000002,0.0283998669756014,0.0272370362925464,879.7979797979799
2.9000000000000004,-0.0475,33322.000000000015,0.0284189861594687,0.0267499260762494,870.1298701298701
2.9000000000000004,-0.045,33314.00000000002,0.0282522972514752,0.0265238088528095,870.1298701298701
2.9000000000000004,-0.0425,33291.000000000015,0.0279035270296092,0.0265366688784954,860.4617604617605
2.9000000000000004,-0.04,33288.00000000002,0.0279238742634191,0.0260511946043248,850.7936507936508
2.9000000000000004,-0.0375,33272.000000000015,0.0275765208371169,0.0260699499508924,841.1255411255411
2.9000000000000004,-0.035,33278.000000000015,0.0275296505051016,0.0256776747324964,833.0241187384045
2.9000000000000004,-0.0325,33275.00000000002,0.0273687685199956,0.0254399267551198,814.5124716553288
2.9000000000000004,-0.03,33271.000000000015,0.0274520474708743,0.0248777215806484,804.7619047619046
2.9000000000000004,-0.0275,33255.00000000002,0.0269715449822676,0.0250986660620289,804.7619047619046
2.9000000000000004,-0.025,33249.000000000015,0.0269759581620865,0.0246506203003759,778.2312925170066
2.9000000000000004,-0.0225,33230.00000000002,0.0266568436167365,0.0246439116069475,787.0748299319725
2.9000000000000004,-0.02,33219.000000000015,0.026502225987048,0.0244164056511472,769.3877551020407
2.9000000000000004,-0.0175,33192.00000000002,0.0263493189829093,0.0241878161315909,769.3877551020407
2.9000000000000004,-0.015,33203.000000000015,0.0263566578114152,0.0237367547378551,742.8571428571427
2.9000000000000004,-0.0124999999999999,33181.00000000003,0.026091228936016,0.0236803046643114,741.9501133786846
2.9000000000000004,-0.01,33177.000000000015,0.0259451037722124,0.023455913956304,741.9501133786846
2.9000000000000004,-0.0075,33180.00000000003,0.0257889276567525,0.0232322680721755,725.0876108018963
2.9000000000000004,-0.005,33168.000000000015,0.0256395405104677,0.0230216349289606,713.687899402185
2.9000000000000004,-0.0025,33167.00000000002,0.0257647032439873,0.0224013243917275,697.6499690785404
2.9000000000000004,0.0,33168.00000000002,0.0254874103881666,0.022376504915763,689.6310039167181
2.9000000000000004,0.0025,33157.00000000003,0.0253490474617379,0.022154561836352,689.6310039167181
2.9000000000000004,0.0049999999999999,33139.000000000015,0.0250777827930455,0.022129196887677,681.6120387548958
2.9000000000000004,0.0074999999999999,33122.00000000003,0.0249373116110551,0.0219038058121808,665.5741084312513
2.9000000000000004,0.0099999999999999,33110.000000000015,0.024761684420407,0.0217267642248582,669.387755102041
2.9000000000000004,0.0124999999999999,33116.00000000003,0.0246372299540768,0.0215059331931309,654.1743970315399
2.9000000000000004,0.015,33085.000000000015,0.0243826084162857,0.0214721704278231,646.5677179962895
2.9000000000000004,0.0175,33097.00000000003,0.0244302609920642,0.0209798757950105,625.9121830550403
2.9000000000000004,0.0199999999999999,33092.000000000015,0.0241909945099706,0.0209360104029446,633.1065759637189
2.9000000000000004,0.0224999999999999,33071.00000000002,0.024068549286019,0.0207223871737364,618.7177901463616
2.9000000000000004,0.0249999999999999,33066.000000000015,0.0240538041740882,0.0203326013129942,597.1346114203257
2.9000000000000004,0.0274999999999999,33063.00000000002,0.0238186937007615,0.0202865615678144,604.3290043290044
2.9000000000000004,0.03,33063.000000000015,0.0237051236697615,0.02007139082853,589.9402185116471
2.9000000000000004,0.0325,33053.00000000002,0.0235972018746433,0.0198353042417837,583.2611832611833
2.9000000000000004,0.035,33061.000000000015,0.0233861767244939,0.0197851514861226,576.4790764790765
2.9000000000000004,0.0375,33046.000000000015,0.023364695613999,0.0194235001091555,569.6969696969697
2.9000000000000004,0.04,33029.00000000003,0.0232702734635087,0.019174195373881,560.5442176870749
2.9000000000000004,0.0425,33015.000000000015,0.0230727525564507,0.0191083383553164,554.1743970315399
2.9000000000000004,0.0449999999999999,33003.00000000003,0.0229592335951756,0.0189083302017454,541.4347557204701
2.9000000000000004,0.0474999999999999,32990.000000000015,0.0228509171302155,0.0187059972284117,528.6951144094002
2.9000000000000004,0.0499999999999999,32993.00000000002,0.0228289590847706,0.0183560809186676,509.58565244279526
2.9000000000000004,0.0524999999999999,32976.00000000003,0.0226750394094296,0.0182426141404712,512.3479694908267
2.9000000000000004,0.0549999999999999,32995.000000000015,0.0224950172950967,0.0181765281493602,506.3904349618636
2.9000000000000004,0.0574999999999999,32959.00000000002,0.0223985766584471,0.0179717815166552,494.47536590393736
2.9000000000000004,0.06,32982.000000000015,0.022292475366953,0.0177693185086756,482.5602968460111
2.9000000000000004,0.0625,32964.00000000002,0.0222123044334,0.0175490548814659,476.89136260564834
2.9000000000000004,0.065,32961.00000000003,0.0221168021486175,0.0173526601486863,465.8008658008658
2.9000000000000004,0.0675,32982.000000000015,0.0220243977832432,0.017163275484656,454.7103689960833
2.9000000000000004,0.07,32980.00000000002,0.0219955416075562,0.0168543691366611,449.165120593692
2.9000000000000004,0.0725,32978.000000000015,0.0218470301990001,0.0167793442432193,443.6198721913008
2.9000000000000004,0.075,32966.000000000015,0.0218387183850592,0.016438007804258,426.0358688930117
2.9000000000000004,0.0774999999999999,32973.00000000002,0.0217553141902629,0.016250117824905,415.7699443413728
2.9000000000000004,0.0799999999999999,32975.000000000015,0.0216692559447611,0.0160687306211343,405.504019789734
2.9000000000000004,0.0824999999999999,32980.000000000015,0.0215307821969659,0.0159892633808548,400.3710575139146
2.9000000000000004,0.0849999999999999,32963.00000000002,0.0214507921823839,0.0158097530638724,390.1051329622758
2.9000000000000004,0.0875,32956.000000000015,0.0213926719547146,0.0155991259256241,377.65409193980616
2.9000000000000004,0.09,32948.000000000015,0.0213166975237815,0.0154237601433472,368.212739641311
2.9000000000000004,0.0925,32929.00000000002,0.0212406260296637,0.0152520078059132,358.77138734281584
2.9000000000000004,0.095,32909.000000000015,0.0211708963971996,0.0150822551024936,349.3300350443207
2.9000000000000004,0.0975,32901.00000000002,0.0210985772105334,0.0149180105227113,340.3628117913832
2.9000000000000004,0.1,32883.00000000002,0.0210702402833747,0.0146748506021794,336.05442176870747
3.0,-0.1,32173.000000000025,0.0318028489162138,0.0323139534592739,1092.7643784786642
3.0,-0.0975,32171.00000000001,0.0318761319693368,0.0317490024369667,1080.6225520511234
3.0,-0.095,32164.00000000001,0.0314401574984154,0.0318341039797356,1068.4807256235829
3.0,-0.0925,32150.000000000025,0.0313960847429279,0.0314229992125547,1055.6586270871985
3.0,-0.09,32144.000000000025,0.0313317315129134,0.0310381265653384,1052.504638218924
3.0,-0.0875,32142.00000000001,0.0309186726177961,0.0310979314745781,1041.1873840445269
3.0,-0.085,32135.000000000025,0.0309731708246686,0.0305590634925475,1029.87012987013
3.0,-0.0825,32135.000000000025,0.0308032795995707,0.030322883834893,1007.2356215213358
3.0,-0.08,32113.00000000001,0.0304001511600402,0.0303870753928809,1018.5528756957328
3.0,-0.0775,32118.000000000025,0.0304525370531871,0.0298484039737335,1007.2356215213358
3.0,-0.075,32094.00000000001,0.0300518377995022,0.0299062459590259,995.9183673469388
3.0,-0.0725,32107.00000000001,0.0298769391216663,0.0296721289136765,995.9183673469388
3.0,-0.07,32097.000000000025,0.0297695054304958,0.029348494261881,981.4471243042672
3.0,-0.0675,32092.00000000001,0.0297575792585918,0.0289045772245367,954.8340548340548
3.0,-0.065,32070.000000000025,0.0293886622621507,0.0289438109367968,965.3267367553082
3.0,-0.0625,32060.000000000025,0.0292156864723845,0.028709107416454,944.3413729128016
3.0,-0.06,32054.00000000001,0.0290519677070103,0.0284750486611464,944.3413729128016
3.0,-0.0575,32036.000000000025,0.0288831090270522,0.0282357588744433,923.3560090702948
3.0,-0.055,32039.00000000001,0.0287245290472327,0.0280017330390933,923.3560090702948
3.0,-0.0525,32023.000000000025,0.0285583321143123,0.0277606608456021,923.3560090702948
3.0,-0.05,32027.000000000025,0.0283966734113967,0.0275348196489666,907.235621521336
3.0,-0.0475,32009.00000000001,0.0282342591405679,0.0273008646477003,907.235621521336
3.0,-0.045,32006.000000000025,0.0280878670257118,0.0270481032458436,889.4660894660896
3.0,-0.0425,31999.00000000001,0.0277578906558168,0.0270609745672909,879.7979797979799
3.0,-0.04,31988.000000000025,0.0277762641866293,0.0265782782144833,870.1298701298701
3.0,-0.0375,31970.000000000025,0.0274517299806139,0.0265913502380308,860.4617604617605
3.0,-0.035,31973.00000000001,0.0274690229249613,0.0261095963237636,850.7936507936508
3.0,-0.0325,31962.000000000025,0.0271386977132123,0.0261261916542023,841.1255411255411
3.0,-0.03,31961.00000000001,0.0271580862484813,0.0256470496361794,831.4574314574314
3.0,-0.0275,31953.000000000025,0.0267875236438894,0.0257366008038053,823.7682951968667
3.0,-0.025,31938.00000000001,0.0269552876079383,0.0250284823244051,805.256648113791
3.0,-0.0225,31913.000000000025,0.0264892074809145,0.0252662636518213,805.256648113791
3.0,-0.02,31906.00000000001,0.0264184666563018,0.0249212142461712,804.7619047619046
3.0,-0.0175,31893.000000000025,0.0262687520149013,0.0246947901023017,787.0748299319725
3.0,-0.015,31890.00000000001,0.0262795762720409,0.0242444929971878,778.2312925170066
3.0,-0.0124999999999999,31893.000000000025,0.0261383721017765,0.0240188183595892,760.5442176870747
3.0,-0.01,31867.00000000001,0.0259966968716508,0.0237876863042796,760.5442176870747
3.0,-0.0075,31866.000000000025,0.0258832590686744,0.0235205057018603,733.5188620902904
3.0,-0.005,31867.00000000001,0.0256008698003728,0.0235042909787653,741.9501133786846
3.0,-0.0025,31854.000000000025,0.0254627002854939,0.0232792353334436,725.0876108018963
3.0,0.0,31847.00000000001,0.0253313493017143,0.0230497872873841,725.0876108018963
3.0,0.0025,31837.000000000025,0.0253169775239641,0.0226465381780984,705.6689342403628
3.0,0.0049999999999999,31828.00000000001,0.0249366987214575,0.0228221612103466,705.6689342403628
3.0,0.0074999999999999,31827.000000000025,0.0250462537253139,0.0222055330470768,689.6310039167181
3.0,0.0099999999999999,31819.00000000001,0.0247932413561476,0.022175624247209,681.6120387548958
3.0,0.0124999999999999,31801.000000000025,0.0246605210043102,0.0219508981339981,681.6120387548958
3.0,0.015,31795.00000000001,0.0245037875235513,0.0217768722934824,669.387755102041
3.0,0.0175,31790.000000000025,0.0242765415313607,0.0217398852866165,661.7810760667903
3.0,0.0199999999999999,31782.00000000001,0.0242668367510987,0.0213389572989691,654.1743970315399
3.0,0.0224999999999999,31789.000000000025,0.024041194648836,0.0213019760443553,646.5677179962895
3.0,0.0249999999999999,31782.00000000001,0.0239833153545256,0.0209831728791393,633.1065759637189
3.0,0.0274999999999999,31774.000000000025,0.0237659230151163,0.0209380397003817,625.9121830550403
3.0,0.03,31763.00000000001,0.0237492552882993,0.0205513698696858,618.7177901463616
3.0,0.0325,31766.000000000025,0.0236307886563915,0.0203334227078519,604.3290043290044
3.0,0.035,31759.00000000001,0.0234253927239601,0.020290847760465,597.1346114203257
3.0,0.0375,31755.00000000001,0.0233287379165763,0.02003833259366,590.0432900432901
3.0,0.04,31739.000000000025,0.0233054472640176,0.0196746867862506,583.2611832611833
3.0,0.0425,31729.00000000001,0.0231166806297499,0.0196202911158829,576.4790764790765
3.0,0.0449999999999999,31734.000000000025,0.0230121036044295,0.0194189122040146,562.914862914863
3.0,0.0474999999999999,31724.00000000001,0.0229865620793259,0.0190445577399044,556.1327561327562
3.0,0.0499999999999999,31709.000000000025,0.0228244788373336,0.0189513969759875,541.4347557204701
3.0,0.0524999999999999,31723.000000000025,0.0226439793667923,0.0188965043039694,535.0649350649351
3.0,0.0549999999999999,31707.00000000001,0.0226238527684522,0.0185439720095658,528.6951144094002
3.0,0.0574999999999999,31709.000000000025,0.02252281494609,0.0183402241760848,515.9554730983302
3.0,0.06,31695.00000000001,0.0224545473776324,0.0180861509032933,512.3479694908267
3.0,0.0625,31695.00000000001,0.0222922658815552,0.0180152706035371,494.47536590393736
3.0,0.065,31705.000000000025,0.0222656733655824,0.0176849546971173,488.5178313749743
3.0,0.0675,31687.00000000001,0.0221070760600386,0.0176167791406096,482.5602968460111
3.0,0.07,31690.000000000025,0.0220171210417452,0.0174204246724293,470.645227788085
3.0,0.0725,31691.00000000001,0.0219457035503549,0.0171996710517749,465.8008658008658
3.0,0.075,31699.00000000001,0.0218585349083333,0.0170103805296616,454.7103689960833
3.0,0.0774999999999999,31704.000000000025,0.0217735246611423,0.0168166273634444,443.6198721913008
3.0,0.0799999999999999,31708.00000000001,0.0217483903883733,0.016512385801938,426.984126984127
3.0,0.0824999999999999,31687.00000000001,0.0215379433858135,0.0166027476333912,431.1688311688311
3.0,0.0849999999999999,31693.000000000025,0.0215613874373643,0.0162067365144264,410.6369820655534
3.0,0.0875,31666.00000000001,0.0214863149145907,0.0160259989163061,400.3710575139146
3.0,0.09,31657.00000000001,0.0214048180284619,0.0158440918987554,390.1051329622758
3.0,0.0925,31669.000000000025,0.0213774043817118,0.0155697505666388,384.9721706864564
3.0,0.095,31654.00000000001,0.0212789895315889,0.0154592080709979,377.65409193980616
3.0,0.0975,31676.00000000001,0.0212033332682522,0.0152839315370723,368.212739641311
3.0,0.1,31655.000000000025,0.0210946375212793,0.0152009167531822,363.4920634920634
3.1000000000000005,-0.1,30833.000000000025,0.0316353419726247,0.0325934194046481,1104.906204906205
3.1000000000000005,-0.0975,30823.00000000001,0.0314656383864581,0.0323553320723965,1104.906204906205
3.1000000000000005,-0.095,30813.00000000001,0.0310606330194977,0.032440724357192,1092.7643784786642
3.1000000000000005,-0.0925,30821.000000000025,0.031129563801589,0.0318774756509624,1080.6225520511234
3.1000000000000005,-0.09,30812.00000000001,0.0309577972187763,0.031637385181222,1080.6225520511234
3.1000000000000005,-0.0875,30791.00000000001,0.0304413752695408,0.0318580754406361,1067.3881673881674
3.1000000000000005,-0.085,30804.000000000025,0.0305037085971676,0.0313131794340286,1055.6586270871985
3.1000000000000005,-0.0825,30796.00000000001,0.0302277611030626,0.0312199997119307,1041.1873840445269
3.1000000000000005,-0.08,30779.00000000001,0.0300690038922162,0.0309782082991905,1041.1873840445269
3.1000000000000005,-0.0775,30767.000000000025,0.0301131292242606,0.0304405873592206,1029.87012987013
3.1000000000000005,-0.075,30756.00000000001,0.0297357541188913,0.0305040848373336,1018.5528756957328
3.1000000000000005,-0.0725,30743.00000000001,0.0295695612790608,0.0302635645126566,1018.5528756957328
3.1000000000000005,-0.07,30736.000000000025,0.0294060795391633,0.0300239973515748,995.9183673469388
3.1000000000000005,-0.0675,30735.00000000001,0.0292446586304185,0.0297882727413697,995.9183673469388
3.1000000000000005,-0.065,30740.000000000025,0.0291409404600444,0.0294689529502492,981.4471243042672
3.1000000000000005,-0.0625,30738.00000000001,0.0289835090176855,0.0292306245901604,981.4471243042672
3.1000000000000005,-0.06,30724.00000000001,0.0287789580571199,0.029054853468625,965.3267367553082
3.1000000000000005,-0.0575,30699.000000000025,0.0284266713556968,0.0290930608808709,954.8340548340548
3.1000000000000005,-0.055,30701.00000000001,0.0284619056462329,0.0285877462544803,944.3413729128016
3.1000000000000005,-0.0525,30691.000000000025,0.0283047734375504,0.0283481654617624,944.3413729128016
3.1000000000000005,-0.05,30683.000000000025,0.0281494303751796,0.0281117467450896,923.3560090702948
3.1000000000000005,-0.0475,30667.00000000001,0.0280030996893945,0.0278748327464668,923.3560090702948
3.1000000000000005,-0.045,30675.000000000025,0.0278520071512911,0.0276440951128952,907.235621521336
3.1000000000000005,-0.0425,30655.00000000001,0.0276992542521473,0.0274077728403588,907.235621521336
3.1000000000000005,-0.04,30655.000000000025,0.0275527189023731,0.0271717907313569,887.0748299319729
3.1000000000000005,-0.0375,30657.00000000001,0.0272520041452223,0.0271640657106412,879.7979797979799
3.1000000000000005,-0.035,30640.00000000001,0.0271071868350074,0.0269313606453482,879.7979797979799
3.1000000000000005,-0.0325,30628.00000000001,0.0269578448431188,0.0266988481618658,860.4617604617605
3.1000000000000005,-0.03,30611.00000000001,0.0269760060342266,0.0262156647102851,850.7936507936508
3.1000000000000005,-0.0275,30607.000000000025,0.0266676764831913,0.0262309644142277,841.1255411255411
3.1000000000000005,-0.025,30602.00000000001,0.0265267355954277,0.0259981717402801,841.1255411255411
3.1000000000000005,-0.0225,30598.000000000025,0.0264842381667785,0.025605039165952,833.0241187384045
3.1000000000000005,-0.02,30589.00000000001,0.0263502749349908,0.025369755116367,814.5124716553288
3.1000000000000005,-0.0175,30575.000000000025,0.0262121659066935,0.0251372486734691,814.5124716553288
3.1000000000000005,-0.015,30571.00000000001,0.0261363197577198,0.0248060315929716,795.9183673469386
3.1000000000000005,-0.0124999999999999,30559.000000000025,0.0257217048868412,0.025024858758605,795.9183673469386
3.1000000000000005,-0.01,30553.00000000001,0.0257272096037425,0.024576161200534,787.0748299319725
3.1000000000000005,-0.0075,30556.000000000025,0.0255947905498165,0.0243487426683116,769.3877551020407
3.1000000000000005,-0.005,30545.00000000001,0.0254635941834709,0.0241156435553743,769.3877551020407
3.1000000000000005,-0.0025,30536.000000000025,0.0254672316571522,0.0236710866123144,742.8571428571427
3.1000000000000005,0.0,30545.00000000001,0.0252380087174301,0.0236076637550054,741.9501133786846
3.1000000000000005,0.0025,30540.000000000025,0.0252380235492767,0.0231715077963146,733.5188620902904
3.1000000000000005,0.0049999999999999,30527.00000000001,0.0249828679267506,0.0231555438954569,725.0876108018963
3.1000000000000005,0.0074999999999999,30521.000000000025,0.02484793328356,0.0229450136233909,713.687899402185
3.1000000000000005,0.0099999999999999,30510.00000000001,0.0246136121065974,0.0229172760034094,721.7068645640074
3.1000000000000005,0.0124999999999999,30483.000000000025,0.0244849798046473,0.0226903940426285,705.6689342403628
3.1000000000000005,0.015,30482.00000000001,0.0243659577833144,0.0224673291714378,689.6310039167182
3.1000000000000005,0.0175,30486.000000000025,0.0242506412386395,0.0222454504102745,689.6310039167182
3.1000000000000005,0.0199999999999999,30495.00000000001,0.0241123719137297,0.0220624200392984,676.9944341372914
3.1000000000000005,0.0224999999999999,30482.000000000025,0.0240036012319951,0.0218379583274701,661.7810760667903
3.1000000000000005,0.0249999999999999,30463.00000000001,0.023882881530668,0.0216140182255335,661.7810760667903
3.1000000000000005,0.0274999999999999,30463.000000000025,0.0237804270587531,0.0213966207013589,646.5677179962895
3.1000000000000005,0.03,30475.00000000001,0.0237656327678459,0.0209926722742778,638.9610389610391
3.1000000000000005,0.0325,30481.000000000025,0.0236061568343081,0.0208643898271959,633.1065759637189
3.1000000000000005,0.035,30459.00000000001,0.0235016224396162,0.0206455294629419,618.7177901463616
3.1000000000000005,0.0375,30452.00000000001,0.0232996712268896,0.0205986714207533,611.523397237683
3.1000000000000005,0.04,30417.000000000025,0.0232827628570024,0.0202092295535978,604.3290043290044
3.1000000000000005,0.0425,30402.00000000001,0.0231939430094697,0.0199679223118385,596.8253968253969
3.1000000000000005,0.0449999999999999,30394.000000000025,0.0230846908870003,0.0197595318635627,583.2611832611833
3.1000000000000005,0.0474999999999999,30386.00000000001,0.0229068377905416,0.0197028319115652,576.4790764790765
3.1000000000000005,0.0499999999999999,30389.00000000001,0.0228100024457619,0.0194925748784166,562.914862914863
3.1000000000000005,0.0524999999999999,30406.000000000025,0.0227919716134382,0.0191305137651871,556.1327561327562
3.1000000000000005,0.0549999999999999,30411.00000000001,0.0225641702760934,0.0191806540067077,547.804576376005
3.1000000000000005,0.0574999999999999,30377.000000000025,0.0224686889307021,0.0189673264843814,535.0649350649351
3.1000000000000005,0.06,30395.00000000001,0.0224493956059719,0.0186235691565492,528.6951144094002
3.1000000000000005,0.0625,30394.00000000002,0.0223601701517558,0.0184160025754073,515.9554730983302
3.1000000000000005,0.065,30369.000000000025,0.0222292769821944,0.0182880553014662,506.3904349618636
3.1000000000000005,0.0675,30366.00000000001,0.022145964074362,0.0180878114112683,506.3904349618636
3.1000000000000005,0.07,30354.00000000002,0.0220598821268022,0.0178816690321369,494.47536590393736
3.1000000000000005,0.0725,30366.00000000001,0.0219744665922298,0.017683548601207,482.5602968460111
3.1000000000000005,0.075,30362.00000000001,0.0218922790679528,0.0174910588320226,470.645227788085
3.1000000000000005,0.0774999999999999,30375.000000000025,0.0218109290134637,0.0172933411252836,470.645227788085
3.1000000000000005,0.0799999999999999,30390.00000000001,0.0217397512031159,0.0170770736896244,454.7103689960833
3.1000000000000005,0.0824999999999999,30369.00000000001,0.0216645035910537,0.0168815835468271,443.6198721913008
3.1000000000000005,0.0849999999999999,30380.000000000025,0.0215411736718136,0.0168060449702681,438.0746237889095
3.1000000000000005,0.0875,30377.00000000001,0.0214946712455706,0.0165592220170901,436.30179344465057
3.1000000000000005,0.09,30364.00000000002,0.0215137995763009,0.0161673794933442,415.7699443413728
3.1000000000000005,0.0925,30359.000000000025,0.0213457249944954,0.0161898977106344,415.7699443413728
3.1000000000000005,0.095,30353.00000000001,0.0212743483126804,0.0160068142834556,405.504019789734
3.1000000000000005,0.0975,30356.00000000001,0.0212565664101609,0.0157274657601094,390.1051329622758
3.1000000000000005,0.1,30377.000000000025,0.0211050710754053,0.0157490692751852,390.1051329622758
3.2,-0.1,29501.000000000025,0.0311639000705056,0.0332125781518765,1129.1898577612865
3.2,-0.0975,29515.00000000001,0.0312306904330353,0.0326535479113382,1117.0480313337457
3.2,-0.095,29502.00000000001,0.0306214083721643,0.0330499866009382,1117.0480313337457
3.2,-0.0925,29505.000000000025,0.0306841811590238,0.0324948978598796,1104.906204906205
3.2,-0.09,29485.00000000001,0.0305218538667219,0.0322565309454789,1104.906204906205
3.2,-0.0875,29456.00000000001,0.0301427046582647,0.0323427767832451,1092.7643784786642
3.2,-0.085,29470.000000000025,0.0302116023960758,0.0317812399510105,1080.6225520511234
3.2,-0.0825,29453.00000000001,0.0298284814693061,0.0318599638010594,1068.4807256235829
3.2,-0.08,29464.00000000001,0.0297877880976128,0.0314546880099952,1055.6586270871985
3.2,-0.0775,29470.000000000025,0.0297311020591422,0.0310612549662276,1052.504638218924
3.2,-0.075,29458.00000000001,0.0293718640225485,0.0311200297986004,1041.1873840445269
3.2,-0.0725,29460.00000000001,0.0294149564800616,0.0305842328670513,1029.87012987013
3.2,-0.07,29450.00000000001,0.0290674404109949,0.0306424803072745,1018.5528756957328
3.2,-0.0675,29445.00000000001,0.0289128839265468,0.0304058719138738,1018.5528756957328
3.2,-0.065,29432.000000000025,0.028962510026355,0.0298669490725441,1007.2356215213358
3.2,-0.0625,29435.00000000001,0.0286107958629555,0.0299287071420175,995.9183673469388
3.2,-0.06,29420.00000000001,0.0285219735451325,0.0296043465321405,981.4471243042672
3.2,-0.0575,29414.000000000025,0.0283717729455686,0.0293615943278453,981.4471243042672
3.2,-0.055,29393.00000000001,0.0280382334056745,0.0294132609033897,970.542156256442
3.2,-0.0525,29391.000000000025,0.0280372489231523,0.0289558675940416,965.3267367553082
3.2,-0.05,29391.00000000001,0.0278873188749643,0.0287173412646588,944.3413729128016
3.2,-0.0475,29386.00000000001,0.0277456665386587,0.0284814572102674,944.3413729128016
3.2,-0.045,29375.000000000025,0.027425364724958,0.0285199137206099,933.8486909915482
3.2,-0.0425,29378.00000000001,0.0274580546819162,0.0280067104681769,923.3560090702948
3.2,-0.04,29366.000000000025,0.0271475830354744,0.0280457322455777,912.8633271490417
3.2,-0.0375,29367.00000000001,0.0271797252525944,0.0275404947468984,907.235621521336
3.2,-0.035,29357.00000000001,0.0268724629030051,0.0275671940058787,897.1552257266544
3.2,-0.0325,29351.000000000025,0.0268995922113754,0.027067775819017,887.0748299319729
3.2,-0.03,29337.00000000001,0.0266256764013881,0.0270595958364125,879.7979797979799
3.2,-0.0275,29346.00000000001,0.0266417774375147,0.0265769765320411,870.1298701298701
3.2,-0.025,29328.00000000001,0.0263545972472513,0.0265881520426291,860.4617604617605
3.2,-0.0225,29315.000000000025,0.0262109583425826,0.0263540574863133,860.4617604617605
3.2,-0.02,29308.00000000001,0.0260794042243197,0.0261256040070403,841.1255411255411
3.2,-0.0175,29294.000000000025,0.0259475870649419,0.0258932422211188,841.1255411255411
3.2,-0.015,29272.00000000001,0.0259142313270486,0.0255030417723534,814.5124716553288
3.2,-0.0124999999999999,29273.000000000025,0.0256519027981658,0.0255047746410642,823.7682951968667
3.2,-0.01,29260.00000000001,0.0255181879365827,0.0252673012914745,805.256648113791
3.2,-0.0075,29274.000000000025,0.0255896765354117,0.0247023716594165,795.9183673469386
3.2,-0.005,29246.00000000001,0.0253367796295632,0.0246959762842631,787.0748299319725
3.2,-0.0025,29256.000000000025,0.0252111312507047,0.0244656390630145,787.0748299319725
3.2,0.0,29237.00000000001,0.0250817748230163,0.0242368049470397,769.3877551020407
3.2,0.0025,29249.000000000025,0.0248421877820178,0.0242273102019782,760.5442176870747
3.2,0.0049999999999999,29238.00000000001,0.0248787312108035,0.023723990670036,741.9501133786846
3.2,0.0074999999999999,29233.000000000025,0.0247545794914962,0.0234982615742787,741.9501133786846
3.2,0.0099999999999999,29247.00000000001,0.0246393505184902,0.023270783118125,725.0876108018963
3.2,0.0124999999999999,29237.000000000025,0.0245153933510396,0.0230431344031125,725.0876108018963
3.2,0.015,29227.00000000001,0.0242879853879508,0.0230230362354997,716.6563595135021
3.2,0.0175,29216.000000000025,0.0241768401821379,0.0228036377852185,705.6689342403628
3.2,0.0199999999999999,29221.00000000001,0.0241720150954727,0.0223795867664545,697.6499690785405
3.2,0.0224999999999999,29210.000000000025,0.0239452375044586,0.0223559706103786,689.6310039167182
3.2,0.0249999999999999,29197.00000000001,0.0239381564260444,0.0219407353120499,681.6120387548958
3.2,0.0274999999999999,29202.000000000025,0.0238053179489466,0.0217650521621904,669.387755102041
3.2,0.03,29211.00000000001,0.0236021687103166,0.021729285828688,661.7810760667903
3.2,0.0325,29195.00000000001,0.0235921936117462,0.0213229904330627,654.1743970315399
3.2,0.035,29176.00000000001,0.0233961260080374,0.0212858660403982,646.5677179962895
3.2,0.0375,29187.00000000001,0.0232925846830906,0.0210706065672979,631.3543599257885
3.2,0.04,29171.000000000025,0.0231532809399574,0.0209305070340788,625.9121830550403
3.2,0.0425,29182.00000000001,0.0231361432798931,0.0205386035116627,618.7177901463616
3.2,0.0449999999999999,29175.000000000025,0.023040330621799,0.0203255137916852,604.3290043290044
3.2,0.0474999999999999,29171.00000000001,0.0228591074027349,0.0202786728439565,597.1346114203257
3.2,0.0499999999999999,29146.00000000001,0.0227770362686689,0.0200231477702579,590.0432900432901
3.2,0.0524999999999999,29143.000000000025,0.0226878964058512,0.0198111880460735,576.4790764790765
3.2,0.0549999999999999,29142.00000000001,0.0226762321055572,0.0194409232571292,569.6969696969697
3.2,0.0574999999999999,29148.000000000025,0.0225085508890722,0.0193903050797983,562.914862914863
3.2,0.06,29150.00000000001,0.0224227394818707,0.0191776630479436,549.3506493506494
3.2,0.0625,29129.00000000002,0.022352731733751,0.0189248523628829,541.4347557204701
3.2,0.065,29135.000000000025,0.0222610154242535,0.0187235381483962,528.6951144094002
3.2,0.0675,29133.00000000001,0.0221873837727269,0.0185110747040333,528.6951144094002
3.2,0.07,29133.000000000025,0.0220974861994837,0.0183111843373482,515.9554730983302
3.2,0.0725,29125.00000000001,0.0219810948798049,0.0181816650947251,506.3904349618636
3.2,0.075,29128.00000000001,0.0219054328419431,0.0179777563133124,494.47536590393736
3.2,0.0774999999999999,29137.000000000025,0.0218787320260665,0.0176519034457533,488.5178313749743
3.2,0.0799999999999999,29125.00000000001,0.0217437204280262,0.0175829172776275,482.5602968460111
3.2,0.0824999999999999,29125.00000000001,0.0216713800216184,0.0173808235728135,470.645227788085
3.2,0.0849999999999999,29129.00000000002,0.0216069186566227,0.0171567544889196,465.8008658008658
3.2,0.0875,29131.00000000001,0.0215354538674065,0.016964914834596,454.7103689960833
3.2,0.09,29114.00000000001,0.0214602547879053,0.0167723822246869,443.6198721913008
3.2,0.0925,29104.000000000025,0.0213717521274294,0.0166448784271071,436.30179344465057
3.2,0.095,29099.00000000001,0.0213057222210748,0.0164539341156196,426.0358688930117
3.2,0.0975,29114.00000000001,0.0211902609650883,0.0163732564799124,420.9029066171923
3.2,0.1,29115.00000000002,0.0211269441313317,0.0161919378532212,410.6369820655534
3.3000000000000007,-0.1,28139.00000000001,0.0306678917446604,0.0337669423070642,1154.009482580911
3.3000000000000007,-0.0975,28127.00000000001,0.0303503647609786,0.0337768977549328,1142.424242424242
3.3000000000000007,-0.095,28136.00000000001,0.030360150136125,0.0332883784643372,1129.1898577612865
3.3000000000000007,-0.0925,28124.000000000025,0.0302133486220951,0.0330439321679411,1129.1898577612865
3.3000000000000007,-0.09,28125.00000000001,0.029842032028018,0.0331266555213602,1117.0480313337457
3.3000000000000007,-0.0875,28128.00000000001,0.0299027044972321,0.0325692587574224,1104.906204906205
3.3000000000000007,-0.085,28118.000000000025,0.0297541762404046,0.0323317044831674,1104.906204906205
3.3000000000000007,-0.0825,28110.00000000001,0.0296069475289581,0.0320900571175052,1080.6225520511234
3.3000000000000007,-0.08,28097.00000000001,0.0294644680960958,0.0318520717032449,1080.6225520511234
3.3000000000000007,-0.0775,28079.00000000001,0.0290999841074472,0.0319370960105118,1068.4807256235829
3.3000000000000007,-0.075,28066.00000000001,0.0290633476988392,0.031530934699722,1055.6586270871985
3.3000000000000007,-0.0725,28072.00000000001,0.0290121798460149,0.0311360886267884,1052.504638218924
3.3000000000000007,-0.07,28069.00000000001,0.0286708204277222,0.031196228296421,1041.1873840445269
3.3000000000000007,-0.0675,28065.00000000001,0.0287085063696847,0.0306568704351838,1029.87012987013
3.3000000000000007,-0.065,28055.000000000025,0.0285753824437063,0.030415335792477,1029.87012987013
3.3000000000000007,-0.0625,28052.00000000001,0.0284369937759869,0.030177099388933,1007.2356215213358
3.3000000000000007,-0.06,28050.00000000001,0.0282924245333358,0.0299398020028076,1007.2356215213358
3.3000000000000007,-0.0575,28031.00000000001,0.027962739182017,0.0300018649976295,995.9183673469388
3.3000000000000007,-0.055,28028.00000000001,0.0280076817421472,0.0294673387760207,984.6011131725418
3.3000000000000007,-0.0525,28036.000000000025,0.0277436396143575,0.0294365970479467,981.4471243042672
3.3000000000000007,-0.05,28013.00000000001,0.0275587785588225,0.0292585231350258,965.3267367553082
3.3000000000000007,-0.0475,28004.00000000001,0.0274251250854768,0.0290243441091162,965.3267367553082
3.3000000000000007,-0.045,27991.00000000001,0.0272901528247196,0.028783134413319,944.3413729128016
3.3000000000000007,-0.0425,28001.00000000001,0.0271586264845118,0.0285526016853896,944.3413729128016
3.3000000000000007,-0.04,27999.000000000025,0.0271837793516821,0.0280431820042451,933.8486909915482
3.3000000000000007,-0.0375,27990.00000000001,0.0268845951050021,0.0280750058683617,923.3560090702948
3.3000000000000007,-0.035,27995.00000000001,0.0269170051025434,0.0275714200395814,912.8633271490414
3.3000000000000007,-0.0325,27988.00000000001,0.0266232986960039,0.0276108494913804,907.235621521336
3.3000000000000007,-0.03,27973.00000000001,0.0266417270123533,0.0271105245130036,897.1552257266544
3.3000000000000007,-0.0275,27969.00000000001,0.0263590542366546,0.0271389397844604,887.0748299319729
3.3000000000000007,-0.025,27956.00000000001,0.0262428597505436,0.0268827695140833,870.1298701298701
3.3000000000000007,-0.0225,27954.00000000001,0.0261157233502781,0.0266501086582436,870.1298701298701
3.3000000000000007,-0.02,27956.00000000001,0.025992978967134,0.0264177023339536,850.7936507936508
3.3000000000000007,-0.0175,27948.000000000025,0.0258656869319197,0.0261864430454499,850.7936507936508
3.3000000000000007,-0.015,27937.00000000001,0.0256040818030544,0.0262006984876416,841.1255411255411
3.3000000000000007,-0.0124999999999999,27931.00000000002,0.0256226821665519,0.0257191659902167,831.4574314574314
3.3000000000000007,-0.01,27931.00000000001,0.0254541562495891,0.025575261365489,833.0241187384045
3.3000000000000007,-0.0075,27939.000000000025,0.0253320267886038,0.0253411298108718,814.5124716553288
3.3000000000000007,-0.005,27936.00000000001,0.0253428078658378,0.0248814975830864,805.256648113791
3.3000000000000007,-0.0025,27919.000000000025,0.0250328068270321,0.0249996028335084,804.7619047619046
3.3000000000000007,0.0,27907.00000000001,0.0249112224554118,0.0247788844781555,787.0748299319725
3.3000000000000007,0.0025,27909.000000000025,0.024804470471696,0.0245420780300885,787.0748299319725
3.3000000000000007,0.0049999999999999,27932.00000000001,0.0246852449603003,0.0243126842186089,769.3877551020407
3.3000000000000007,0.0074999999999999,27914.000000000025,0.024693767304716,0.0238651708056775,760.5442176870747
3.3000000000000007,0.0099999999999999,27910.00000000001,0.0244649004390259,0.0238577565660831,751.7006802721087
3.3000000000000007,0.0124999999999999,27908.000000000025,0.0243849082999422,0.0235768922294045,741.9501133786846
3.3000000000000007,0.015,27927.00000000001,0.0243857923518705,0.023137131986213,733.5188620902904
3.3000000000000007,0.0175,27922.000000000025,0.024167638344018,0.0231224994871101,725.0876108018963
3.3000000000000007,0.0199999999999999,27895.00000000001,0.0240545207010061,0.0229102724034066,713.687899402185
3.3000000000000007,0.0224999999999999,27911.000000000025,0.0240492075945176,0.0224872982771378,705.6689342403628
3.3000000000000007,0.0249999999999999,27902.00000000001,0.0238450914690516,0.0224603469265269,697.6499690785405
3.3000000000000007,0.0274999999999999,27897.00000000001,0.0237443795875974,0.0222386173140846,681.6120387548958
3.3000000000000007,0.03,27889.00000000001,0.023647949730731,0.0220161364308683,681.6120387548958
3.3000000000000007,0.0325,27881.00000000001,0.0235231640459849,0.0218365246360736,669.387755102041
3.3000000000000007,0.035,27899.00000000001,0.023515678957398,0.0214306345402679,661.7810760667904
3.3000000000000007,0.0375,27901.00000000001,0.0233327435921022,0.0213949103617439,654.1743970315399
3.3000000000000007,0.04,27892.000000000025,0.0232337185587698,0.0211751729386781,638.9610389610391
3.3000000000000007,0.0425,27878.00000000001,0.023223737781409,0.0207782733904829,631.3543599257886
3.3000000000000007,0.0449999999999999,27871.00000000002,0.0230831878043018,0.0206525276815979,625.9121830550403
3.3000000000000007,0.0474999999999999,27875.00000000001,0.0229931428616231,0.020434301189166,611.523397237683
3.3000000000000007,0.0499999999999999,27881.00000000001,0.0228219565790561,0.0203899659312637,604.3290043290044
3.3000000000000007,0.0524999999999999,27850.000000000025,0.0228108671940894,0.019999110361367,597.1346114203257
3.3000000000000007,0.0549999999999999,27852.00000000001,0.0226495538545302,0.019927486859561,583.2611832611833
3.3000000000000007,0.0574999999999999,27855.000000000025,0.0225013339385486,0.0198747113599256,590.0432900432901
3.3000000000000007,0.06,27842.00000000001,0.0224872023930825,0.0195042139322319,569.6969696969697
3.3000000000000007,0.0625,27839.00000000001,0.0223972065139464,0.0192974319571737,556.1327561327562
3.3000000000000007,0.065,27829.000000000025,0.0223150383327706,0.0190868359460818,556.1327561327562
3.3000000000000007,0.0675,27812.00000000001,0.0221800019102362,0.0189936105968115,541.4347557204701
3.3000000000000007,0.07,27833.000000000025,0.0221605456763522,0.0186437666763994,535.0649350649351
3.3000000000000007,0.0725,27811.00000000001,0.0220845627327721,0.0184340892489656,522.3252937538653
3.3000000000000007,0.075,27830.00000000001,0.0219426970350811,0.0183723082603082,515.9554730983302
3.3000000000000007,0.0774999999999999,27820.000000000025,0.0217807336299073,0.0183758206338165,512.3479694908267
3.3000000000000007,0.0799999999999999,27825.00000000001,0.0218166898269538,0.0179057378048571,500.4329004329005
3.3000000000000007,0.0824999999999999,27818.00000000001,0.0217440168786089,0.0177080118271226,488.5178313749743
3.3000000000000007,0.0849999999999999,27803.00000000002,0.0216670971868305,0.0175138390548015,476.602762317048
3.3000000000000007,0.0875,27805.00000000001,0.0215000998974089,0.017575444749203,476.6027623170481
3.3000000000000007,0.09,27820.00000000001,0.0215455718519711,0.0171058105413592,460.25561739847456
3.3000000000000007,0.0925,27798.00000000002,0.0214727117940997,0.0169105651025895,449.165120593692
3.3000000000000007,0.095,27796.00000000001,0.0214048739375401,0.0167197206928443,438.0746237889096
3.3000000000000007,0.0975,27779.00000000001,0.0212034910819476,0.0168731433476877,443.6198721913008
3.3000000000000007,0.1,27774.00000000002,0.0212465212310242,0.0164049643535591,420.9029066171922
3.4000000000000004,-0.1,26756.00000000001,0.0301193139986268,0.034380856284218,1179.9422799422798
3.4000000000000004,-0.0975,26762.00000000001,0.0301945554692564,0.0337880582464352,1166.9758812615955
3.4000000000000004,-0.095,26764.00000000001,0.0298299454748718,0.033892703660766,1154.009482580911
3.4000000000000004,-0.0925,26757.000000000025,0.0296895746639741,0.0336537330654045,1154.009482580911
3.4000000000000004,-0.09,26758.00000000001,0.029550502506023,0.0334187482520613,1129.1898577612865
3.4000000000000004,-0.0875,26753.00000000001,0.0294126577446515,0.0331677205078227,1129.1898577612865
3.4000000000000004,-0.085,26733.00000000001,0.0292683416433577,0.0329300573806801,1129.1898577612865
3.4000000000000004,-0.0825,26741.00000000001,0.0291218637192071,0.0326869185468762,1104.906204906205
3.4000000000000004,-0.08,26727.00000000001,0.0289823440859074,0.0324481669154148,1104.906204906205
3.4000000000000004,-0.0775,26720.00000000001,0.0288405550991868,0.0322134427777721,1080.6225520511234
3.4000000000000004,-0.075,26708.00000000001,0.0287100905046974,0.0319679145315495,1080.6225520511234
3.4000000000000004,-0.0725,26700.00000000001,0.0285753434174146,0.0317310062006104,1080.6225520511234
3.4000000000000004,-0.07,26704.00000000001,0.0282422934492025,0.0318114792676741,1068.4807256235829
3.4000000000000004,-0.0675,26711.00000000001,0.0282927527520639,0.0312492581687871,1052.504638218924
3.4000000000000004,-0.065,26701.00000000001,0.0281556675927283,0.0310101308739461,1052.504638218924
3.4000000000000004,-0.0625,26699.00000000001,0.0280178898870372,0.0307727388784927,1029.87012987013
3.4000000000000004,-0.06,26699.00000000001,0.0278847322219826,0.0305337144966276,1029.87012987013
3.4000000000000004,-0.0575,26699.00000000001,0.0275890603919417,0.0305919710629642,1018.5528756957328
3.4000000000000004,-0.055,26691.00000000001,0.0276314312803713,0.030053422351549,1007.2356215213358
3.4000000000000004,-0.0525,26667.00000000001,0.0273232404947629,0.0301121484622474,995.9183673469388
3.4000000000000004,-0.05,26661.00000000001,0.0273657649354959,0.0295786483788466,984.6011131725418
3.4000000000000004,-0.0475,26658.00000000001,0.0271125110957108,0.0295546712303627,981.4471243042672
3.4000000000000004,-0.045,26668.00000000001,0.0271531284624006,0.0290290853434161,970.542156256442
3.4000000000000004,-0.0425,26660.00000000001,0.0268193764720794,0.0291372614674629,965.3267367553082
3.4000000000000004,-0.04,26656.00000000001,0.0268489376450267,0.028632436426309,954.8340548340548
3.4000000000000004,-0.0375,26638.00000000001,0.0265720294339403,0.0286691017852622,944.3413729128016
3.4000000000000004,-0.035,26636.00000000001,0.026593269963332,0.0281548964698812,933.8486909915482
3.4000000000000004,-0.0325,26648.00000000001,0.0263198255405257,0.0281911276703873,923.3560090702948
3.4000000000000004,-0.03,26640.00000000001,0.0261940149981998,0.0279547556333527,923.3560090702948
3.4000000000000004,-0.0275,26641.00000000001,0.0260780568666674,0.0277233342647599,902.370645227788
3.4000000000000004,-0.025,26625.00000000001,0.0259574393028096,0.0274866857435613,907.235621521336
3.4000000000000004,-0.0225,26629.00000000001,0.0258361507004634,0.0272494620071061,887.0748299319729
3.4000000000000004,-0.02,26630.00000000001,0.0257277908575626,0.0269903294001801,889.4660894660896
3.4000000000000004,-0.0175,26619.00000000001,0.0256064147738539,0.0267580700712376,870.1298701298701
3.4000000000000004,-0.015,26599.00000000001,0.0254959398100617,0.0265203091884979,870.1298701298701
3.4000000000000004,-0.0124999999999999,26610.000000000025,0.0253797794552365,0.0262856651084407,850.7936507936508
3.4000000000000004,-0.01,26612.00000000001,0.0252729220057283,0.0260512231810499,850.7936507936508
3.4000000000000004,-0.0075,26592.000000000025,0.0251594354873285,0.0258177198818838,831.4574314574314
3.4000000000000004,-0.005,26593.00000000001,0.0249930400799369,0.0256770014160403,833.0241187384045
3.4000000000000004,-0.0025,26577.00000000001,0.0247617790115065,0.02567776277092,823.7682951968667
3.4000000000000004,0.0,26598.00000000001,0.0248944442133279,0.0249776698368848,805.256648113791
3.4000000000000004,0.0025,26586.00000000002,0.0246036140414946,0.0250975135882707,804.7619047619046
3.4000000000000004,0.0049999999999999,26585.00000000001,0.0246088278293164,0.0246482573536177,795.9183673469386
3.4000000000000004,0.0074999999999999,26576.000000000025,0.0244983585338193,0.0244165409654201,778.2312925170066
3.4000000000000004,0.0099999999999999,26564.00000000001,0.0243947059358047,0.0241834849014338,760.5442176870747
3.4000000000000004,0.0124999999999999,26562.000000000025,0.024287625153898,0.0239587603049924,760.5442176870747
3.4000000000000004,0.015,26547.00000000001,0.0240744739573727,0.023953009825312,751.7006802721087
3.4000000000000004,0.0175,26551.00000000001,0.0239940037356309,0.0236690911446349,741.9501133786846
3.4000000000000004,0.0199999999999999,26566.00000000001,0.0239064165995093,0.0234424473858191,741.9501133786846
3.4000000000000004,0.0224999999999999,26576.00000000001,0.0238067147135902,0.0232114510985965,725.0876108018963
3.4000000000000004,0.0249999999999999,26561.00000000001,0.0237085127506696,0.0229870991070111,725.0876108018963
3.4000000000000004,0.0274999999999999,26549.00000000001,0.0236043946446934,0.0227731825736144,713.687899402185
3.4000000000000004,0.03,26560.00000000001,0.0235051305931815,0.0225496467687073,697.6499690785405
3.4000000000000004,0.0325,26546.00000000001,0.0235018263596858,0.022131122503235,689.6310039167181
3.4000000000000004,0.035,26547.00000000001,0.0233210893003499,0.0221015809070951,681.6120387548958
3.4000000000000004,0.0375,26548.00000000001,0.0232329064140563,0.0218771315979174,665.5741084312513
3.4000000000000004,0.04,26543.000000000025,0.0232020639128865,0.0215202492005736,661.7810760667904
3.4000000000000004,0.0425,26532.00000000001,0.0230266152810135,0.0214831705216641,654.1743970315399
3.4000000000000004,0.0449999999999999,26543.00000000001,0.0229374186445995,0.0212614475213026,638.9610389610391
3.4000000000000004,0.0474999999999999,26535.00000000001,0.0228511688883051,0.0210426670376233,638.9610389610391
3.4000000000000004,0.0499999999999999,26536.00000000001,0.0228007269117695,0.0207387372462269,625.9121830550403
3.4000000000000004,0.0524999999999999,26531.000000000025,0.0226468476262752,0.0206885803026971,618.7177901463616
3.4000000000000004,0.0549999999999999,26520.00000000001,0.0226367618421273,0.0202968784757873,611.523397237683
3.4000000000000004,0.0574999999999999,26521.00000000001,0.0225480781012168,0.0200752080477643,597.1346114203257
3.4000000000000004,0.06,26507.000000000007,0.0224704489350182,0.0198518163103999,590.0432900432901
3.4000000000000004,0.0625,26522.00000000001,0.022320224557642,0.0197972020280261,583.2611832611833
3.4000000000000004,0.065,26506.00000000002,0.0222456980156059,0.019582593215812,569.6969696969697
3.4000000000000004,0.0675,26502.00000000001,0.0222367531028424,0.0192193475124744,562.914862914863
3.4000000000000004,0.07,26499.00000000001,0.0220892732005224,0.0191666355317689,556.1327561327562
3.4000000000000004,0.0725,26483.000000000007,0.0220267218972937,0.0189238889564156,547.8045763760049
3.4000000000000004,0.075,26477.00000000001,0.021949436087598,0.0187227533016784,535.0649350649351
3.4000000000000004,0.0774999999999999,26494.00000000001,0.0218884049166905,0.0185091737266637,522.3252937538653
3.4000000000000004,0.0799999999999999,26485.000000000007,0.0217488586214158,0.0184447866627509,515.9554730983302
3.4000000000000004,0.0824999999999999,26492.00000000001,0.0217042278784055,0.0181842360839153,512.3479694908267
3.4000000000000004,0.0849999999999999,26494.000000000025,0.0216410269187883,0.0179779564773265,500.4329004329005
3.4000000000000004,0.0875,26480.000000000007,0.0215711818715428,0.0177783812511474,488.5178313749743
3.4000000000000004,0.09,26485.00000000001,0.0214069745562519,0.0178350305270306,488.5178313749742
3.4000000000000004,0.0925,26458.00000000002,0.0214374683984524,0.0173852987268006,476.602762317048
3.4000000000000004,0.095,26471.000000000007,0.0213816775292443,0.0171690353639462,460.25561739847456
3.4000000000000004,0.0975,26457.00000000001,0.0213208910348469,0.0169782645180631,449.165120593692
3.4000000000000004,0.1,26452.00000000002,0.0212599395444017,0.0167855123664869,449.165120593692
3.5,-0.1,25402.00000000001,0.0297724041010829,0.0346687210177774,1192.9086786229643
3.5,-0.0975,25390.00000000001,0.0296377319094477,0.0344273100564491,1192.9086786229643
3.5,-0.095,25402.000000000007,0.0292971049964723,0.0345317689965022,1179.9422799422798
3.5,-0.0925,25401.00000000001,0.0293605429106069,0.0339408733314882,1166.9758812615955
3.5,-0.09,25381.00000000001,0.0290217294398674,0.0340485537807472,1154.009482580911
3.5,-0.0875,25370.000000000007,0.0288878934784419,0.0338020232095708,1154.009482580911
3.5,-0.085,25381.00000000001,0.0289948977122147,0.0331418801617978,1142.424242424242
3.5,-0.0825,25370.00000000001,0.0286221002782737,0.0333192252989479,1129.1898577612865
3.5,-0.08,25369.000000000007,0.0284900703840423,0.0330781328024698,1129.1898577612865
3.5,-0.0775,25364.00000000001,0.0283595773532403,0.0328418553630971,1104.906204906205
3.5,-0.075,25362.00000000001,0.028229516842091,0.032603722995338,1104.906204906205
3.5,-0.0725,25350.000000000007,0.0281025129911399,0.0323571513298031,1104.906204906205
3.5,-0.07,25347.00000000001,0.0279744677150186,0.0321190326710603,1080.6225520511234
3.5,-0.0675,25340.00000000001,0.0278528653498073,0.0318768177266723,1080.6225520511234
3.5,-0.065,25352.00000000001,0.0275486709241639,0.0319576751474395,1068.4807256235829
3.5,-0.0625,25353.00000000001,0.0275188161845234,0.0315493208787372,1055.6586270871985
3.5,-0.06,25356.000000000007,0.0274793573281502,0.0311550752229228,1052.504638218924
3.5,-0.0575,25326.00000000001,0.027189393384718,0.031214341350961,1041.1873840445269
3.5,-0.055,25319.00000000001,0.0272277530485714,0.0306759424335901,1029.87012987013
3.5,-0.0525,25304.00000000001,0.0271134089060721,0.0304337738135139,1029.87012987013
3.5,-0.05,25300.00000000001,0.0269907166840306,0.0301939380923805,1007.2356215213358
3.5,-0.0475,25297.000000000007,0.0267068331760814,0.0302501857655145,1018.5528756957328
3.5,-0.045,25296.00000000001,0.0265831736420363,0.0300161490400037,995.9183673469388
3.5,-0.0425,25298.00000000001,0.0266233662530624,0.0294773800822021,984.6011131725418
3.5,-0.04,25284.00000000001,0.026400469067209,0.029448977637703,981.4471243042672
3.5,-0.0375,25279.00000000001,0.0262526835691718,0.0292728510676657,965.3267367553082
3.5,-0.035,25292.000000000007,0.0262831742492497,0.0287564765346225,954.8340548340548
3.5,-0.0325,25293.00000000001,0.0260252921058306,0.0287933339466914,944.3413729128016
3.5,-0.03,25288.000000000007,0.0259140690939933,0.0285580649516505,944.3413729128016
3.5,-0.0275,25281.00000000001,0.0259409217103128,0.0280547097521525,933.8486909915482
3.5,-0.025,25276.00000000001,0.0255461417745262,0.0283635837635732,933.8486909915482
3.5,-0.0225,25274.00000000001,0.0257091377344241,0.0275793855000803,912.8633271490414
3.5,-0.02,25275.00000000001,0.0254603708725846,0.027616904339658,907.235621521336
3.5,-0.0175,25262.00000000001,0.0253508906569495,0.0273849275082042,887.0748299319729
3.5,-0.015,25260.00000000001,0.0252482725976343,0.027143862618105,887.0748299319729
3.5,-0.0124999999999999,25268.00000000001,0.0251412771750917,0.0268890962665934,870.1298701298701
3.5,-0.01,25261.00000000001,0.0250316186888829,0.0266560716382297,870.1298701298701
3.5,-0.0075,25264.00000000001,0.0249306845858603,0.0264195748638051,870.1298701298701
3.5,-0.005,25262.00000000001,0.0247075899584504,0.0264352684157563,860.4617604617605
3.5,-0.0025,25245.00000000001,0.0248375745116974,0.0256973394224955,841.1255411255412
3.5,0.0,25244.00000000001,0.0247379021069747,0.0254645393654319,821.7893217893218
3.5,0.0025,25244.00000000001,0.0244758997751475,0.0255638511880594,833.0241187384045
3.5,0.0049999999999999,25234.00000000001,0.024256910243363,0.0255669263993165,823.7682951968667
3.5,0.0074999999999999,25229.00000000001,0.0241597126040195,0.0253294060042535,805.256648113791
3.5,0.0099999999999999,25252.00000000001,0.0242202334568007,0.0247643946942726,795.9183673469386
3.5,0.0124999999999999,25252.00000000001,0.024021314351193,0.0247545331215952,787.0748299319725
3.5,0.015,25240.00000000001,0.0240265620754503,0.0242986672539039,778.2312925170066
3.5,0.0175,25234.00000000001,0.0238274600091369,0.0242923827087399,769.3877551020407
3.5,0.0199999999999999,25217.00000000001,0.023835931104898,0.0238401742147745,760.5442176870747
3.5,0.0224999999999999,25210.00000000001,0.0236335157049908,0.0238305694267647,751.7006802721087
3.5,0.0249999999999999,25214.00000000001,0.0235761175339629,0.0235487985406037,741.9501133786846
3.5,0.0274999999999999,25220.00000000001,0.023486229092033,0.0233200452558013,725.0876108018963
3.5,0.03,25209.000000000007,0.0233966415935391,0.0230921084051889,725.0876108018963
3.5,0.0325,25207.00000000001,0.0233007407176223,0.0228818358302088,713.687899402185
3.5,0.035,25210.000000000007,0.0232092250097324,0.0226602310886037,697.6499690785405
3.5,0.0375,25200.00000000001,0.0231259836372865,0.0224325407006816,697.6499690785405
3.5,0.04,25201.00000000001,0.0230326096827491,0.0222052186447786,681.6120387548958
3.5,0.0425,25203.00000000001,0.0229540907593268,0.0219816194206173,681.6120387548958
3.5,0.0449999999999999,25204.00000000001,0.022846144337398,0.0218053173814274,669.387755102041
3.5,0.0474999999999999,25193.000000000007,0.022759179159836,0.0215847048619144,654.1743970315399
3.5,0.0499999999999999,25189.00000000001,0.0226835744747343,0.021358023196768,654.1743970315399
3.5,0.0524999999999999,25194.00000000001,0.022604084688639,0.0211385292964313,638.9610389610391
3.5,0.0549999999999999,25197.00000000001,0.0225582112249158,0.020835321629697,625.9121830550403
3.5,0.0574999999999999,25200.00000000001,0.0224096241971175,0.0207859730015065,618.7177901463616
3.5,0.06,25207.000000000007,0.0224036363383495,0.0203979329564654,611.523397237683
3.5,0.0625,25204.00000000001,0.0222558380985709,0.0203495841267539,604.3290043290044
3.5,0.065,25196.000000000025,0.0221775812863801,0.0201285359637083,589.9402185116471
3.5,0.0675,25160.000000000007,0.0221119266022585,0.0198877079051207,583.2611832611833
3.5,0.07,25175.00000000001,0.0221025470148133,0.0195179674077995,576.4790764790765
3.5,0.0725,25175.000000000007,0.0219735951528936,0.0194646894867824,569.6969696969697
3.5,0.075,25173.00000000001,0.021902069684194,0.0192566536153368,556.1327561327562
3.5,0.0774999999999999,25175.00000000001,0.0218452972211882,0.0190147259448148,547.8045763760049
3.5,0.0799999999999999,25169.000000000007,0.0217720288321922,0.0188116642032797,535.0649350649351
3.5,0.0824999999999999,25172.00000000001,0.0216600979534623,0.0187469466374519,528.6951144094002
3.5,0.0849999999999999,25159.00000000001,0.0216470534683602,0.0183918186941141,522.3252937538653
3.5,0.0875,25164.000000000007,0.021582733396462,0.0181898967627304,509.58565244279526
3.5,0.09,25166.00000000001,0.0214966157864315,0.0180650096720588,500.4329004329005
3.5,0.0925,25136.00000000001,0.0214813857723173,0.0177358132308494,494.4753659039374
3.5,0.095,25131.000000000007,0.0214195849559312,0.0175414603748191,482.5602968460112
3.5,0.0975,25133.00000000001,0.0213091320900033,0.0174748561147026,476.602762317048
3.5,0.1,25142.00000000001,0.0212546954996912,0.0172695996143504,464.6876932591219
3.6000000000000005,-0.1,24086.00000000001,0.029199363467665,0.0352162242326479,1217.4603174603174
3.6000000000000005,-0.0975,24078.00000000001,0.0288645075808761,0.0353476743030603,1205.8750773036486
3.6000000000000005,-0.095,24083.000000000007,0.0287451219637863,0.035101862018911,1205.8750773036486
3.6000000000000005,-0.0925,24079.00000000001,0.0288082408084651,0.0345148106751564,1192.9086786229643
3.6000000000000005,-0.09,24072.00000000001,0.0284928889535493,0.0346164071596214,1179.9422799422798
3.6000000000000005,-0.0875,24075.000000000007,0.0283752678226689,0.0343777377725689,1179.9422799422798
3.6000000000000005,-0.085,24073.00000000001,0.0284368940731712,0.0337858078917496,1166.9758812615955
3.6000000000000005,-0.0825,24058.000000000007,0.0281237101173077,0.0338919057207177,1154.009482580911
3.6000000000000005,-0.08,24051.000000000007,0.0280057776792873,0.0336476596958765,1154.009482580911
3.6000000000000005,-0.0775,24051.00000000001,0.0278842737693776,0.0334065019911017,1129.1898577612865
3.6000000000000005,-0.075,24066.000000000007,0.0277606216311352,0.0331625240993614,1129.1898577612865
3.6000000000000005,-0.0725,24072.000000000007,0.027642764332343,0.0329216514761017,1129.1898577612865
3.6000000000000005,-0.07,24067.00000000001,0.0275250045747916,0.0326805313097052,1104.906204906205
3.6000000000000005,-0.0675,24042.00000000001,0.0274023994333239,0.0324371036143667,1104.906204906205
3.6000000000000005,-0.065,24040.00000000002,0.0272826076884846,0.0321988142481064,1080.6225520511234
3.6000000000000005,-0.0625,24035.00000000001,0.0270111724947209,0.0322781282515689,1092.7643784786642
3.6000000000000005,-0.06,24047.000000000007,0.0270651507778082,0.0317217179072639,1080.6225520511234
3.6000000000000005,-0.0575,24042.00000000001,0.0269484436180364,0.0314687176566778,1056.3388991960423
3.6000000000000005,-0.055,24045.000000000007,0.0267570846717648,0.0313803258938151,1055.6586270871985
3.6000000000000005,-0.0525,24033.00000000001,0.0267167191582151,0.0309919851926808,1052.504638218924
3.6000000000000005,-0.05,24037.00000000001,0.0266011245435757,0.0307511216763874,1029.87012987013
3.6000000000000005,-0.0475,24028.000000000007,0.0264984952458749,0.0305066771093725,1029.87012987013
3.6000000000000005,-0.045,24016.00000000001,0.026235991478516,0.0305708355726007,1018.5528756957328
3.6000000000000005,-0.0425,24006.000000000007,0.0262728396880332,0.0300392401748592,1007.2356215213358
3.6000000000000005,-0.04,24025.00000000001,0.0261630521968381,0.0298019931983246,1007.2356215213358
3.6000000000000005,-0.0375,24014.00000000001,0.0260462310868987,0.029561487576747,984.6011131725418
3.6000000000000005,-0.035,24011.000000000007,0.0258393010852081,0.0295388522849058,981.4471243042672
3.6000000000000005,-0.0325,24018.00000000001,0.0258667064964472,0.0290049025719071,970.542156256442
3.6000000000000005,-0.03,23996.000000000007,0.0255894073113859,0.0291146608645532,965.3267367553082
3.6000000000000005,-0.0275,24001.00000000001,0.0256118197985342,0.0286041900904657,954.8340548340548
3.6000000000000005,-0.025,23989.00000000001,0.025379000273048,0.0286391120968405,944.3413729128016
3.6000000000000005,-0.0225,23985.00000000001,0.0253986018236681,0.0281392391139938,933.8486909915482
3.6000000000000005,-0.02,23989.00000000001,0.0251616186340097,0.0281779134539577,923.3560090702948
3.6000000000000005,-0.0175,23988.00000000001,0.0251893617604467,0.0276599875894006,912.8633271490414
3.6000000000000005,-0.015,23977.00000000001,0.0250989147479256,0.0274185560325569,912.8633271490414
3.6000000000000005,-0.0124999999999999,23981.00000000001,0.0248619126356286,0.0274538076585972,907.235621521336
3.6000000000000005,-0.01,23982.00000000001,0.024521341244329,0.0277409845677612,907.235621521336
3.6000000000000005,-0.0075,23983.00000000001,0.0246761919512528,0.0269615971179042,889.4660894660896
3.6000000000000005,-0.005,23982.00000000001,0.0245765031613133,0.0267300499028781,870.1298701298701
3.6000000000000005,-0.0025,23993.00000000001,0.0245965055942172,0.0262477759597618,860.4617604617605
3.6000000000000005,0.0,24001.00000000001,0.0243898348298967,0.0262595705812737,850.7936507936508
3.6000000000000005,0.0025,23989.00000000001,0.0241834652997683,0.0262713301515877,860.4617604617605
3.6000000000000005,0.0049999999999999,23995.00000000001,0.0240940495950772,0.0260379610335309,841.1255411255411
3.6000000000000005,0.0074999999999999,23993.00000000001,0.0239636241519441,0.0258760560993572,842.2799422799422
3.6000000000000005,0.0099999999999999,23989.00000000001,0.0239667416176116,0.0254074371324265,814.5124716553288
3.6000000000000005,0.0124999999999999,23976.00000000001,0.0239825832316273,0.024936664775112,805.256648113791
3.6000000000000005,0.015,23954.00000000001,0.0238320471353081,0.0248290931472995,795.9183673469386
3.6000000000000005,0.0175,23952.00000000001,0.0235565666369756,0.0250498301184281,795.9183673469386
3.6000000000000005,0.0199999999999999,23959.00000000001,0.0236545184246444,0.0243632090985292,778.2312925170066
3.6000000000000005,0.0224999999999999,23949.00000000001,0.0233823408189655,0.0245769552791168,778.2312925170066
3.6000000000000005,0.0249999999999999,23948.000000000007,0.0234798110516445,0.0239114910829519,760.5442176870747
3.6000000000000005,0.0274999999999999,23937.00000000001,0.0233001867991437,0.0239034242819288,751.7006802721087
3.6000000000000005,0.03,23948.000000000007,0.023240216259292,0.0236226430315183,741.9501133786846
3.6000000000000005,0.0325,23943.00000000001,0.0232412920567083,0.0231836417787464,733.5188620902904
3.6000000000000005,0.035,23948.000000000007,0.0230812760000195,0.0231656090969733,725.0876108018963
3.6000000000000005,0.0375,23956.00000000001,0.0229997288328006,0.0229443590741034,708.225108225108
3.6000000000000005,0.04,23948.00000000001,0.0229892726056311,0.0225355115438744,705.6689342403628
3.6000000000000005,0.0425,23952.00000000001,0.0228247111705226,0.0225078848589018,697.6499690785405
3.6000000000000005,0.0449999999999999,23945.00000000001,0.0227517210142623,0.0222886822062287,681.6120387548958
3.6000000000000005,0.0474999999999999,23950.000000000007,0.0226694253747209,0.0220664288234522,681.6120387548958
3.6000000000000005,0.0499999999999999,23947.00000000001,0.0225936819636244,0.0218361689657219,665.5741084312513
3.6000000000000005,0.0524999999999999,23944.00000000001,0.0225718463212365,0.0214778448589591,661.7810760667904
3.6000000000000005,0.0549999999999999,23928.00000000001,0.0224977606540171,0.0212589593197273,646.5677179962895
3.6000000000000005,0.0574999999999999,23919.00000000001,0.0222867678613436,0.0213982105054698,646.5677179962895
3.6000000000000005,0.06,23918.000000000007,0.0222180049737706,0.0211806298976621,646.5677179962895
3.6000000000000005,0.0625,23932.00000000001,0.0222477865903329,0.0206974333434999,625.9121830550403
3.6000000000000005,0.065,23930.00000000001,0.0221767677114361,0.020481749079673,611.523397237683
3.6000000000000005,0.0675,23924.000000000007,0.0219864029552047,0.0206013500291251,611.523397237683
3.6000000000000005,0.07,23918.00000000001,0.022038383061998,0.0200440894914004,597.1346114203257
3.6000000000000005,0.0725,23902.000000000007,0.0218614479592395,0.0201305577774686,603.6075036075036
3.6000000000000005,0.075,23911.00000000001,0.021906173010412,0.0196073570855448,576.4790764790765
3.6000000000000005,0.0774999999999999,23908.00000000001,0.0217901241424121,0.019552093013668,569.6969696969697
3.6000000000000005,0.0799999999999999,23915.000000000007,0.0217182611715627,0.0193449814118652,556.1327561327562
3.6000000000000005,0.0824999999999999,23903.00000000001,0.0217083049617403,0.0189769672155853,549.3506493506494
3.6000000000000005,0.0849999999999999,23910.00000000001,0.021602225901571,0.0188971982380543,535.0649350649351
3.6000000000000005,0.0875,23906.000000000007,0.0214921827047411,0.0188332010791613,541.4347557204701
3.6000000000000005,0.09,23913.00000000001,0.021388020158764,0.0187717664579933,535.0649350649351
3.6000000000000005,0.0925,23907.00000000001,0.0214205366740572,0.0182808818873879,509.58565244279526
3.6000000000000005,0.095,23676.000000000007,0.0213176154255265,0.0182888339759162,518.3055040197897
3.6000000000000005,0.0975,23194.000000000007,0.0212100087839801,0.0180812332733016,506.3904349618636
3.6000000000000005,0.1,22835.00000000001,0.0210841472108877,0.0181293156077579,506.3904349618636
3.7,-0.1,22674.00000000001,0.0285446390458078,0.0357686034742173,1241.1873840445269
3.7,-0.0975,22659.00000000001,0.0280566479494087,0.0362676533186081,1241.1873840445269
3.7,-0.095,22673.000000000007,0.0281340956602899,0.03565054215063,1227.3964131106989
3.7,-0.0925,22672.00000000001,0.0280156788605397,0.0354100271512398,1231.8078746650174
3.7,-0.09,22677.000000000007,0.0279021366184792,0.0351659858633552,1205.8750773036486
3.7,-0.0875,22664.000000000007,0.0279628835538231,0.0345797695624388,1192.9086786229643
3.7,-0.085,22674.00000000001,0.0275163403249507,0.0350235581935088,1192.908678622964
3.7,-0.0825,22668.000000000007,0.0275724395118787,0.0344397332387185,1179.9422799422798
3.7,-0.08,22674.000000000007,0.027628262520354,0.0338463483702209,1166.9758812615955
3.7,-0.0775,22666.00000000001,0.0271739758786427,0.0342967143502161,1166.9758812615955
3.7,-0.075,22659.000000000007,0.0272300709289154,0.0337051326847701,1154.009482580911
3.7,-0.0725,22663.000000000007,0.0272903757736476,0.0331208719600955,1141.0430839002267
3.7,-0.07,22666.00000000001,0.0268498838157691,0.0335347908207727,1141.3316841888272
3.7,-0.0675,22663.000000000007,0.0269026905286037,0.0329717251754115,1129.1898577612865
3.7,-0.065,22662.00000000001,0.0266485006790215,0.0330512354240161,1117.0480313337457
3.7,-0.0625,22648.00000000001,0.0265427751894213,0.0328021312143161,1117.0480313337457
3.7,-0.06,22653.000000000007,0.0265886599901717,0.032249779594358,1104.906204906205
3.7,-0.0575,22642.00000000001,0.0263417387212952,0.0323224431456986,1092.7643784786642
3.7,-0.055,22647.00000000001,0.0263853982918692,0.0317649696798123,1080.6225520511234
3.7,-0.0525,22639.00000000001,0.0261302959030505,0.0318412941276425,1068.4807256235829
3.7,-0.05,22644.00000000001,0.0259653031985238,0.0317428341132649,1067.3881673881674
3.7,-0.0475,22650.000000000007,0.0260082713293983,0.0311820971169232,1055.6586270871985
3.7,-0.045,22654.00000000001,0.0258433893136654,0.0310911819444189,1041.1873840445269
3.7,-0.0425,22636.000000000007,0.0257434853735547,0.0308502857380064,1041.1873840445269
3.7,-0.04,22647.00000000001,0.0256444944035904,0.0306142571813614,1018.5528756957328
3.7,-0.0375,22648.00000000001,0.0255374454155321,0.0303757338594318,1018.5528756957328
3.7,-0.035,22632.000000000007,0.0254423291736849,0.030139447152179,1018.5528756957328
3.7,-0.0325,22633.00000000001,0.0253450870113881,0.0298981379843168,995.9183673469388
3.7,-0.03,22643.000000000007,0.0251669386626356,0.0298618325980135,992.3520923520924
3.7,-0.0275,22637.00000000001,0.0251934138928281,0.0293387063334495,981.4471243042672
3.7,-0.025,22627.000000000007,0.0249769733090777,0.0293828403948886,970.542156256442
3.7,-0.0225,22617.00000000001,0.0249736301376772,0.0289135185876573,965.3267367553082
3.7,-0.02,22627.00000000001,0.0248808030947926,0.0286779393948422,944.3413729128016
3.7,-0.0175,22626.00000000001,0.0247905414854933,0.0284424974752938,944.3413729128016
3.7,-0.015,22628.00000000001,0.0245810673356282,0.0284829746811451,933.8486909915482
3.7,-0.0124999999999999,22616.00000000001,0.0244832701831789,0.0282497133739654,933.8486909915482
3.7,-0.01,22614.00000000001,0.0245117379530508,0.027736860275466,923.3560090702948
3.7,-0.0075,22605.00000000001,0.024411856789317,0.0275025744431699,907.235621521336
3.7,-0.005,22608.00000000001,0.0242262058219789,0.0275212627048679,897.1552257266544
3.7,-0.0025,22625.00000000001,0.0242419379838362,0.0270196377990919,887.0748299319729
3.7,0.0,22620.00000000001,0.0240597519015975,0.0270109544797951,879.7979797979799
3.7,0.0025,22622.00000000001,0.0241803777592739,0.0262828679116414,860.4617604617605
3.7,0.0049999999999999,22616.00000000001,0.0238923423450204,0.0265395927559553,860.4617604617605
3.7,0.0074999999999999,22611.00000000001,0.0238071207593976,0.0263080412919736,860.4617604617605
3.7,0.0099999999999999,22630.00000000001,0.0237283482111695,0.0260767014895241,841.1255411255411
3.7,0.0124999999999999,22624.00000000001,0.0236440263283494,0.0258389280687302,841.1255411255411
3.7,0.015,22620.00000000001,0.0235358154760487,0.0256820267571699,823.7682951968667
3.7,0.0175,22610.00000000001,0.0235482014209016,0.0252186834297063,814.5124716553288
3.7,0.0199999999999999,22608.000000000007,0.0234656492879919,0.0249879930159188,814.5124716553288
3.7,0.0224999999999999,22603.00000000001,0.0234787314819878,0.0245213448845022,786.7450010307153
3.7,0.0249999999999999,22616.000000000007,0.0232655928631221,0.0246397489336999,787.0748299319725
3.7,0.0274999999999999,22618.00000000001,0.0231816300931482,0.0244039870197281,787.0748299319725
3.7,0.03,22617.000000000007,0.0230987621401761,0.0241797845764281,769.3877551020407
3.7,0.0325,22618.00000000001,0.0230240700590257,0.023948977383894,769.3877551020407
3.7,0.035,22612.000000000007,0.022898509362592,0.0238750187858106,750.3813646670787
3.7,0.0375,22608.00000000001,0.0229069073249765,0.0234390295792833,741.9501133786846
3.7,0.04,22611.00000000001,0.0227585496412842,0.0234214966012009,733.5188620902904
3.7,0.0425,22621.000000000007,0.0227616691516556,0.0229895579563497,725.0876108018963
3.7,0.0449999999999999,22619.00000000001,0.0226119212073566,0.0229710796046928,716.6563595135021
3.7,0.0474999999999999,22609.000000000007,0.0225412741130449,0.0227458435413073,705.6689342403628
3.7,0.0499999999999999,22611.00000000001,0.0225468186519921,0.0223259345704806,697.6499690785405
3.7,0.0524999999999999,22621.00000000001,0.0224076246332318,0.022295296806343,689.6310039167182
3.7,0.0549999999999999,22628.000000000007,0.0223433401460424,0.0220712534800269,673.5930735930735
3.7,0.0574999999999999,22623.00000000001,0.0221937613697086,0.0220696256044465,684.6011131725418
3.7,0.06,22624.000000000007,0.02218814340809,0.0216584657983621,661.7810760667903
3.7,0.0625,22613.00000000001,0.0221883577386746,0.0212567462926093,654.1743970315399
3.7,0.065,22613.00000000001,0.0220664129359409,0.0212187406258687,646.5677179962895
3.7,0.0675,22608.000000000007,0.0219998054783247,0.0209926913196922,631.3543599257885
3.7,0.07,22604.00000000001,0.0219359678733755,0.0207749614014118,631.3543599257885
3.7,0.0725,22614.000000000007,0.0219065950117902,0.0204634867454397,618.7177901463616
3.7,0.075,22608.000000000007,0.0218458051307761,0.0202415159991152,604.3290043290044
3.7,0.0774999999999999,22624.00000000001,0.0217352944111953,0.0201964151298159,597.1346114203257
3.7,0.0799999999999999,22613.000000000007,0.021683120953676,0.0199432642149999,590.0432900432901
3.7,0.0824999999999999,22608.000000000007,0.0216192277804586,0.0197307225765531,576.4790764790765
3.7,0.0849999999999999,22570.00000000001,0.0215846021457213,0.0195192570317148,576.4790764790765
3.7,0.0875,22164.000000000007,0.021465653506204,0.0192998628238908,562.914862914863
3.7,0.09,21776.000000000007,0.0212880076855844,0.019434731946916,562.914862914863
3.7,0.0925,21381.00000000001,0.021263301226872,0.018914433341143,535.7864357864358
3.7,0.095,21002.000000000007,0.0212042604767194,0.0185559631264015,529.0043290043291
3.7,0.0975,20584.000000000007,0.0210752827937991,0.0184390179637075,515.9554730983302
3.7,0.1,20215.00000000001,0.0208997564288268,0.0185952499460336,530.2205730777159
3.8000000000000007,-0.1,21282.00000000001,0.0279351653459144,0.0363907886341503,1268.769325912183
3.8000000000000007,-0.0975,21278.000000000007,0.0276581913094799,0.0365161088314112,1254.978354978355
3.8000000000000007,-0.095,21274.000000000007,0.0275488128690038,0.0362673699874809,1254.978354978355
3.8000000000000007,-0.0925,21291.00000000001,0.027617252543836,0.0356532442785469,1241.1873840445269
3.8000000000000007,-0.09,21292.000000000007,0.0273432612508905,0.0357709170849054,1227.3964131106989
3.8000000000000007,-0.0875,21299.000000000007,0.0273968365564578,0.0351933827313901,1217.4603174603174
3.8000000000000007,-0.085,21289.00000000001,0.027137624569861,0.0352849884326752,1205.8750773036486
3.8000000000000007,-0.0825,21296.000000000007,0.0270417003733969,0.0350363154284558,1205.8750773036486
3.8000000000000007,-0.08,21307.000000000007,0.0269363692645861,0.0347878174421212,1179.9422799422798
3.8000000000000007,-0.0775,21304.00000000001,0.0268358368506355,0.0345489134351381,1179.9422799422798
3.8000000000000007,-0.075,21286.000000000007,0.0267370440371483,0.0343088532076522,1179.9422799422798
3.8000000000000007,-0.0725,21279.000000000007,0.0266391607800687,0.0340615861182402,1154.009482580911
3.8000000000000007,-0.07,21277.00000000001,0.0265379901453858,0.033812132965847,1154.009482580911
3.8000000000000007,-0.0675,21274.000000000007,0.026433456561097,0.0335695768540278,1154.009482580911
3.8000000000000007,-0.065,21280.00000000001,0.0262989493324167,0.0334140690778132,1129.8701298701296
3.8000000000000007,-0.0625,21272.000000000007,0.026236796584337,0.0330855411685603,1129.1898577612865
3.8000000000000007,-0.06,21275.000000000007,0.0260027701402507,0.033161257936125,1141.3316841888272
3.8000000000000007,-0.0575,21268.00000000001,0.0260428767768189,0.0325917766000051,1104.906204906205
3.8000000000000007,-0.055,21285.000000000007,0.0259462195999312,0.0323523190807774,1104.906204906205
3.8000000000000007,-0.0525,21280.00000000001,0.0258487222525651,0.0321176270340751,1080.6225520511234
3.8000000000000007,-0.05,21277.00000000001,0.0257620004379461,0.0318748448147533,1080.6225520511234
3.8000000000000007,-0.0475,21276.000000000007,0.0256645450578848,0.0316344584091714,1080.6225520511234
3.8000000000000007,-0.045,21282.00000000001,0.0256438148206314,0.0312246710861575,1067.3881673881674
3.8000000000000007,-0.0425,21277.000000000007,0.0254194446265152,0.0312931333679235,1055.6586270871985
3.8000000000000007,-0.04,21284.00000000001,0.0253875415688465,0.030901867409849,1052.504638218924
3.8000000000000007,-0.0375,21262.000000000007,0.0250506399842627,0.031254205398809,1052.504638218924
3.8000000000000007,-0.035,21284.000000000007,0.0252002921480362,0.0304207856946841,1029.87012987013
3.8000000000000007,-0.0325,21274.00000000001,0.0249886027415112,0.0304728076949909,1018.5528756957328
3.8000000000000007,-0.03,21289.000000000007,0.0250198224049975,0.0299479635470893,1007.2356215213358
3.8000000000000007,-0.0275,21285.00000000001,0.0248084120746055,0.0300021736426803,995.9183673469388
3.8000000000000007,-0.025,21271.000000000007,0.0247246320016827,0.0297681261117436,995.9183673469388
3.8000000000000007,-0.0225,21279.00000000001,0.0246678848011143,0.0294422432686427,981.4471243042672
3.8000000000000007,-0.02,21282.000000000007,0.0244632480798827,0.0294890640403791,992.3520923520924
3.8000000000000007,-0.0175,21269.00000000001,0.0244683469796849,0.0290223058377015,965.3267367553082
3.8000000000000007,-0.015,21271.000000000007,0.0243831347647618,0.0287850128865831,944.3413729128016
3.8000000000000007,-0.0124999999999999,21260.00000000001,0.0241900882846979,0.0288204112579333,954.8340548340548
3.8000000000000007,-0.01,21270.00000000001,0.0242118319940759,0.0283259174520996,944.3413729128016
3.8000000000000007,-0.0075,21266.00000000001,0.0240295060669501,0.0283565113409703,933.8486909915482
3.8000000000000007,-0.005,21262.00000000001,0.0239463395654071,0.0281169296449377,933.8486909915482
3.8000000000000007,-0.0025,21269.00000000001,0.0238707559487584,0.0278665997900701,917.3160173160176
3.8000000000000007,0.0,21258.00000000001,0.0238870140705051,0.0273675197952677,907.235621521336
3.8000000000000007,0.0025,21259.00000000001,0.0238054881428945,0.0271361979795395,887.0748299319729
3.8000000000000007,0.0049999999999999,21259.00000000001,0.0237206131286979,0.0268911234591125,887.0748299319729
3.8000000000000007,0.0074999999999999,21272.00000000001,0.0235565993735936,0.0268834947182911,879.7979797979799
3.8000000000000007,0.0099999999999999,21272.00000000001,0.023479968371716,0.0266495245507743,860.4617604617605
3.8000000000000007,0.0124999999999999,21270.00000000001,0.0234851396845236,0.0261755735367304,850.7936507936508
3.8000000000000007,0.015,21291.000000000007,0.0233270764036968,0.0261828767403403,841.1255411255411
3.8000000000000007,0.0175,21290.00000000001,0.0233424144586257,0.0257048074147929,831.4574314574314
3.8000000000000007,0.0199999999999999,21278.000000000007,0.0232336151119332,0.0255572925421304,833.0241187384045
3.8000000000000007,0.0224999999999999,21278.00000000001,0.0231605699600533,0.0253273599878977,814.5124716553288
3.8000000000000007,0.0249999999999999,21288.000000000007,0.0230898540915063,0.0250984022578273,814.5124716553288
3.8000000000000007,0.0274999999999999,21281.00000000001,0.023015329941653,0.0248569655925983,796.0008245722532
3.8000000000000007,0.03,21278.000000000007,0.0229443304124816,0.0246271266155057,796.0008245722532
3.8000000000000007,0.0325,21287.00000000001,0.0229087367096908,0.0242928664195494,778.2312925170066
3.8000000000000007,0.035,21293.000000000007,0.0227638417913974,0.0242805093414885,769.3877551020407
3.8000000000000007,0.0375,21279.000000000007,0.0227677004868979,0.0238315803663166,760.5442176870747
3.8000000000000007,0.04,21270.00000000001,0.022629760138111,0.0238227730521592,751.7006802721087
3.8000000000000007,0.0425,21275.000000000007,0.0225807751376841,0.0235398918141496,741.9501133786846
3.8000000000000007,0.0449999999999999,21257.00000000001,0.0224330638828249,0.0235227779882763,733.5188620902904
3.8000000000000007,0.0474999999999999,21259.000000000007,0.022434158483649,0.0230863422362722,725.0876108018963
3.8000000000000007,0.0499999999999999,21253.000000000007,0.022373734107649,0.0228676501501988,708.225108225108
3.8000000000000007,0.0524999999999999,21247.00000000001,0.022239852120852,0.0228527774063297,705.6689342403628
3.8000000000000007,0.0549999999999999,21256.000000000007,0.0222425482752703,0.0224309712820103,697.6499690785405
3.8000000000000007,0.0574999999999999,21253.00000000001,0.0221762407917115,0.0222047651058977,681.6120387548958
3.8000000000000007,0.06,21267.000000000007,0.0221196332092154,0.0219842071544917,681.6120387548958
3.8000000000000007,0.0625,21264.000000000007,0.0220398551039555,0.0218097606588564,669.387755102041
3.8000000000000007,0.065,21268.00000000001,0.0219838188630903,0.0215906525655985,654.1743970315399
3.8000000000000007,0.0675,21259.000000000007,0.0219274443179478,0.0213623319597746,654.1743970315399
3.8000000000000007,0.07,21269.00000000001,0.0218648267169714,0.0211406718861501,638.9610389610391
3.8000000000000007,0.0725,21273.000000000007,0.021810664255341,0.0209217665466754,638.9610389610391
3.8000000000000007,0.075,21282.000000000007,0.0217540566980451,0.0207033947215853,623.747680890538
3.8000000000000007,0.0774999999999999,21128.00000000001,0.0215611527864631,0.0210181825434886,631.3543599257886
3.8000000000000007,0.0799999999999999,20749.000000000007,0.0214063195074892,0.0210024586172595,633.1065759637188
3.8000000000000007,0.0824999999999999,20344.000000000007,0.0214689922517711,0.0201220365491205,604.3290043290044
3.8000000000000007,0.0849999999999999,19924.00000000001,0.0213167985152712,0.0200391198145669,590.0432900432901
3.8000000000000007,0.0875,19520.000000000007,0.0211381728908861,0.0201196650643596,590.0432900432901
3.8000000000000007,0.09,19163.000000000007,0.0210049985016373,0.0200462183244653,583.2611832611833
3.8000000000000007,0.0925,18768.00000000001,0.0209254478887652,0.0196745571425849,576.4790764790765
3.8000000000000007,0.095,18457.000000000007,0.0207699528906806,0.0197747815688523,576.4790764790765
3.8000000000000007,0.0975,18068.000000000007,0.0206876251417312,0.0194327587459773,556.1327561327562
3.8000000000000007,0.1,17690.00000000001,0.0206279422090012,0.0191964145727474,556.1327561327562
3.9,-0.1,19929.00000000001,0.0269803777264503,0.0377194789044152,1296.351267779839
3.9,-0.0975,19928.000000000007,0.0268925755796979,0.0374731878184427,1296.351267779839
3.9,-0.095,19928.000000000007,0.0268031522226658,0.037222872081293,1296.351267779839
3.9,-0.0925,19931.00000000001,0.0267021696695027,0.0369730569109151,1268.769325912183
3.9,-0.09,19924.000000000007,0.026603381575531,0.0367320716870258,1268.769325912183
3.9,-0.0875,19930.000000000007,0.0265135199111149,0.0364951177252796,1268.769325912183
3.9,-0.085,19943.00000000001,0.0265713670283565,0.0358749153747987,1227.3964131106989
3.9,-0.0825,19933.000000000007,0.0263210217292391,0.0360063432009196,1241.1873840445269
3.9,-0.08,19938.000000000007,0.0262299809104318,0.0357697098533097,1244.21768707483
3.9,-0.0775,19941.00000000001,0.0261459985761064,0.0355071265659912,1218.841475984333
3.9,-0.075,19938.000000000007,0.0260530570587002,0.0352599833239171,1218.841475984333
3.9,-0.0725,19932.000000000007,0.0258253216949426,0.0353649795510107,1205.8750773036486
3.9,-0.07,19949.00000000001,0.0258778712281245,0.0347831273247166,1192.908678622964
3.9,-0.0675,19953.000000000007,0.0257921055154883,0.034539700615959,1192.908678622964
3.9,-0.065,19963.00000000001,0.0255642060060153,0.0346344120647629,1179.94227994228
3.9,-0.0625,19966.000000000007,0.0256124053995797,0.0340452888618923,1166.9758812615955
3.9,-0.06,19976.000000000007,0.0256273047736579,0.0335359666626838,1129.8701298701296
3.9,-0.0575,19958.00000000001,0.0254071377126942,0.0336219775530872,1142.4242424242425
3.9,-0.055,19975.000000000007,0.0253581840637543,0.033295884656852,1141.3316841888272
3.9,-0.0525,19974.00000000001,0.0251482698879462,0.0333676097678171,1129.1898577612865
3.9,-0.05,19977.00000000001,0.0253128890676732,0.0324854884582443,1104.906204906205
3.9,-0.0475,19979.000000000007,0.0251054575680373,0.0325608606488453,1117.0480313337457
3.9,-0.045,19973.00000000001,0.0248978329159726,0.0326359948755223,1104.906204906205
3.9,-0.0425,19971.000000000007,0.0250585021092017,0.0317588079268943,1080.6225520511234
3.9,-0.04,19964.00000000001,0.0247319525368417,0.0321527605294684,1080.6225520511236
3.9,-0.0375,19960.000000000007,0.0248369743379691,0.0314124802227848,1055.6586270871985
3.9,-0.035,19967.000000000007,0.0246407392967285,0.0314746140512972,1067.3881673881674
3.9,-0.0325,19971.00000000001,0.0244461796463286,0.0315447634844631,1055.658627087199
3.9,-0.03,19974.000000000007,0.0244294766992844,0.0311283907856118,1052.504638218924
3.9,-0.0275,19966.00000000001,0.0244575944397762,0.0305861364909615,1018.5528756957328
3.9,-0.025,19971.000000000007,0.0242661578570252,0.030643227972045,1029.87012987013
3.9,-0.0225,19972.00000000001,0.0244109346118874,0.0298245579005233,1007.2356215213358
3.9,-0.02,19961.000000000007,0.0241111047226668,0.0301756799683569,1007.2356215213358
3.9,-0.0175,19980.00000000001,0.0241710152523514,0.0295560187229943,981.4471243042672
3.9,-0.015,19971.000000000007,0.0239847947892575,0.0296011664010236,992.3520923520924
3.9,-0.0124999999999999,19981.00000000001,0.0239009384636637,0.0293578318294324,970.542156256442
3.9,-0.01,19958.000000000007,0.0239289671440982,0.0288366152534004,959.6371882086167
3.9,-0.0075,19958.00000000001,0.0237356286231129,0.0289304370056096,954.8340548340548
3.9,-0.005,19961.00000000001,0.0237605853051154,0.0284246271086456,944.3413729128016
3.9,-0.0025,19956.00000000001,0.0236745912551334,0.0281874896051414,923.3560090702948
3.9,0.0,19964.000000000007,0.0236000028678526,0.0279401453847756,923.3560090702948
3.9,0.0025,19975.00000000001,0.0234320777872646,0.0279709356720698,912.8633271490417
3.9,0.0049999999999999,19957.000000000007,0.0234503390843172,0.0274641958773188,907.235621521336
3.9,0.0074999999999999,19946.00000000001,0.0232044857108342,0.0277454804419278,907.235621521336
3.9,0.0099999999999999,19944.00000000001,0.0233104616646268,0.0269942021817439,887.0748299319729
3.9,0.0124999999999999,19943.00000000001,0.0230641866993409,0.0272751793561339,887.0748299319729
3.9,0.015,19935.000000000007,0.0231733092451979,0.0265202908924286,866.9140383426098
3.9,0.0175,19927.00000000001,0.0229519428545489,0.0267545111294607,870.1298701298703
3.9,0.0199999999999999,19931.000000000007,0.0230409244023804,0.0260290468101248,850.7936507936508
3.9,0.0224999999999999,19940.00000000001,0.0228162994966345,0.0262847653470883,850.7936507936507
3.9,0.0249999999999999,19939.000000000007,0.0228040983991063,0.0258794388122195,823.7682951968667
3.9,0.0274999999999999,19952.00000000001,0.0226572662176369,0.0258868484541093,833.0241187384045
3.9,0.03,19943.000000000007,0.0227422997804079,0.0251863331368702,814.5124716553288
3.9,0.0325,19948.00000000001,0.0226711176755412,0.0249519447168195,796.0008245722532
3.9,0.035,19955.000000000007,0.0226030309693834,0.0247200029004537,796.0008245722532
3.9,0.0375,19959.000000000007,0.022394969671965,0.0249531967538534,796.0008245722531
3.9,0.04,19951.00000000001,0.0223101592648494,0.0248096597012385,787.0748299319727
3.9,0.0425,19957.000000000007,0.02238349981533,0.0241380592866862,769.3877551020407
3.9,0.0449999999999999,19955.00000000001,0.022324172461038,0.0239086766287867,751.7006802721087
3.9,0.0474999999999999,19964.000000000007,0.0221549443895758,0.0240429481735099,758.8126159554729
3.9,0.0499999999999999,19951.00000000001,0.0220977139113303,0.0238150541299227,758.8126159554729
3.9,0.0524999999999999,19966.00000000001,0.0220422418495275,0.0235909457579044,741.9501133786846
3.9,0.0549999999999999,19960.000000000007,0.0219792619970417,0.0233689708658927,741.9501133786846
3.9,0.0574999999999999,19959.00000000001,0.0219252470721639,0.0231379348333186,725.0876108018963
3.9,0.06,19963.000000000007,0.0219307430491462,0.0227055871539391,699.7938569367138
3.9,0.0625,19965.000000000007,0.0219336029585345,0.0222885764553118,697.6499690785405
3.9,0.065,19967.00000000001,0.0217663636716469,0.0224494026024117,697.6499690785405
3.9,0.0675,19969.000000000007,0.0216500035020543,0.0224379377054358,692.2077922077923
3.9,0.07,19672.00000000001,0.0216227322467106,0.0222105676867603,676.9944341372914
3.9,0.0725,19305.000000000007,0.0215624080850084,0.0217640276334034,669.3877551020408
3.9,0.075,18923.000000000007,0.0214518031914801,0.0213388672994741,646.5677179962895
3.9,0.0774999999999999,18548.00000000001,0.0213058650819598,0.0213007806054876,654.1743970315399
3.9,0.0799999999999999,18191.000000000007,0.0211396008679604,0.0212915860326278,646.5677179962895
3.9,0.0824999999999999,17792.000000000007,0.0211543479681448,0.0205131433753221,623.747680890538
3.9,0.0849999999999999,17432.000000000007,0.0208728025477067,0.0211669850999928,631.3543599257885
3.9,0.0875,16992.000000000007,0.0208895403827321,0.0203130548524658,597.1346114203257
3.9,0.09,16607.000000000007,0.0206625229637009,0.0208596144575916,610.3896103896104
3.9,0.0925,16221.000000000013,0.0207192501879913,0.0199803081987436,583.2611832611833
3.9,0.095,15813.000000000004,0.0206230191677532,0.0199689984282112,590.0432900432901
3.9,0.0975,15454.000000000007,0.0204313855818874,0.0205096166704376,610.3896103896104
3.9,0.1,15079.000000000013,0.0204888786388777,0.0193672329013971,569.6969696969697
4.0,-0.1,18690.00000000001,0.0265657740037294,0.0378777423320437,1330.01443001443
4.0,-0.0975,18686.000000000007,0.0263283075473451,0.0380176489853274,1315.3988868274582
4.0,-0.095,18692.000000000007,0.0265300842744179,0.0370176652767319,1296.351267779839
4.0,-0.0925,18691.00000000001,0.0261584010533229,0.0375029947002182,1296.351267779839
4.0,-0.09,18689.00000000001,0.0260763278936525,0.0372552289210403,1296.351267779839
4.0,-0.0875,18691.000000000007,0.0261325647174693,0.036639860518158,1254.978354978355
4.0,-0.085,18689.00000000001,0.0259090876166461,0.036755255506841,1268.769325912183
4.0,-0.0825,18685.000000000007,0.0258231727076368,0.0365166397877265,1268.769325912183
4.0,-0.08,18690.000000000007,0.0258788038068627,0.0359063601851738,1227.3964131106989
4.0,-0.0775,18682.00000000001,0.025658693464,0.0360203104730794,1241.1873840445269
4.0,-0.075,18691.000000000007,0.0258389509841005,0.0350732874335575,1217.4603174603174
4.0,-0.0725,18684.000000000007,0.025628798362248,0.0351680496668743,1205.8750773036486
4.0,-0.07,18675.00000000001,0.025420777773005,0.0352664901320102,1218.841475984333
4.0,-0.0675,18676.000000000007,0.0253303014943261,0.0350135727483437,1218.841475984333
4.0,-0.065,18689.00000000001,0.0253861177063927,0.0344305617353334,1179.9422799422798
4.0,-0.0625,18687.000000000007,0.0251714035141529,0.0345304267934049,1192.908678622964
4.0,-0.06,18693.000000000007,0.0252186868309438,0.033946776669321,1154.009482580911
4.0,-0.0575,18694.00000000001,0.0251395368858454,0.0337013271682262,1154.009482580911
4.0,-0.055,18681.000000000007,0.0249359600107178,0.0338044964431529,1166.9758812615955
4.0,-0.0525,18688.00000000001,0.0249438143416061,0.0333069438320696,1129.8701298701296
4.0,-0.05,18696.000000000007,0.0248669980008658,0.0330646492970652,1129.8701298701296
4.0,-0.0475,18703.000000000007,0.0245888691013165,0.0333771908647248,1129.1898577612865
4.0,-0.045,18702.00000000001,0.0247403246408421,0.0324940463567586,1104.906204906205
4.0,-0.0425,18700.000000000007,0.0246629549521157,0.032253818299209,1104.906204906205
4.0,-0.04,18695.00000000001,0.024361753370255,0.0326456268172857,1104.906204906205
4.0,-0.0375,18697.000000000007,0.0245075833774673,0.0317736259471109,1080.6225520511234
4.0,-0.035,18683.000000000007,0.0242083679695544,0.0321612411660048,1080.6225520511236
4.0,-0.0325,18685.000000000007,0.0242957442759097,0.0314329505495286,1055.6586270871985
4.0,-0.03,18690.000000000007,0.0242253069863594,0.0311911397344799,1055.6586270871985
4.0,-0.0275,18682.00000000001,0.0239358065632018,0.031569880535762,1055.658627087199
4.0,-0.025,18684.000000000007,0.0239218306153899,0.0311557765795844,1052.504638218924
4.0,-0.0225,18679.00000000001,0.0239464103789312,0.0306167485825032,1018.5528756957328
4.0,-0.02,18681.000000000007,0.0237729550866806,0.0306692113531703,1029.87012987013
4.0,-0.0175,18670.00000000001,0.023703508032215,0.0304245741670627,1029.87012987013
4.0,-0.015,18669.000000000007,0.0236372332912912,0.0301942844050253,1007.2356215213358
4.0,-0.0124999999999999,18672.00000000001,0.0235685494406122,0.0299511079609133,1007.2356215213358
4.0,-0.01,18680.000000000007,0.0236138001267846,0.0293338087704511,981.4471243042672
4.0,-0.0075,18684.00000000001,0.023449237249226,0.0293780443690515,970.542156256442
4.0,-0.005,18673.000000000007,0.0234698337070783,0.0288516024968853,959.6371882086167
4.0,-0.0025,18680.00000000001,0.0232961039845124,0.0289442579870366,954.8340548340548
4.0,0.0,18673.000000000007,0.0233112734116722,0.028438511007741,944.3413729128016
4.0,0.0025,18662.00000000001,0.0232514184307673,0.028207221050868,944.3413729128016
4.0,0.0049999999999999,18654.000000000007,0.0230963114920992,0.0282368303012822,933.8486909915482
4.0,0.0074999999999999,18670.00000000001,0.0230356675681537,0.0279989534852542,933.8486909915482
4.0,0.0099999999999999,18675.000000000007,0.0230426956778098,0.0274910157096241,907.235621521336
4.0,0.0124999999999999,18662.00000000001,0.0228267984070941,0.0277630580574072,907.235621521336
4.0,0.015,18647.000000000007,0.0229157600064068,0.0270142279845864,887.0748299319729
4.0,0.0175,18656.00000000001,0.0227746727790242,0.0270395398912702,897.1552257266544
4.0,0.0199999999999999,18661.000000000007,0.0226311772151287,0.027066716662015,887.0748299319729
4.0,0.0224999999999999,18657.00000000001,0.0226581666946082,0.0265357768444132,860.4617604617605
4.0,0.0249999999999999,18651.000000000007,0.0225219964564994,0.0265434227772232,870.1298701298703
4.0,0.0274999999999999,18657.00000000001,0.0225348694698265,0.0260685156622284,841.1255411255411
4.0,0.03,18658.000000000007,0.0225435730213999,0.025594532443897,831.4574314574314
4.0,0.0325,18649.000000000007,0.0223286775584238,0.0259093980506176,833.0241187384045
4.0,0.035,18647.000000000007,0.0224069296395191,0.0252144341915418,814.5124716553288
4.0,0.0375,18646.000000000007,0.0222838030846082,0.0252143642375562,805.256648113791
4.0,0.04,18640.00000000001,0.0222923521825618,0.0247462483698536,796.0008245722532
4.0,0.0425,18664.000000000007,0.0221696150742423,0.0247471424117659,786.7450010307153
4.0,0.0449999999999999,18666.00000000001,0.0220845707565897,0.0246253145144277,795.9183673469386
4.0,0.0474999999999999,18664.000000000007,0.0220919349980099,0.0241742387322121,769.3877551020407
4.0,0.0499999999999999,18654.000000000007,0.0220975406349518,0.0237273191519039,760.5442176870747
4.0,0.0524999999999999,18664.00000000001,0.0219835278776953,0.0236691261993029,758.8126159554729
4.0,0.0549999999999999,18659.000000000007,0.0219364907944019,0.0234373236800357,741.9501133786846
4.0,0.0574999999999999,18665.00000000001,0.0218302758596333,0.0234189268318862,733.5188620902904
4.0,0.06,18622.000000000007,0.021853602570147,0.0229795360261762,725.0876108018963
4.0,0.0625,18355.000000000007,0.0215544504299885,0.0235933869079687,741.9501133786846
4.0,0.065,17957.000000000015,0.0215780500360606,0.022748276401312,699.7938569367138
4.0,0.0675,17577.000000000007,0.0213269986880432,0.0231106840734539,725.0876108018963
4.0,0.07,17146.000000000007,0.0213086122154574,0.0222791310409129,689.6310039167182
4.0,0.0725,16738.000000000007,0.0212051029703375,0.0220581645684686,673.5930735930735
4.0,0.075,16353.000000000007,0.0210723654073338,0.022021389060874,669.3877551020408
4.0,0.0774999999999999,15966.000000000013,0.0209838629377399,0.0218492405638956,669.3877551020408
4.0,0.0799999999999999,15558.000000000004,0.020906450477488,0.0215869510926184,654.1743970315399
4.0,0.0824999999999999,15190.000000000007,0.0207951837684082,0.021361367647771,654.1743970315399
4.0,0.0849999999999999,14837.00000000001,0.0205734584989968,0.0220634255736975,676.9944341372914
4.0,0.0875,14443.000000000004,0.0205598498495608,0.0217998301138109,661.7810760667904
4.0,0.09,14037.000000000007,0.0205715364745086,0.021240477260753,646.5677179962895
4.0,0.0925,13637.00000000001,0.0203504908092643,0.0219059879816228,669.3877551020408
4.0,0.095,13231.000000000004,0.0203172031223967,0.0214914224735156,661.8841475984334
4.0,0.0975,12826.000000000007,0.0203705231518858,0.0207334069329027,625.9121830550403
4.0,0.1,12457.000000000007,0.0203266692221644,0.0206961960876434,618.7177901463615
